<?xml version='1.0' encoding='UTF-8' standalone='no'?>
<doxygen xmlns:xsi="http://www.w3.org/2001/XMLSchema-instance" xsi:noNamespaceSchemaLocation="compound.xsd" version="1.15.0" xml:lang="en-US">
  <compounddef id="_app_8java" kind="file" language="Java">
    <compoundname>App.java</compoundname>
    <includes local="no">javafx.application.Application</includes>
    <includes local="no">javafx.fxml.FXMLLoader</includes>
    <includes local="no">javafx.scene.Parent</includes>
    <includes local="no">javafx.scene.Scene</includes>
    <includes local="no">javafx.stage.Stage</includes>
    <includes local="no">java.io.IOException</includes>
    <incdepgraph>
      <node id="1">
        <label>C:/Users/elena/Documents/NetBeansProjects/BibliotecaInDS/src/main/java/com/mycompany/bibliotecainds/App.java</label>
        <link refid="_app_8java"/>
        <childnode refid="2" relation="include">
        </childnode>
        <childnode refid="3" relation="include">
        </childnode>
        <childnode refid="4" relation="include">
        </childnode>
        <childnode refid="5" relation="include">
        </childnode>
        <childnode refid="6" relation="include">
        </childnode>
        <childnode refid="7" relation="include">
        </childnode>
      </node>
      <node id="7">
        <label>java.io.IOException</label>
      </node>
      <node id="2">
        <label>javafx.application.Application</label>
      </node>
      <node id="3">
        <label>javafx.fxml.FXMLLoader</label>
      </node>
      <node id="4">
        <label>javafx.scene.Parent</label>
      </node>
      <node id="5">
        <label>javafx.scene.Scene</label>
      </node>
      <node id="6">
        <label>javafx.stage.Stage</label>
      </node>
    </incdepgraph>
    <innerclass refid="classcom_1_1mycompany_1_1bibliotecainds_1_1_app" prot="public">com::mycompany::bibliotecainds::App</innerclass>
    <innernamespace refid="namespacecom_1_1mycompany_1_1bibliotecainds">com::mycompany::bibliotecainds</innernamespace>
    <innernamespace refid="namespacejava_1_1lang">java::lang</innernamespace>
    <briefdescription>
<para>Classe principale che avvia l&apos;applicazione JavaFX. </para>
    </briefdescription>
    <detaileddescription>
<para>Questa classe è il punto di ingresso del programma Si occupa di caricare la prima interfaccia grafica (FXML) e mostrare la finestra </para>
    </detaileddescription>
    <programlisting>
<codeline lineno="1"><highlight class="normal"></highlight></codeline>
<codeline lineno="8" refid="namespacecom_1_1mycompany_1_1bibliotecainds" refkind="compound"><highlight class="normal"></highlight><highlight class="keyword">package<sp/></highlight><highlight class="normal">com.mycompany.bibliotecainds;</highlight></codeline>
<codeline lineno="9"><highlight class="normal"></highlight></codeline>
<codeline lineno="10"><highlight class="normal"></highlight><highlight class="keyword">import</highlight><highlight class="normal"><sp/>javafx.application.Application;</highlight></codeline>
<codeline lineno="11"><highlight class="normal"></highlight><highlight class="keyword">import</highlight><highlight class="normal"><sp/>javafx.fxml.FXMLLoader;</highlight></codeline>
<codeline lineno="12"><highlight class="normal"></highlight><highlight class="keyword">import</highlight><highlight class="normal"><sp/>javafx.scene.Parent;</highlight></codeline>
<codeline lineno="13"><highlight class="normal"></highlight><highlight class="keyword">import</highlight><highlight class="normal"><sp/>javafx.scene.Scene;</highlight></codeline>
<codeline lineno="14"><highlight class="normal"></highlight><highlight class="keyword">import</highlight><highlight class="normal"><sp/>javafx.stage.Stage;</highlight></codeline>
<codeline lineno="15"><highlight class="normal"></highlight></codeline>
<codeline lineno="16"><highlight class="normal"></highlight><highlight class="keyword">import</highlight><highlight class="normal"><sp/>java.io.IOException;</highlight></codeline>
<codeline lineno="17"><highlight class="normal"></highlight></codeline>
<codeline lineno="24" refid="classcom_1_1mycompany_1_1bibliotecainds_1_1_app" refkind="compound"><highlight class="normal"></highlight><highlight class="keyword">public</highlight><highlight class="normal"><sp/></highlight><highlight class="keyword">class<sp/></highlight><highlight class="normal"><ref refid="classcom_1_1mycompany_1_1bibliotecainds_1_1_app" kindref="compound">App</ref><sp/></highlight><highlight class="keyword">extends</highlight><highlight class="normal"><sp/>Application<sp/>{</highlight></codeline>
<codeline lineno="25"><highlight class="normal"></highlight></codeline>
<codeline lineno="26"><highlight class="normal"><sp/><sp/><sp/><sp/></highlight><highlight class="keyword">private</highlight><highlight class="normal"><sp/></highlight><highlight class="keyword">static</highlight><highlight class="normal"><sp/>Scene<sp/>scene;</highlight></codeline>
<codeline lineno="35"><highlight class="normal"><sp/><sp/><sp/><sp/>@Override</highlight></codeline>
<codeline lineno="36"><highlight class="normal"><sp/><sp/><sp/><sp/></highlight><highlight class="keyword">public</highlight><highlight class="normal"><sp/></highlight><highlight class="keywordtype">void</highlight><highlight class="normal"><sp/><ref refid="classcom_1_1mycompany_1_1bibliotecainds_1_1_app_1a00fa4013bfb9ab8600b535b84be0718a" kindref="member">start</ref>(Stage<sp/>stage)<sp/></highlight><highlight class="keywordflow">throws</highlight><highlight class="normal"><sp/>IOException<sp/>{</highlight></codeline>
<codeline lineno="37"><highlight class="normal"><sp/><sp/><sp/><sp/><sp/><sp/><sp/><sp/>scene<sp/>=<sp/></highlight><highlight class="keyword">new</highlight><highlight class="normal"><sp/>Scene(loadFXML(</highlight><highlight class="stringliteral">&quot;primary&quot;</highlight><highlight class="normal">),<sp/>640,<sp/>480);</highlight></codeline>
<codeline lineno="38"><highlight class="normal"><sp/><sp/><sp/><sp/><sp/><sp/><sp/><sp/>stage.setScene(scene);</highlight></codeline>
<codeline lineno="39"><highlight class="normal"><sp/><sp/><sp/><sp/><sp/><sp/><sp/><sp/>stage.show();</highlight></codeline>
<codeline lineno="40"><highlight class="normal"><sp/><sp/><sp/><sp/>}</highlight></codeline>
<codeline lineno="47"><highlight class="normal"><sp/><sp/><sp/><sp/></highlight><highlight class="keyword">public</highlight><highlight class="normal"><sp/></highlight><highlight class="keyword">static</highlight><highlight class="normal"><sp/></highlight><highlight class="keywordtype">void</highlight><highlight class="normal"><sp/><ref refid="classcom_1_1mycompany_1_1bibliotecainds_1_1_app_1a5984302de55d4df09b9bef4a51383cac" kindref="member">setRoot</ref>(String<sp/>fxml)<sp/></highlight><highlight class="keywordflow">throws</highlight><highlight class="normal"><sp/>IOException<sp/>{</highlight></codeline>
<codeline lineno="48"><highlight class="normal"><sp/><sp/><sp/><sp/><sp/><sp/><sp/><sp/>scene.setRoot(loadFXML(fxml));</highlight></codeline>
<codeline lineno="49"><highlight class="normal"><sp/><sp/><sp/><sp/>}</highlight></codeline>
<codeline lineno="57"><highlight class="normal"><sp/><sp/><sp/><sp/></highlight><highlight class="keyword">private</highlight><highlight class="normal"><sp/></highlight><highlight class="keyword">static</highlight><highlight class="normal"><sp/>Parent<sp/>loadFXML(String<sp/>fxml)<sp/></highlight><highlight class="keywordflow">throws</highlight><highlight class="normal"><sp/>IOException<sp/>{</highlight></codeline>
<codeline lineno="58"><highlight class="normal"><sp/><sp/><sp/><sp/><sp/><sp/><sp/><sp/>FXMLLoader<sp/>fxmlLoader<sp/>=<sp/></highlight><highlight class="keyword">new</highlight><highlight class="normal"><sp/>FXMLLoader(<ref refid="classcom_1_1mycompany_1_1bibliotecainds_1_1_app" kindref="compound">App</ref>.class.getResource(fxml<sp/>+<sp/></highlight><highlight class="stringliteral">&quot;.fxml&quot;</highlight><highlight class="normal">));</highlight></codeline>
<codeline lineno="59"><highlight class="normal"><sp/><sp/><sp/><sp/><sp/><sp/><sp/><sp/></highlight><highlight class="keywordflow">return</highlight><highlight class="normal"><sp/>fxmlLoader.load();</highlight></codeline>
<codeline lineno="60"><highlight class="normal"><sp/><sp/><sp/><sp/>}</highlight></codeline>
<codeline lineno="66"><highlight class="normal"><sp/><sp/><sp/><sp/></highlight><highlight class="keyword">public</highlight><highlight class="normal"><sp/></highlight><highlight class="keyword">static</highlight><highlight class="normal"><sp/></highlight><highlight class="keywordtype">void</highlight><highlight class="normal"><sp/><ref refid="classcom_1_1mycompany_1_1bibliotecainds_1_1_app_1a4c5544b255925eb82114fe161d54d588" kindref="member">main</ref>(String[]<sp/>args)<sp/>{</highlight></codeline>
<codeline lineno="67"><highlight class="normal"><sp/><sp/><sp/><sp/><sp/><sp/><sp/><sp/>launch();</highlight></codeline>
<codeline lineno="68"><highlight class="normal"><sp/><sp/><sp/><sp/>}</highlight></codeline>
<codeline lineno="69"><highlight class="normal"></highlight></codeline>
<codeline lineno="70"><highlight class="normal">}</highlight></codeline>
    </programlisting>
    <location file="C:/Users/elena/Documents/NetBeansProjects/BibliotecaInDS/src/main/java/com/mycompany/bibliotecainds/App.java"/>
  </compounddef>
</doxygen>
