<?xml version='1.0' encoding='UTF-8' standalone='no'?>
<doxygen xmlns:xsi="http://www.w3.org/2001/XMLSchema-instance" xsi:noNamespaceSchemaLocation="compound.xsd" version="1.15.0" xml:lang="en-US">
  <compounddef id="_catalogo_service_impl_8java" kind="file" language="Java">
    <compoundname>CatalogoServiceImpl.java</compoundname>
    <includes local="no">com.mycompany.bibliotecainds.data.Archivio</includes>
    <includes local="no">com.mycompany.bibliotecainds.model.Libro</includes>
    <includes local="no">java.util.List</includes>
    <includes local="no">java.util.stream.Collectors</includes>
    <incdepgraph>
      <node id="1">
        <label>C:/Users/elena/Documents/NetBeansProjects/BibliotecaInDS/src/main/java/com/mycompany/bibliotecainds/service/CatalogoServiceImpl.java</label>
        <link refid="_catalogo_service_impl_8java"/>
        <childnode refid="2" relation="include">
        </childnode>
        <childnode refid="3" relation="include">
        </childnode>
        <childnode refid="4" relation="include">
        </childnode>
        <childnode refid="5" relation="include">
        </childnode>
      </node>
      <node id="2">
        <label>com.mycompany.bibliotecainds.data.Archivio</label>
      </node>
      <node id="3">
        <label>com.mycompany.bibliotecainds.model.Libro</label>
      </node>
      <node id="4">
        <label>java.util.List</label>
      </node>
      <node id="5">
        <label>java.util.stream.Collectors</label>
      </node>
    </incdepgraph>
    <innerclass refid="classcom_1_1mycompany_1_1bibliotecainds_1_1service_1_1_catalogo_service_impl" prot="public">com::mycompany::bibliotecainds::service::CatalogoServiceImpl</innerclass>
    <innernamespace refid="namespacecom_1_1mycompany_1_1bibliotecainds_1_1service">com::mycompany::bibliotecainds::service</innernamespace>
    <briefdescription>
<para>Implementazione del servizio per la gestione del catalogo libri. </para>
    </briefdescription>
    <detaileddescription>
<para>Questa classe implementa l&apos;interfaccia CatalogoService e fornisce le funzionalità per:<itemizedlist>
<listitem><para>Aggiungere un libro</para>
</listitem><listitem><para>Rimuovere un libro</para>
</listitem><listitem><para>Cercare un libro nel catalogo</para>
</listitem><listitem><para>Ottenere l&apos;intero catalogo</para>
</listitem></itemizedlist>
</para>
<para>I dati vengono gestiti dalla classe Archivio, che funge da contenitore centrale (pattern Singleton).</para>
<para><simplesect kind="author"><para>Giuseppe, Sara, Vincenzo, Elena </para>
</simplesect>
<simplesect kind="date"><para>7 dicembre 2025 </para>
</simplesect>
</para>
    </detaileddescription>
    <programlisting>
<codeline lineno="1"><highlight class="normal"></highlight></codeline>
<codeline lineno="18"><highlight class="normal"></highlight><highlight class="keyword">package<sp/></highlight><highlight class="normal">com.mycompany.bibliotecainds.service;</highlight></codeline>
<codeline lineno="19"><highlight class="normal"></highlight></codeline>
<codeline lineno="20"><highlight class="normal"></highlight><highlight class="keyword">import</highlight><highlight class="normal"><sp/>com.mycompany.bibliotecainds.data.Archivio;</highlight></codeline>
<codeline lineno="21"><highlight class="normal"></highlight><highlight class="keyword">import</highlight><highlight class="normal"><sp/>com.mycompany.bibliotecainds.model.Libro;</highlight></codeline>
<codeline lineno="22"><highlight class="normal"></highlight><highlight class="keyword">import</highlight><highlight class="normal"><sp/>java.util.List;</highlight></codeline>
<codeline lineno="23"><highlight class="normal"></highlight><highlight class="keyword">import</highlight><highlight class="normal"><sp/>java.util.stream.Collectors;</highlight></codeline>
<codeline lineno="24"><highlight class="normal"></highlight></codeline>
<codeline lineno="33" refid="classcom_1_1mycompany_1_1bibliotecainds_1_1service_1_1_catalogo_service_impl" refkind="compound"><highlight class="normal"></highlight><highlight class="keyword">public</highlight><highlight class="normal"><sp/></highlight><highlight class="keyword">class<sp/></highlight><highlight class="normal"><ref refid="classcom_1_1mycompany_1_1bibliotecainds_1_1service_1_1_catalogo_service_impl" kindref="compound">CatalogoServiceImpl</ref><sp/></highlight><highlight class="keyword">implements</highlight><highlight class="normal"><sp/><ref refid="interfacecom_1_1mycompany_1_1bibliotecainds_1_1service_1_1_catalogo_service" kindref="compound">CatalogoService</ref><sp/>{</highlight></codeline>
<codeline lineno="34"><highlight class="normal"><sp/><sp/><sp/><sp/><sp/><sp/><sp/><sp/></highlight></codeline>
<codeline lineno="43"><highlight class="normal"><sp/><sp/><sp/><sp/>@Override</highlight></codeline>
<codeline lineno="44"><highlight class="normal"><sp/><sp/><sp/><sp/></highlight><highlight class="keyword">public</highlight><highlight class="normal"><sp/></highlight><highlight class="keywordtype">void</highlight><highlight class="normal"><sp/><ref refid="classcom_1_1mycompany_1_1bibliotecainds_1_1service_1_1_catalogo_service_impl_1ae9f85228131bc9a6e9f570a4f06be2a5" kindref="member">aggiungiLibro</ref>(<ref refid="classcom_1_1mycompany_1_1bibliotecainds_1_1model_1_1_libro" kindref="compound">Libro</ref><sp/>nuovoLibro)<sp/></highlight><highlight class="keywordflow">throws</highlight><highlight class="normal"><sp/>Exception<sp/>{</highlight></codeline>
<codeline lineno="45"><highlight class="normal"><sp/><sp/><sp/><sp/><sp/><sp/><sp/><sp/>List&lt;Libro&gt;<sp/>catalogo<sp/>=<sp/><ref refid="classcom_1_1mycompany_1_1bibliotecainds_1_1data_1_1_archivio" kindref="compound">Archivio</ref>.<ref refid="classcom_1_1mycompany_1_1bibliotecainds_1_1data_1_1_archivio_1acaa052eff6f8c3b47ca522346db3e428" kindref="member">getInstance</ref>().<ref refid="classcom_1_1mycompany_1_1bibliotecainds_1_1data_1_1_archivio_1a8068ce239f658d0961d8d648b0a6770b" kindref="member">getCatalogoLibri</ref>();</highlight></codeline>
<codeline lineno="46"><highlight class="normal"><sp/><sp/><sp/><sp/><sp/><sp/><sp/><sp/></highlight></codeline>
<codeline lineno="47"><highlight class="normal"><sp/><sp/><sp/><sp/><sp/><sp/><sp/><sp/></highlight><highlight class="keywordflow">for</highlight><highlight class="normal"><sp/>(<ref refid="classcom_1_1mycompany_1_1bibliotecainds_1_1model_1_1_libro" kindref="compound">Libro</ref><sp/>l<sp/>:<sp/>catalogo)<sp/>{</highlight></codeline>
<codeline lineno="48"><highlight class="normal"><sp/><sp/><sp/><sp/><sp/><sp/><sp/><sp/><sp/><sp/><sp/><sp/></highlight><highlight class="keywordflow">if</highlight><highlight class="normal"><sp/>(l.getIsbn().equalsIgnoreCase(nuovoLibro.<ref refid="classcom_1_1mycompany_1_1bibliotecainds_1_1model_1_1_libro_1ae80a0a99d5de1f7d0caa6afb4a3fc56c" kindref="member">getIsbn</ref>()))<sp/>{</highlight></codeline>
<codeline lineno="49"><highlight class="normal"><sp/><sp/><sp/><sp/><sp/><sp/><sp/><sp/><sp/><sp/><sp/><sp/><sp/><sp/><sp/><sp/></highlight><highlight class="keywordflow">throw</highlight><highlight class="normal"><sp/></highlight><highlight class="keyword">new</highlight><highlight class="normal"><sp/>Exception(</highlight><highlight class="stringliteral">&quot;Esiste<sp/>già<sp/>un<sp/>libro<sp/>con<sp/>questo<sp/>ISBN:<sp/>&quot;</highlight><highlight class="normal"><sp/>+<sp/>nuovoLibro.<ref refid="classcom_1_1mycompany_1_1bibliotecainds_1_1model_1_1_libro_1ae80a0a99d5de1f7d0caa6afb4a3fc56c" kindref="member">getIsbn</ref>());</highlight></codeline>
<codeline lineno="50"><highlight class="normal"><sp/><sp/><sp/><sp/><sp/><sp/><sp/><sp/><sp/><sp/><sp/><sp/>}</highlight></codeline>
<codeline lineno="51"><highlight class="normal"><sp/><sp/><sp/><sp/><sp/><sp/><sp/><sp/>}</highlight></codeline>
<codeline lineno="52"><highlight class="normal"><sp/><sp/><sp/><sp/><sp/><sp/><sp/><sp/>catalogo.add(nuovoLibro);</highlight></codeline>
<codeline lineno="53"><highlight class="normal"><sp/><sp/><sp/><sp/>}</highlight></codeline>
<codeline lineno="54"><highlight class="normal"><sp/><sp/><sp/><sp/></highlight></codeline>
<codeline lineno="61"><highlight class="normal"><sp/><sp/><sp/><sp/>@Override</highlight></codeline>
<codeline lineno="62"><highlight class="normal"><sp/><sp/><sp/><sp/></highlight><highlight class="keyword">public</highlight><highlight class="normal"><sp/></highlight><highlight class="keywordtype">void</highlight><highlight class="normal"><sp/><ref refid="classcom_1_1mycompany_1_1bibliotecainds_1_1service_1_1_catalogo_service_impl_1a9919de4c9c6b6f856bf3eee055dd3260" kindref="member">rimuoviLibro</ref>(<ref refid="classcom_1_1mycompany_1_1bibliotecainds_1_1model_1_1_libro" kindref="compound">Libro</ref><sp/>libro)<sp/></highlight><highlight class="keywordflow">throws</highlight><highlight class="normal"><sp/>Exception<sp/>{</highlight></codeline>
<codeline lineno="63"><highlight class="normal"><sp/><sp/><sp/><sp/><sp/><sp/><sp/><sp/><ref refid="classcom_1_1mycompany_1_1bibliotecainds_1_1data_1_1_archivio" kindref="compound">Archivio</ref>.<ref refid="classcom_1_1mycompany_1_1bibliotecainds_1_1data_1_1_archivio_1acaa052eff6f8c3b47ca522346db3e428" kindref="member">getInstance</ref>().<ref refid="classcom_1_1mycompany_1_1bibliotecainds_1_1data_1_1_archivio_1a8068ce239f658d0961d8d648b0a6770b" kindref="member">getCatalogoLibri</ref>().remove(libro);</highlight></codeline>
<codeline lineno="64"><highlight class="normal"><sp/><sp/><sp/><sp/>}</highlight></codeline>
<codeline lineno="65"><highlight class="normal"><sp/><sp/><sp/><sp/></highlight></codeline>
<codeline lineno="79"><highlight class="normal"><sp/><sp/><sp/><sp/>@Override</highlight></codeline>
<codeline lineno="80"><highlight class="normal"><sp/><sp/><sp/><sp/></highlight><highlight class="keyword">public</highlight><highlight class="normal"><sp/>List&lt;Libro&gt;<sp/><ref refid="classcom_1_1mycompany_1_1bibliotecainds_1_1service_1_1_catalogo_service_impl_1ae0111f9592b3108effc1a7b86e57d8fc" kindref="member">cercaLibri</ref>(String<sp/>query)<sp/>{</highlight></codeline>
<codeline lineno="81"><highlight class="normal"><sp/><sp/><sp/><sp/><sp/><sp/><sp/><sp/></highlight><highlight class="keywordflow">if</highlight><highlight class="normal"><sp/>(query<sp/>==<sp/></highlight><highlight class="keyword">null</highlight><highlight class="normal"><sp/>||<sp/>query.isEmpty())<sp/>{</highlight></codeline>
<codeline lineno="82"><highlight class="normal"><sp/><sp/><sp/><sp/><sp/><sp/><sp/><sp/><sp/><sp/><sp/><sp/></highlight><highlight class="keywordflow">return</highlight><highlight class="normal"><sp/><ref refid="classcom_1_1mycompany_1_1bibliotecainds_1_1service_1_1_catalogo_service_impl_1a88da4d247e88a5166dcf016a3a1e1376" kindref="member">getCatalogo</ref>();</highlight></codeline>
<codeline lineno="83"><highlight class="normal"><sp/><sp/><sp/><sp/><sp/><sp/><sp/><sp/>}</highlight></codeline>
<codeline lineno="84"><highlight class="normal"><sp/><sp/><sp/><sp/><sp/><sp/><sp/><sp/></highlight></codeline>
<codeline lineno="85"><highlight class="normal"><sp/><sp/><sp/><sp/><sp/><sp/><sp/><sp/>String<sp/>lowerQuery<sp/>=<sp/>query.toLowerCase();</highlight></codeline>
<codeline lineno="86"><highlight class="normal"><sp/><sp/><sp/><sp/><sp/><sp/><sp/><sp/></highlight></codeline>
<codeline lineno="87"><highlight class="normal"><sp/><sp/><sp/><sp/><sp/><sp/><sp/><sp/></highlight><highlight class="keywordflow">return</highlight><highlight class="normal"><sp/><ref refid="classcom_1_1mycompany_1_1bibliotecainds_1_1data_1_1_archivio" kindref="compound">Archivio</ref>.<ref refid="classcom_1_1mycompany_1_1bibliotecainds_1_1data_1_1_archivio_1acaa052eff6f8c3b47ca522346db3e428" kindref="member">getInstance</ref>().<ref refid="classcom_1_1mycompany_1_1bibliotecainds_1_1data_1_1_archivio_1a8068ce239f658d0961d8d648b0a6770b" kindref="member">getCatalogoLibri</ref>().stream()</highlight></codeline>
<codeline lineno="88"><highlight class="normal"><sp/><sp/><sp/><sp/><sp/><sp/><sp/><sp/><sp/><sp/><sp/><sp/><sp/><sp/><sp/><sp/>.filter(l<sp/>-&gt;<sp/>l.getTitolo().toLowerCase().contains(lowerQuery)<sp/>||<sp/></highlight></codeline>
<codeline lineno="89"><highlight class="normal"><sp/><sp/><sp/><sp/><sp/><sp/><sp/><sp/><sp/><sp/><sp/><sp/><sp/><sp/><sp/><sp/><sp/><sp/><sp/><sp/><sp/><sp/><sp/><sp/><sp/><sp/><sp/><sp/><sp/>l.getIsbn().toLowerCase().contains(lowerQuery)<sp/>||</highlight></codeline>
<codeline lineno="90"><highlight class="normal"><sp/><sp/><sp/><sp/><sp/><sp/><sp/><sp/><sp/><sp/><sp/><sp/><sp/><sp/><sp/><sp/><sp/><sp/><sp/><sp/><sp/><sp/><sp/><sp/><sp/><sp/><sp/><sp/><sp/>l.getAutori().toString().toLowerCase().contains(lowerQuery))</highlight></codeline>
<codeline lineno="91"><highlight class="normal"><sp/><sp/><sp/><sp/><sp/><sp/><sp/><sp/><sp/><sp/><sp/><sp/><sp/><sp/><sp/><sp/>.collect(Collectors.toList());</highlight></codeline>
<codeline lineno="92"><highlight class="normal"><sp/><sp/><sp/><sp/>}</highlight></codeline>
<codeline lineno="93"><highlight class="normal"><sp/><sp/><sp/><sp/></highlight></codeline>
<codeline lineno="99"><highlight class="normal"><sp/><sp/><sp/><sp/>@Override</highlight></codeline>
<codeline lineno="100"><highlight class="normal"><sp/><sp/><sp/><sp/></highlight><highlight class="keyword">public</highlight><highlight class="normal"><sp/>List&lt;Libro&gt;<sp/><ref refid="classcom_1_1mycompany_1_1bibliotecainds_1_1service_1_1_catalogo_service_impl_1a88da4d247e88a5166dcf016a3a1e1376" kindref="member">getCatalogo</ref>()<sp/>{</highlight></codeline>
<codeline lineno="101"><highlight class="normal"><sp/><sp/><sp/><sp/><sp/><sp/><sp/><sp/></highlight><highlight class="keywordflow">return</highlight><highlight class="normal"><sp/><ref refid="classcom_1_1mycompany_1_1bibliotecainds_1_1data_1_1_archivio" kindref="compound">Archivio</ref>.<ref refid="classcom_1_1mycompany_1_1bibliotecainds_1_1data_1_1_archivio_1acaa052eff6f8c3b47ca522346db3e428" kindref="member">getInstance</ref>().<ref refid="classcom_1_1mycompany_1_1bibliotecainds_1_1data_1_1_archivio_1a8068ce239f658d0961d8d648b0a6770b" kindref="member">getCatalogoLibri</ref>();</highlight></codeline>
<codeline lineno="102"><highlight class="normal"><sp/><sp/><sp/><sp/>}</highlight></codeline>
<codeline lineno="103"><highlight class="normal">}</highlight></codeline>
    </programlisting>
    <location file="C:/Users/elena/Documents/NetBeansProjects/BibliotecaInDS/src/main/java/com/mycompany/bibliotecainds/service/CatalogoServiceImpl.java"/>
  </compounddef>
</doxygen>
