<?xml version='1.0' encoding='UTF-8' standalone='no'?>
<doxygen xmlns:xsi="http://www.w3.org/2001/XMLSchema-instance" xsi:noNamespaceSchemaLocation="compound.xsd" version="1.15.0" xml:lang="en-US">
  <compounddef id="_catalogo_service_8java" kind="file" language="Java">
    <compoundname>CatalogoService.java</compoundname>
    <includes local="no">com.mycompany.bibliotecainds.model.Libro</includes>
    <includes local="no">java.util.List</includes>
    <incdepgraph>
      <node id="1">
        <label>C:/Users/elena/Documents/NetBeansProjects/BibliotecaInDS/src/main/java/com/mycompany/bibliotecainds/service/CatalogoService.java</label>
        <link refid="_catalogo_service_8java"/>
        <childnode refid="2" relation="include">
        </childnode>
        <childnode refid="3" relation="include">
        </childnode>
      </node>
      <node id="2">
        <label>com.mycompany.bibliotecainds.model.Libro</label>
      </node>
      <node id="3">
        <label>java.util.List</label>
      </node>
    </incdepgraph>
    <innerclass refid="interfacecom_1_1mycompany_1_1bibliotecainds_1_1service_1_1_catalogo_service" prot="public">com::mycompany::bibliotecainds::service::CatalogoService</innerclass>
    <innernamespace refid="namespacecom_1_1mycompany_1_1bibliotecainds_1_1service">com::mycompany::bibliotecainds::service</innernamespace>
    <briefdescription>
<para>Interfaccia per la gestione del catalogo libri. </para>
    </briefdescription>
    <detaileddescription>
<para>Questa interfaccia definisce le operazioni principali per la gestione del catalogo della biblioteca, tra cui:<itemizedlist>
<listitem><para>Aggiunta libro</para>
</listitem><listitem><para>Rimozione libro</para>
</listitem><listitem><para>Ricerca libro</para>
</listitem></itemizedlist>
</para>
<para><simplesect kind="author"><para>Giuseppe, Sara, Vincenzo, Elene </para>
</simplesect>
<simplesect kind="date"><para>6 dicembre 2025 </para>
</simplesect>
</para>
    </detaileddescription>
    <programlisting>
<codeline lineno="1"><highlight class="normal"></highlight></codeline>
<codeline lineno="14" refid="namespacecom_1_1mycompany_1_1bibliotecainds_1_1service" refkind="compound"><highlight class="normal"></highlight><highlight class="keyword">package<sp/></highlight><highlight class="normal">com.mycompany.bibliotecainds.service;</highlight></codeline>
<codeline lineno="15"><highlight class="normal"></highlight></codeline>
<codeline lineno="16"><highlight class="normal"></highlight><highlight class="keyword">import</highlight><highlight class="normal"><sp/>com.mycompany.bibliotecainds.model.Libro;</highlight></codeline>
<codeline lineno="17"><highlight class="normal"></highlight><highlight class="keyword">import</highlight><highlight class="normal"><sp/>java.util.List;</highlight></codeline>
<codeline lineno="18"><highlight class="normal"></highlight></codeline>
<codeline lineno="25"><highlight class="normal"></highlight></codeline>
<codeline lineno="26" refid="interfacecom_1_1mycompany_1_1bibliotecainds_1_1service_1_1_catalogo_service" refkind="compound"><highlight class="normal"></highlight><highlight class="keyword">public</highlight><highlight class="normal"><sp/></highlight><highlight class="keyword">interface<sp/></highlight><highlight class="normal"><ref refid="interfacecom_1_1mycompany_1_1bibliotecainds_1_1service_1_1_catalogo_service" kindref="compound">CatalogoService</ref><sp/>{</highlight></codeline>
<codeline lineno="27"><highlight class="normal"><sp/><sp/><sp/><sp/></highlight></codeline>
<codeline lineno="34"><highlight class="normal"><sp/><sp/><sp/><sp/></highlight><highlight class="keyword">public</highlight><highlight class="normal"><sp/></highlight><highlight class="keywordtype">void</highlight><highlight class="normal"><sp/><ref refid="interfacecom_1_1mycompany_1_1bibliotecainds_1_1service_1_1_catalogo_service_1a4d23edc092ddd891b4c0eddc4adeef14" kindref="member">aggiungiLibro</ref>(<ref refid="classcom_1_1mycompany_1_1bibliotecainds_1_1model_1_1_libro" kindref="compound">Libro</ref><sp/>libro)<sp/></highlight><highlight class="keywordflow">throws</highlight><highlight class="normal"><sp/>Exception;</highlight></codeline>
<codeline lineno="35"><highlight class="normal"><sp/><sp/><sp/><sp/></highlight></codeline>
<codeline lineno="41"><highlight class="normal"><sp/><sp/><sp/><sp/></highlight><highlight class="keyword">public</highlight><highlight class="normal"><sp/></highlight><highlight class="keywordtype">void</highlight><highlight class="normal"><sp/><ref refid="interfacecom_1_1mycompany_1_1bibliotecainds_1_1service_1_1_catalogo_service_1ab33a1f5f790bddd6d38bab68f8dad1f3" kindref="member">rimuoviLibro</ref>(<ref refid="classcom_1_1mycompany_1_1bibliotecainds_1_1model_1_1_libro" kindref="compound">Libro</ref><sp/>libro)<sp/></highlight><highlight class="keywordflow">throws</highlight><highlight class="normal"><sp/>Exception;</highlight></codeline>
<codeline lineno="42"><highlight class="normal"><sp/><sp/><sp/><sp/></highlight></codeline>
<codeline lineno="51"><highlight class="normal"><sp/><sp/><sp/><sp/></highlight><highlight class="keyword">public</highlight><highlight class="normal"><sp/>List&lt;Libro&gt;<sp/><ref refid="interfacecom_1_1mycompany_1_1bibliotecainds_1_1service_1_1_catalogo_service_1a17f4e07247be8d9df568b0deb2d0e764" kindref="member">cercaLibri</ref>(String<sp/>l);</highlight></codeline>
<codeline lineno="52"><highlight class="normal"><sp/><sp/><sp/><sp/></highlight></codeline>
<codeline lineno="57"><highlight class="normal"><sp/><sp/><sp/><sp/></highlight><highlight class="keyword">public</highlight><highlight class="normal"><sp/>List&lt;Libro&gt;<sp/><ref refid="interfacecom_1_1mycompany_1_1bibliotecainds_1_1service_1_1_catalogo_service_1a283c66edcb13116c4e21c76d2f1ace96" kindref="member">getCatalogo</ref>();</highlight></codeline>
<codeline lineno="58"><highlight class="normal"><sp/><sp/><sp/><sp/></highlight></codeline>
<codeline lineno="59"><highlight class="normal">}</highlight></codeline>
    </programlisting>
    <location file="C:/Users/elena/Documents/NetBeansProjects/BibliotecaInDS/src/main/java/com/mycompany/bibliotecainds/service/CatalogoService.java"/>
  </compounddef>
</doxygen>
