<?xml version='1.0' encoding='UTF-8' standalone='no'?>
<doxygen xmlns:xsi="http://www.w3.org/2001/XMLSchema-instance" xsi:noNamespaceSchemaLocation="compound.xsd" version="1.15.0" xml:lang="en-US">
  <compounddef id="_libro_8java" kind="file" language="Java">
    <compoundname>Libro.java</compoundname>
    <includes local="no">java.util.List</includes>
    <includes local="no">java.util.ArrayList</includes>
    <includes local="no">java.io.Serializable</includes>
    <incdepgraph>
      <node id="1">
        <label>C:/Users/elena/Documents/NetBeansProjects/BibliotecaInDS/src/main/java/com/mycompany/bibliotecainds/model/Libro.java</label>
        <link refid="_libro_8java"/>
        <childnode refid="2" relation="include">
        </childnode>
        <childnode refid="3" relation="include">
        </childnode>
        <childnode refid="4" relation="include">
        </childnode>
      </node>
      <node id="4">
        <label>java.io.Serializable</label>
      </node>
      <node id="3">
        <label>java.util.ArrayList</label>
      </node>
      <node id="2">
        <label>java.util.List</label>
      </node>
    </incdepgraph>
    <innerclass refid="classcom_1_1mycompany_1_1bibliotecainds_1_1model_1_1_libro" prot="public">com::mycompany::bibliotecainds::model::Libro</innerclass>
    <innernamespace refid="namespacecom_1_1mycompany_1_1bibliotecainds_1_1model">com::mycompany::bibliotecainds::model</innernamespace>
    <briefdescription>
    </briefdescription>
    <detaileddescription>
    </detaileddescription>
    <programlisting>
<codeline lineno="1"><highlight class="comment">/*@file<sp/>Libro.java</highlight></codeline>
<codeline lineno="2"><highlight class="comment"><sp/>*<sp/>@brief<sp/>una<sp/>classe<sp/>che<sp/>rappresenta<sp/>un<sp/>libro<sp/>nel<sp/>sistema<sp/>Biblioteca</highlight></codeline>
<codeline lineno="3"><highlight class="comment"><sp/>*<sp/></highlight></codeline>
<codeline lineno="4"><highlight class="comment"><sp/>*<sp/>La<sp/>classe<sp/>in<sp/>questione<sp/>contiene<sp/>il<sp/>titolo,<sp/>gli<sp/>autori,<sp/></highlight></codeline>
<codeline lineno="5"><highlight class="comment"><sp/>*<sp/>l&apos;anno<sp/>di<sp/>pubblicazione,<sp/>il<sp/>codice<sp/>isbn<sp/>e<sp/>le<sp/>copie<sp/>disponibili.</highlight></codeline>
<codeline lineno="6"><highlight class="comment"><sp/>*<sp/></highlight></codeline>
<codeline lineno="7"><highlight class="comment"><sp/>*<sp/>@author<sp/>Giuseppe<sp/>Sara<sp/>Vincenzo<sp/>Elena</highlight></codeline>
<codeline lineno="8"><highlight class="comment"><sp/>*</highlight></codeline>
<codeline lineno="9"><highlight class="comment"><sp/>*<sp/>@date<sp/>5<sp/>dicembre<sp/>2025</highlight></codeline>
<codeline lineno="10"><highlight class="comment"><sp/>*/</highlight><highlight class="normal"></highlight></codeline>
<codeline lineno="11" refid="namespacecom_1_1mycompany_1_1bibliotecainds_1_1model" refkind="compound"><highlight class="normal"></highlight><highlight class="keyword">package<sp/></highlight><highlight class="normal">com.mycompany.bibliotecainds.model;</highlight></codeline>
<codeline lineno="12"><highlight class="normal"></highlight></codeline>
<codeline lineno="13"><highlight class="normal"></highlight><highlight class="keyword">import</highlight><highlight class="normal"><sp/>java.util.List;</highlight></codeline>
<codeline lineno="14"><highlight class="normal"></highlight><highlight class="keyword">import</highlight><highlight class="normal"><sp/>java.util.ArrayList;</highlight></codeline>
<codeline lineno="15"><highlight class="normal"></highlight><highlight class="keyword">import</highlight><highlight class="normal"><sp/>java.io.Serializable;</highlight></codeline>
<codeline lineno="16"><highlight class="normal"></highlight></codeline>
<codeline lineno="26"><highlight class="normal"></highlight></codeline>
<codeline lineno="27" refid="classcom_1_1mycompany_1_1bibliotecainds_1_1model_1_1_libro" refkind="compound"><highlight class="normal"></highlight><highlight class="keyword">public</highlight><highlight class="normal"><sp/></highlight><highlight class="keyword">class<sp/></highlight><highlight class="normal"><ref refid="classcom_1_1mycompany_1_1bibliotecainds_1_1model_1_1_libro_1a145b77d72de27208d15eed3918bd2dd3" kindref="member">Libro</ref><sp/></highlight><highlight class="keyword">implements</highlight><highlight class="normal"><sp/>Serializable{</highlight></codeline>
<codeline lineno="28"><highlight class="normal"><sp/><sp/><sp/><sp/></highlight><highlight class="keyword">private</highlight><highlight class="normal"><sp/>String<sp/>titolo;<sp/></highlight></codeline>
<codeline lineno="29"><highlight class="normal"><sp/><sp/><sp/><sp/></highlight><highlight class="keyword">private</highlight><highlight class="normal"><sp/>List&lt;String&gt;<sp/>autori;</highlight></codeline>
<codeline lineno="30"><highlight class="normal"><sp/><sp/><sp/><sp/></highlight><highlight class="keyword">private</highlight><highlight class="normal"><sp/></highlight><highlight class="keywordtype">int</highlight><highlight class="normal"><sp/>anno;</highlight></codeline>
<codeline lineno="31"><highlight class="normal"><sp/><sp/><sp/><sp/></highlight><highlight class="keyword">private</highlight><highlight class="normal"><sp/>String<sp/>isbn;</highlight></codeline>
<codeline lineno="32"><highlight class="normal"><sp/><sp/><sp/><sp/></highlight><highlight class="keyword">private</highlight><highlight class="normal"><sp/></highlight><highlight class="keywordtype">int</highlight><highlight class="normal"><sp/>copie;</highlight></codeline>
<codeline lineno="33"><highlight class="normal"><sp/><sp/><sp/><sp/><sp/></highlight></codeline>
<codeline lineno="45"><highlight class="normal"><sp/><sp/><sp/><sp/></highlight></codeline>
<codeline lineno="46"><highlight class="normal"><sp/><sp/><sp/><sp/></highlight><highlight class="keyword">public</highlight><highlight class="normal"><sp/><ref refid="classcom_1_1mycompany_1_1bibliotecainds_1_1model_1_1_libro_1a145b77d72de27208d15eed3918bd2dd3" kindref="member">Libro</ref>(String<sp/>titolo,<sp/>List&lt;String&gt;<sp/>autori,<sp/></highlight><highlight class="keywordtype">int</highlight><highlight class="normal"><sp/>anno,<sp/>String<sp/>isbn,<sp/></highlight><highlight class="keywordtype">int</highlight><highlight class="normal"><sp/>copie){</highlight></codeline>
<codeline lineno="47"><highlight class="normal"><sp/><sp/><sp/><sp/><sp/><sp/><sp/><sp/>this.titolo<sp/>=<sp/>titolo;</highlight></codeline>
<codeline lineno="48"><highlight class="normal"><sp/><sp/><sp/><sp/><sp/><sp/><sp/><sp/>this.autori=</highlight><highlight class="keyword">new</highlight><highlight class="normal"><sp/>ArrayList&lt;&gt;(autori);</highlight></codeline>
<codeline lineno="49"><highlight class="normal"><sp/><sp/><sp/><sp/><sp/><sp/><sp/><sp/>this.anno=anno;</highlight></codeline>
<codeline lineno="50"><highlight class="normal"><sp/><sp/><sp/><sp/><sp/><sp/><sp/><sp/>this.isbn=isbn;</highlight></codeline>
<codeline lineno="51"><highlight class="normal"><sp/><sp/><sp/><sp/><sp/><sp/><sp/><sp/>this.copie=copie;</highlight></codeline>
<codeline lineno="52"><highlight class="normal"><sp/><sp/><sp/><sp/>}</highlight></codeline>
<codeline lineno="57"><highlight class="normal"><sp/><sp/><sp/><sp/></highlight><highlight class="keyword">public</highlight><highlight class="normal"><sp/>String<sp/><ref refid="classcom_1_1mycompany_1_1bibliotecainds_1_1model_1_1_libro_1a9ba9faa94c4bb979fa6d64e462bd8091" kindref="member">getTitolo</ref>()<sp/>{<sp/></highlight><highlight class="keywordflow">return</highlight><highlight class="normal"><sp/>titolo;<sp/>}</highlight></codeline>
<codeline lineno="58"><highlight class="normal"><sp/><sp/><sp/><sp/></highlight></codeline>
<codeline lineno="63"><highlight class="normal"><sp/><sp/><sp/><sp/></highlight></codeline>
<codeline lineno="64"><highlight class="normal"><sp/><sp/><sp/><sp/></highlight><highlight class="keyword">public</highlight><highlight class="normal"><sp/>List&lt;String&gt;<sp/><ref refid="classcom_1_1mycompany_1_1bibliotecainds_1_1model_1_1_libro_1a4afa8f08054a441a5c886548287b5281" kindref="member">getAutori</ref>(){<sp/></highlight><highlight class="keywordflow">return</highlight><highlight class="normal"><sp/>autori;}</highlight></codeline>
<codeline lineno="65"><highlight class="normal"><sp/><sp/><sp/><sp/></highlight></codeline>
<codeline lineno="70"><highlight class="normal"><sp/><sp/><sp/><sp/></highlight></codeline>
<codeline lineno="71"><highlight class="normal"><sp/><sp/><sp/><sp/></highlight><highlight class="keyword">public</highlight><highlight class="normal"><sp/></highlight><highlight class="keywordtype">int</highlight><highlight class="normal"><sp/><ref refid="classcom_1_1mycompany_1_1bibliotecainds_1_1model_1_1_libro_1a13d866b08b88ba932bd9250b717d8d0c" kindref="member">getAnno</ref>(){<sp/></highlight><highlight class="keywordflow">return</highlight><highlight class="normal"><sp/>anno;}</highlight></codeline>
<codeline lineno="72"><highlight class="normal"><sp/><sp/><sp/><sp/></highlight></codeline>
<codeline lineno="77"><highlight class="normal"><sp/><sp/><sp/><sp/></highlight></codeline>
<codeline lineno="78"><highlight class="normal"><sp/><sp/><sp/><sp/></highlight><highlight class="keyword">public</highlight><highlight class="normal"><sp/>String<sp/><ref refid="classcom_1_1mycompany_1_1bibliotecainds_1_1model_1_1_libro_1ae80a0a99d5de1f7d0caa6afb4a3fc56c" kindref="member">getIsbn</ref>(){</highlight><highlight class="keywordflow">return</highlight><highlight class="normal"><sp/>isbn;}</highlight></codeline>
<codeline lineno="79"><highlight class="normal"><sp/><sp/><sp/><sp/></highlight></codeline>
<codeline lineno="84"><highlight class="normal"><sp/><sp/><sp/><sp/></highlight></codeline>
<codeline lineno="85"><highlight class="normal"><sp/><sp/><sp/><sp/></highlight><highlight class="keyword">public</highlight><highlight class="normal"><sp/></highlight><highlight class="keywordtype">int</highlight><highlight class="normal"><sp/><ref refid="classcom_1_1mycompany_1_1bibliotecainds_1_1model_1_1_libro_1aebb2b946723faa42c699b631356b6b64" kindref="member">getCopieDisponibili</ref>(){<sp/></highlight><highlight class="keywordflow">return</highlight><highlight class="normal"><sp/>copie;<sp/>}</highlight></codeline>
<codeline lineno="86"><highlight class="normal"><sp/><sp/><sp/><sp/></highlight></codeline>
<codeline lineno="92"><highlight class="normal"><sp/><sp/><sp/><sp/></highlight></codeline>
<codeline lineno="93"><highlight class="normal"><sp/><sp/><sp/><sp/></highlight><highlight class="keyword">public</highlight><highlight class="normal"><sp/></highlight><highlight class="keywordtype">void</highlight><highlight class="normal"><sp/><ref refid="classcom_1_1mycompany_1_1bibliotecainds_1_1model_1_1_libro_1a0963b8727d2aea8e510e3ee1f323a935" kindref="member">decrementaCopie</ref>(){}</highlight></codeline>
<codeline lineno="94"><highlight class="normal"><sp/><sp/><sp/><sp/></highlight></codeline>
<codeline lineno="100"><highlight class="normal"><sp/><sp/><sp/><sp/></highlight></codeline>
<codeline lineno="101"><highlight class="normal"><sp/><sp/><sp/><sp/></highlight><highlight class="keyword">public</highlight><highlight class="normal"><sp/></highlight><highlight class="keywordtype">void</highlight><highlight class="normal"><sp/><ref refid="classcom_1_1mycompany_1_1bibliotecainds_1_1model_1_1_libro_1aca41b8f1712337dae471ee939002a5c7" kindref="member">incrementaCopie</ref>(){}</highlight></codeline>
<codeline lineno="102"><highlight class="normal"><sp/><sp/><sp/><sp/></highlight></codeline>
<codeline lineno="103"><highlight class="normal">}</highlight></codeline>
    </programlisting>
    <location file="C:/Users/elena/Documents/NetBeansProjects/BibliotecaInDS/src/main/java/com/mycompany/bibliotecainds/model/Libro.java"/>
  </compounddef>
</doxygen>
