<?xml version='1.0' encoding='UTF-8' standalone='no'?>
<doxygen xmlns:xsi="http://www.w3.org/2001/XMLSchema-instance" xsi:noNamespaceSchemaLocation="compound.xsd" version="1.15.0" xml:lang="en-US">
  <compounddef id="_login_controller_8java" kind="file" language="Java">
    <compoundname>LoginController.java</compoundname>
    <includes local="no">com.mycompany.bibliotecainds.App</includes>
    <includes local="no">java.io.IOException</includes>
    <includes local="no">javafx.event.ActionEvent</includes>
    <includes local="no">javafx.fxml.FXML</includes>
    <includes local="no">javafx.scene.control.Label</includes>
    <includes local="no">javafx.scene.control.PasswordField</includes>
    <includes local="no">javafx.scene.control.TextField</includes>
    <incdepgraph>
      <node id="1">
        <label>C:/Users/elena/Documents/NetBeansProjects/BibliotecaInDS/src/main/java/com/mycompany/bibliotecainds/controller/LoginController.java</label>
        <link refid="_login_controller_8java"/>
        <childnode refid="2" relation="include">
        </childnode>
        <childnode refid="3" relation="include">
        </childnode>
        <childnode refid="4" relation="include">
        </childnode>
        <childnode refid="5" relation="include">
        </childnode>
        <childnode refid="6" relation="include">
        </childnode>
        <childnode refid="7" relation="include">
        </childnode>
        <childnode refid="8" relation="include">
        </childnode>
      </node>
      <node id="2">
        <label>com.mycompany.bibliotecainds.App</label>
      </node>
      <node id="3">
        <label>java.io.IOException</label>
      </node>
      <node id="4">
        <label>javafx.event.ActionEvent</label>
      </node>
      <node id="5">
        <label>javafx.fxml.FXML</label>
      </node>
      <node id="6">
        <label>javafx.scene.control.Label</label>
      </node>
      <node id="7">
        <label>javafx.scene.control.PasswordField</label>
      </node>
      <node id="8">
        <label>javafx.scene.control.TextField</label>
      </node>
    </incdepgraph>
    <innerclass refid="classcom_1_1mycompany_1_1bibliotecainds_1_1controller_1_1_login_controller" prot="public">com::mycompany::bibliotecainds::controller::LoginController</innerclass>
    <innernamespace refid="namespacecom_1_1mycompany_1_1bibliotecainds_1_1controller">com::mycompany::bibliotecainds::controller</innernamespace>
    <briefdescription>
<para>Controller che gestisce la schermata di login. </para>
    </briefdescription>
    <detaileddescription>
<para>Questo controller gestisce l&apos;interazione dell&apos;utente con la finestra di login Si occupa di:<itemizedlist>
<listitem><para>Leggere email e password inserite</para>
</listitem><listitem><para>Validare i campi</para>
</listitem><listitem><para>Mostrare messaggi di errore</para>
</listitem><listitem><para>Effettuare il passaggio alla schermata principale in caso di credenziali corrette</para>
</listitem></itemizedlist>
</para>
<para><simplesect kind="author"><para>Giuseppe, Sara, Vincenzo, Elena </para>
</simplesect>
<simplesect kind="date"><para>7 dicembre 2025 </para>
</simplesect>
</para>
    </detaileddescription>
    <programlisting>
<codeline lineno="1"><highlight class="normal"></highlight></codeline>
<codeline lineno="15"><highlight class="normal"></highlight><highlight class="keyword">package<sp/></highlight><highlight class="normal">com.mycompany.bibliotecainds.controller;</highlight></codeline>
<codeline lineno="16"><highlight class="normal"></highlight></codeline>
<codeline lineno="17"><highlight class="normal"></highlight><highlight class="keyword">import</highlight><highlight class="normal"><sp/>com.mycompany.bibliotecainds.App;</highlight></codeline>
<codeline lineno="18"><highlight class="normal"></highlight><highlight class="keyword">import</highlight><highlight class="normal"><sp/>java.io.IOException;</highlight></codeline>
<codeline lineno="19"><highlight class="normal"></highlight><highlight class="keyword">import</highlight><highlight class="normal"><sp/>javafx.event.ActionEvent;</highlight></codeline>
<codeline lineno="20"><highlight class="normal"></highlight><highlight class="keyword">import</highlight><highlight class="normal"><sp/>javafx.fxml.FXML;</highlight></codeline>
<codeline lineno="21"><highlight class="normal"></highlight><highlight class="keyword">import</highlight><highlight class="normal"><sp/>javafx.scene.control.Label;</highlight></codeline>
<codeline lineno="22"><highlight class="normal"></highlight><highlight class="keyword">import</highlight><highlight class="normal"><sp/>javafx.scene.control.PasswordField;</highlight></codeline>
<codeline lineno="23"><highlight class="normal"></highlight><highlight class="keyword">import</highlight><highlight class="normal"><sp/>javafx.scene.control.TextField;</highlight></codeline>
<codeline lineno="24"><highlight class="normal"></highlight></codeline>
<codeline lineno="32"><highlight class="normal"></highlight></codeline>
<codeline lineno="33" refid="classcom_1_1mycompany_1_1bibliotecainds_1_1controller_1_1_login_controller" refkind="compound"><highlight class="normal"></highlight><highlight class="keyword">public</highlight><highlight class="normal"><sp/></highlight><highlight class="keyword">class<sp/></highlight><highlight class="normal"><ref refid="classcom_1_1mycompany_1_1bibliotecainds_1_1controller_1_1_login_controller" kindref="compound">LoginController</ref><sp/>{</highlight></codeline>
<codeline lineno="34"><highlight class="normal"><sp/><sp/><sp/><sp/></highlight></codeline>
<codeline lineno="38"><highlight class="normal"><sp/><sp/><sp/><sp/></highlight></codeline>
<codeline lineno="39"><highlight class="normal"><sp/><sp/><sp/><sp/>@FXML<sp/></highlight><highlight class="keyword">private</highlight><highlight class="normal"><sp/>TextField<sp/>txtEmail;</highlight></codeline>
<codeline lineno="40"><highlight class="normal"><sp/><sp/><sp/><sp/></highlight></codeline>
<codeline lineno="44"><highlight class="normal"><sp/><sp/><sp/><sp/></highlight></codeline>
<codeline lineno="45"><highlight class="normal"><sp/><sp/><sp/><sp/>@FXML<sp/></highlight><highlight class="keyword">private</highlight><highlight class="normal"><sp/>PasswordField<sp/>txtPassword;</highlight></codeline>
<codeline lineno="46"><highlight class="normal"><sp/><sp/><sp/><sp/></highlight></codeline>
<codeline lineno="50"><highlight class="normal"><sp/><sp/><sp/><sp/></highlight></codeline>
<codeline lineno="51"><highlight class="normal"><sp/><sp/><sp/><sp/>@FXML<sp/></highlight><highlight class="keyword">private</highlight><highlight class="normal"><sp/>Label<sp/>lblErrore;</highlight></codeline>
<codeline lineno="52"><highlight class="normal"><sp/><sp/><sp/><sp/></highlight></codeline>
<codeline lineno="63"><highlight class="normal"></highlight></codeline>
<codeline lineno="64"><highlight class="normal"><sp/><sp/><sp/><sp/>@FXML</highlight></codeline>
<codeline lineno="65"><highlight class="normal"><sp/><sp/><sp/><sp/></highlight><highlight class="keyword">private</highlight><highlight class="normal"><sp/></highlight><highlight class="keywordtype">void</highlight><highlight class="normal"><sp/>handleLogin(ActionEvent<sp/>event)<sp/></highlight><highlight class="keywordflow">throws</highlight><highlight class="normal"><sp/>IOException<sp/>{</highlight></codeline>
<codeline lineno="66"><highlight class="normal"><sp/><sp/><sp/><sp/><sp/><sp/><sp/><sp/>String<sp/>email<sp/>=<sp/>txtEmail.getText();</highlight></codeline>
<codeline lineno="67"><highlight class="normal"><sp/><sp/><sp/><sp/><sp/><sp/><sp/><sp/>String<sp/>pwd<sp/>=<sp/>txtPassword.getText();</highlight></codeline>
<codeline lineno="68"><highlight class="normal"></highlight></codeline>
<codeline lineno="69"><highlight class="normal"><sp/><sp/><sp/><sp/><sp/><sp/><sp/><sp/></highlight><highlight class="keywordflow">if</highlight><highlight class="normal"><sp/>(!email.isEmpty()<sp/>&amp;&amp;<sp/>!pwd.isEmpty())<sp/>{</highlight></codeline>
<codeline lineno="70"><highlight class="normal"><sp/><sp/><sp/><sp/><sp/><sp/><sp/><sp/><sp/><sp/><sp/><sp/><ref refid="classcom_1_1mycompany_1_1bibliotecainds_1_1_app" kindref="compound">App</ref>.<ref refid="classcom_1_1mycompany_1_1bibliotecainds_1_1_app_1a5984302de55d4df09b9bef4a51383cac" kindref="member">setRoot</ref>(</highlight><highlight class="stringliteral">&quot;primary&quot;</highlight><highlight class="normal">);</highlight></codeline>
<codeline lineno="71"><highlight class="normal"><sp/><sp/><sp/><sp/><sp/><sp/><sp/><sp/>}<sp/></highlight><highlight class="keywordflow">else</highlight><highlight class="normal"><sp/>{</highlight></codeline>
<codeline lineno="72"><highlight class="normal"><sp/><sp/><sp/><sp/><sp/><sp/><sp/><sp/><sp/><sp/><sp/><sp/>lblErrore.setText(</highlight><highlight class="stringliteral">&quot;Inserisci<sp/>email<sp/>e<sp/>password<sp/>valide.&quot;</highlight><highlight class="normal">);</highlight></codeline>
<codeline lineno="73"><highlight class="normal"><sp/><sp/><sp/><sp/><sp/><sp/><sp/><sp/>}</highlight></codeline>
<codeline lineno="74"><highlight class="normal"><sp/><sp/><sp/><sp/>}</highlight></codeline>
<codeline lineno="75"><highlight class="normal">}</highlight></codeline>
    </programlisting>
    <location file="C:/Users/elena/Documents/NetBeansProjects/BibliotecaInDS/src/main/java/com/mycompany/bibliotecainds/controller/LoginController.java"/>
  </compounddef>
</doxygen>
