<?xml version='1.0' encoding='UTF-8' standalone='no'?>
<doxygen xmlns:xsi="http://www.w3.org/2001/XMLSchema-instance" xsi:noNamespaceSchemaLocation="compound.xsd" version="1.15.0" xml:lang="en-US">
  <compounddef id="_personale_8java" kind="file" language="Java">
    <compoundname>Personale.java</compoundname>
    <includes local="no">java.io.Serializable</includes>
    <incdepgraph>
      <node id="1">
        <label>C:/Users/elena/Documents/NetBeansProjects/BibliotecaInDS/src/main/java/com/mycompany/bibliotecainds/model/Personale.java</label>
        <link refid="_personale_8java"/>
        <childnode refid="2" relation="include">
        </childnode>
      </node>
      <node id="2">
        <label>java.io.Serializable</label>
      </node>
    </incdepgraph>
    <innerclass refid="classcom_1_1mycompany_1_1bibliotecainds_1_1model_1_1_personale" prot="public">com::mycompany::bibliotecainds::model::Personale</innerclass>
    <innernamespace refid="namespacecom_1_1mycompany_1_1bibliotecainds_1_1model">com::mycompany::bibliotecainds::model</innernamespace>
    <briefdescription>
<para>Rappresenta un membro del personale della biblioteca. </para>
    </briefdescription>
    <detaileddescription>
<para>La classe Personale contiene le informazioni base relative al personale della biblioteca, come ad esempio:<itemizedlist>
<listitem><para>Mail</para>
</listitem><listitem><para>Password Mette a disposizione i metodi per la gestione degli utenti e del catalogo <simplesect kind="author"><para>Giuseppe, Sara, Vincenzo, Elena </para>
</simplesect>
<simplesect kind="date"><para>6 dicembre 2025 </para>
</simplesect>
</para>
</listitem></itemizedlist>
</para>
    </detaileddescription>
    <programlisting>
<codeline lineno="1"><highlight class="normal"></highlight></codeline>
<codeline lineno="14"><highlight class="normal"></highlight><highlight class="keyword">package<sp/></highlight><highlight class="normal">com.mycompany.bibliotecainds.model;</highlight></codeline>
<codeline lineno="15"><highlight class="normal"></highlight></codeline>
<codeline lineno="16"><highlight class="normal"></highlight><highlight class="keyword">import</highlight><highlight class="normal"><sp/>java.io.Serializable;</highlight></codeline>
<codeline lineno="24" refid="classcom_1_1mycompany_1_1bibliotecainds_1_1model_1_1_personale" refkind="compound"><highlight class="normal"></highlight><highlight class="keyword">public</highlight><highlight class="normal"><sp/></highlight><highlight class="keyword">class<sp/></highlight><highlight class="normal"><ref refid="classcom_1_1mycompany_1_1bibliotecainds_1_1model_1_1_personale_1ab4f783d9aedeef4bf5b9f02494f434b4" kindref="member">Personale</ref><sp/></highlight><highlight class="keyword">implements</highlight><highlight class="normal"><sp/>Serializable<sp/>{</highlight></codeline>
<codeline lineno="25"><highlight class="normal"><sp/><sp/><sp/><sp/></highlight><highlight class="keyword">private</highlight><highlight class="normal"><sp/>String<sp/>email;<sp/></highlight></codeline>
<codeline lineno="26"><highlight class="normal"><sp/><sp/><sp/><sp/></highlight><highlight class="keyword">private</highlight><highlight class="normal"><sp/>String<sp/>password;<sp/></highlight></codeline>
<codeline lineno="27"><highlight class="normal"><sp/><sp/><sp/><sp/></highlight></codeline>
<codeline lineno="35"><highlight class="normal"><sp/><sp/><sp/><sp/></highlight></codeline>
<codeline lineno="36"><highlight class="normal"><sp/><sp/><sp/><sp/></highlight><highlight class="keyword">public</highlight><highlight class="normal"><sp/><ref refid="classcom_1_1mycompany_1_1bibliotecainds_1_1model_1_1_personale_1ab4f783d9aedeef4bf5b9f02494f434b4" kindref="member">Personale</ref>(String<sp/>email,<sp/>String<sp/>password){</highlight></codeline>
<codeline lineno="37"><highlight class="normal"><sp/><sp/><sp/><sp/><sp/><sp/><sp/><sp/>this.email=email;</highlight></codeline>
<codeline lineno="38"><highlight class="normal"><sp/><sp/><sp/><sp/><sp/><sp/><sp/><sp/>this.password=password;</highlight></codeline>
<codeline lineno="39"><highlight class="normal"><sp/><sp/><sp/><sp/>}</highlight></codeline>
<codeline lineno="40"><highlight class="normal"><sp/><sp/><sp/><sp/></highlight></codeline>
<codeline lineno="45"><highlight class="normal"><sp/><sp/><sp/><sp/></highlight></codeline>
<codeline lineno="46"><highlight class="normal"><sp/><sp/><sp/><sp/></highlight><highlight class="keyword">public</highlight><highlight class="normal"><sp/>String<sp/><ref refid="classcom_1_1mycompany_1_1bibliotecainds_1_1model_1_1_personale_1aa7c7ba37f551509dd7082a9635adead6" kindref="member">getEmail</ref>(){<sp/></highlight><highlight class="keywordflow">return</highlight><highlight class="normal"><sp/>email;}</highlight></codeline>
<codeline lineno="47"><highlight class="normal"><sp/><sp/><sp/><sp/></highlight></codeline>
<codeline lineno="52"><highlight class="normal"><sp/><sp/><sp/><sp/></highlight></codeline>
<codeline lineno="53"><highlight class="normal"><sp/><sp/><sp/><sp/></highlight><highlight class="keyword">public</highlight><highlight class="normal"><sp/>String<sp/><ref refid="classcom_1_1mycompany_1_1bibliotecainds_1_1model_1_1_personale_1acb127af8037c0a69ac061c836448a7b2" kindref="member">getPassword</ref>(){</highlight><highlight class="keywordflow">return</highlight><highlight class="normal"><sp/>password;}</highlight></codeline>
<codeline lineno="54"><highlight class="normal"><sp/><sp/><sp/><sp/></highlight></codeline>
<codeline lineno="59"><highlight class="normal"><sp/><sp/><sp/><sp/></highlight></codeline>
<codeline lineno="60"><highlight class="normal"><sp/><sp/><sp/><sp/></highlight><highlight class="keyword">public</highlight><highlight class="normal"><sp/></highlight><highlight class="keywordtype">void</highlight><highlight class="normal"><sp/><ref refid="classcom_1_1mycompany_1_1bibliotecainds_1_1model_1_1_personale_1a37d11e30a6872aa478686b8f24342901" kindref="member">modificaCatalogo</ref>(){}</highlight></codeline>
<codeline lineno="61"><highlight class="normal"><sp/><sp/><sp/><sp/></highlight></codeline>
<codeline lineno="66"><highlight class="normal"><sp/><sp/><sp/><sp/></highlight></codeline>
<codeline lineno="67"><highlight class="normal"><sp/><sp/><sp/><sp/></highlight><highlight class="keyword">public</highlight><highlight class="normal"><sp/></highlight><highlight class="keywordtype">void</highlight><highlight class="normal"><sp/><ref refid="classcom_1_1mycompany_1_1bibliotecainds_1_1model_1_1_personale_1a5630efc93f5dde3e06ab5af9f018ef6b" kindref="member">gestisciUtenti</ref>(){}</highlight></codeline>
<codeline lineno="68"><highlight class="normal">}</highlight></codeline>
    </programlisting>
    <location file="C:/Users/elena/Documents/NetBeansProjects/BibliotecaInDS/src/main/java/com/mycompany/bibliotecainds/model/Personale.java"/>
  </compounddef>
</doxygen>
