<?xml version='1.0' encoding='UTF-8' standalone='no'?>
<doxygen xmlns:xsi="http://www.w3.org/2001/XMLSchema-instance" xsi:noNamespaceSchemaLocation="compound.xsd" version="1.15.0" xml:lang="en-US">
  <compounddef id="_prestito_service_impl_8java" kind="file" language="Java">
    <compoundname>PrestitoServiceImpl.java</compoundname>
    <includes local="no">com.mycompany.bibliotecainds.data.Archivio</includes>
    <includes local="no">com.mycompany.bibliotecainds.model.*</includes>
    <includes local="no">java.time.LocalDate</includes>
    <incdepgraph>
      <node id="1">
        <label>C:/Users/elena/Documents/NetBeansProjects/BibliotecaInDS/src/main/java/com/mycompany/bibliotecainds/service/PrestitoServiceImpl.java</label>
        <link refid="_prestito_service_impl_8java"/>
        <childnode refid="2" relation="include">
        </childnode>
        <childnode refid="3" relation="include">
        </childnode>
        <childnode refid="4" relation="include">
        </childnode>
      </node>
      <node id="2">
        <label>com.mycompany.bibliotecainds.data.Archivio</label>
      </node>
      <node id="3">
        <label>com.mycompany.bibliotecainds.model.*</label>
      </node>
      <node id="4">
        <label>java.time.LocalDate</label>
      </node>
    </incdepgraph>
    <innerclass refid="classcom_1_1mycompany_1_1bibliotecainds_1_1service_1_1_prestito_service_impl" prot="public">com::mycompany::bibliotecainds::service::PrestitoServiceImpl</innerclass>
    <innernamespace refid="namespacecom_1_1mycompany_1_1bibliotecainds_1_1service">com::mycompany::bibliotecainds::service</innernamespace>
    <briefdescription>
    </briefdescription>
    <detaileddescription>
    </detaileddescription>
    <programlisting>
<codeline lineno="1"><highlight class="comment">/*</highlight></codeline>
<codeline lineno="2"><highlight class="comment"><sp/>*<sp/>@file<sp/>PrestitoServiceImpl.java</highlight></codeline>
<codeline lineno="3"><highlight class="comment"><sp/>*<sp/>@brief<sp/>Implementazione<sp/>del<sp/>servizio<sp/>di<sp/>gestione<sp/>prestiti.</highlight></codeline>
<codeline lineno="4"><highlight class="comment"><sp/>*</highlight></codeline>
<codeline lineno="5"><highlight class="comment"><sp/>*<sp/>Questa<sp/>classe<sp/>implementa<sp/>l&apos;interfaccia<sp/>PrestitoService<sp/>e<sp/>fornisce<sp/>le<sp/>funzionalità</highlight></codeline>
<codeline lineno="6"><highlight class="comment"><sp/>*<sp/>principali<sp/>per:</highlight></codeline>
<codeline lineno="7"><highlight class="comment"><sp/>*<sp/>-<sp/>Regisrazione<sp/>di<sp/>un<sp/>nuovo<sp/>prestito<sp/>se<sp/>il<sp/>libro<sp/>risulta<sp/>disponibile<sp/>e<sp/>l&apos;utente<sp/>ha<sp/>i<sp/>requisiti<sp/>giusti</highlight></codeline>
<codeline lineno="8"><highlight class="comment"><sp/>*<sp/>-<sp/>Aggiornamento<sp/>copie<sp/>disponibili<sp/>e<sp/>associazione<sp/>del<sp/>prestito<sp/>all&apos;utente</highlight></codeline>
<codeline lineno="9"><highlight class="comment"><sp/>*<sp/>-<sp/>Rimozione<sp/>del<sp/>prestito<sp/>e<sp/>aggiornamento<sp/>delle<sp/>copie<sp/>alla<sp/>restituzione</highlight></codeline>
<codeline lineno="10"><highlight class="comment"><sp/>*</highlight></codeline>
<codeline lineno="11"><highlight class="comment"><sp/>*<sp/>Utilizza<sp/>il<sp/>pattern<sp/>Singleton<sp/>tramite<sp/>la<sp/>classe<sp/>Archivio<sp/>per<sp/>la<sp/>gestione<sp/>centralizzata</highlight></codeline>
<codeline lineno="12"><highlight class="comment"><sp/>*<sp/>dei<sp/>prestiti<sp/>attivi.</highlight></codeline>
<codeline lineno="13"><highlight class="comment"><sp/>*</highlight></codeline>
<codeline lineno="14"><highlight class="comment"><sp/>*<sp/>@author<sp/>Giuseppe<sp/>Sara<sp/>Vincenzo<sp/>Elena</highlight></codeline>
<codeline lineno="15"><highlight class="comment"><sp/>*<sp/>@date<sp/>8<sp/>dicembre<sp/>2025</highlight></codeline>
<codeline lineno="16"><highlight class="comment"><sp/>*/</highlight><highlight class="normal"></highlight></codeline>
<codeline lineno="17"><highlight class="normal"></highlight><highlight class="keyword">package<sp/></highlight><highlight class="normal">com.mycompany.bibliotecainds.service;</highlight></codeline>
<codeline lineno="18"><highlight class="normal"></highlight></codeline>
<codeline lineno="19"><highlight class="normal"></highlight><highlight class="keyword">import</highlight><highlight class="normal"><sp/>com.mycompany.bibliotecainds.data.Archivio;</highlight></codeline>
<codeline lineno="20"><highlight class="normal"></highlight><highlight class="keyword">import</highlight><highlight class="normal"><sp/>com.mycompany.bibliotecainds.model.*;</highlight></codeline>
<codeline lineno="21"><highlight class="normal"></highlight><highlight class="keyword">import</highlight><highlight class="normal"><sp/>java.time.LocalDate;</highlight></codeline>
<codeline lineno="30" refid="classcom_1_1mycompany_1_1bibliotecainds_1_1service_1_1_prestito_service_impl" refkind="compound"><highlight class="normal"></highlight><highlight class="keyword">public</highlight><highlight class="normal"><sp/></highlight><highlight class="keyword">class<sp/></highlight><highlight class="normal"><ref refid="classcom_1_1mycompany_1_1bibliotecainds_1_1service_1_1_prestito_service_impl" kindref="compound">PrestitoServiceImpl</ref><sp/></highlight><highlight class="keyword">implements</highlight><highlight class="normal"><sp/><ref refid="interfacecom_1_1mycompany_1_1bibliotecainds_1_1service_1_1_prestito_service" kindref="compound">PrestitoService</ref><sp/>{</highlight></codeline>
<codeline lineno="31"><highlight class="normal"><sp/><sp/><sp/><sp/></highlight></codeline>
<codeline lineno="45"><highlight class="normal"></highlight></codeline>
<codeline lineno="46"><highlight class="normal"><sp/><sp/><sp/><sp/>@Override</highlight></codeline>
<codeline lineno="47"><highlight class="normal"><sp/><sp/><sp/><sp/></highlight><highlight class="keyword">public</highlight><highlight class="normal"><sp/></highlight><highlight class="keywordtype">boolean</highlight><highlight class="normal"><sp/><ref refid="classcom_1_1mycompany_1_1bibliotecainds_1_1service_1_1_prestito_service_impl_1af18131d6e27c9d919067c9339b5c32da" kindref="member">registraPrestito</ref>(<ref refid="classcom_1_1mycompany_1_1bibliotecainds_1_1model_1_1_utente" kindref="compound">Utente</ref><sp/>utente,<sp/><ref refid="classcom_1_1mycompany_1_1bibliotecainds_1_1model_1_1_libro" kindref="compound">Libro</ref><sp/>libro)<sp/></highlight><highlight class="keywordflow">throws</highlight><highlight class="normal"><sp/>Exception<sp/>{</highlight></codeline>
<codeline lineno="48"><highlight class="normal"><sp/><sp/><sp/><sp/><sp/><sp/><sp/><sp/></highlight><highlight class="comment">//<sp/>Logica<sp/>spostata<sp/>dal<sp/>Controller<sp/>a<sp/>qui</highlight><highlight class="normal"></highlight></codeline>
<codeline lineno="49"><highlight class="normal"><sp/><sp/><sp/><sp/><sp/><sp/><sp/><sp/></highlight><highlight class="keywordflow">if</highlight><highlight class="normal"><sp/>(libro.<ref refid="classcom_1_1mycompany_1_1bibliotecainds_1_1model_1_1_libro_1aebb2b946723faa42c699b631356b6b64" kindref="member">getCopieDisponibili</ref>()&lt;=0)<sp/>{</highlight></codeline>
<codeline lineno="50"><highlight class="normal"><sp/><sp/><sp/><sp/><sp/><sp/><sp/><sp/><sp/><sp/><sp/><sp/></highlight><highlight class="keywordflow">throw</highlight><highlight class="normal"><sp/></highlight><highlight class="keyword">new</highlight><highlight class="normal"><sp/>Exception(</highlight><highlight class="stringliteral">&quot;Libro<sp/>non<sp/>disponibile&quot;</highlight><highlight class="normal">);</highlight></codeline>
<codeline lineno="51"><highlight class="normal"><sp/><sp/><sp/><sp/><sp/><sp/><sp/><sp/>}</highlight></codeline>
<codeline lineno="52"><highlight class="normal"><sp/><sp/><sp/><sp/><sp/><sp/><sp/><sp/></highlight><highlight class="keywordflow">if</highlight><highlight class="normal"><sp/>(!utente.<ref refid="classcom_1_1mycompany_1_1bibliotecainds_1_1model_1_1_utente_1ac19da60ad838339cc489f57ec7e4f7e9" kindref="member">concediPrestito</ref>())<sp/>{</highlight></codeline>
<codeline lineno="53"><highlight class="normal"><sp/><sp/><sp/><sp/><sp/><sp/><sp/><sp/><sp/><sp/><sp/><sp/></highlight><highlight class="keywordflow">throw</highlight><highlight class="normal"><sp/></highlight><highlight class="keyword">new</highlight><highlight class="normal"><sp/>Exception(</highlight><highlight class="stringliteral">&quot;Limite<sp/>prestiti<sp/>raggiunto<sp/>per<sp/>l&apos;utente&quot;</highlight><highlight class="normal">);</highlight></codeline>
<codeline lineno="54"><highlight class="normal"><sp/><sp/><sp/><sp/><sp/><sp/><sp/><sp/>}</highlight></codeline>
<codeline lineno="55"><highlight class="normal"></highlight></codeline>
<codeline lineno="56"><highlight class="normal"><sp/><sp/><sp/><sp/><sp/><sp/><sp/><sp/><ref refid="classcom_1_1mycompany_1_1bibliotecainds_1_1model_1_1_prestito" kindref="compound">Prestito</ref><sp/>p<sp/>=<sp/></highlight><highlight class="keyword">new</highlight><highlight class="normal"><sp/><ref refid="classcom_1_1mycompany_1_1bibliotecainds_1_1model_1_1_prestito" kindref="compound">Prestito</ref>(libro,<sp/>LocalDate.now(),<sp/>utente);</highlight></codeline>
<codeline lineno="57"><highlight class="normal"><sp/><sp/><sp/><sp/><sp/><sp/><sp/><sp/>libro.<ref refid="classcom_1_1mycompany_1_1bibliotecainds_1_1model_1_1_libro_1a0963b8727d2aea8e510e3ee1f323a935" kindref="member">decrementaCopie</ref>();</highlight></codeline>
<codeline lineno="58"><highlight class="normal"><sp/><sp/><sp/><sp/><sp/><sp/><sp/><sp/>utente.<ref refid="classcom_1_1mycompany_1_1bibliotecainds_1_1model_1_1_utente_1aa3810b3a9ed1ad2cc03e560a8649c8d4" kindref="member">aggiungiPrestito</ref>(p);</highlight></codeline>
<codeline lineno="59"><highlight class="normal"><sp/><sp/><sp/><sp/><sp/><sp/><sp/><sp/></highlight></codeline>
<codeline lineno="60"><highlight class="normal"><sp/><sp/><sp/><sp/><sp/><sp/><sp/><sp/><ref refid="classcom_1_1mycompany_1_1bibliotecainds_1_1data_1_1_archivio" kindref="compound">Archivio</ref>.<ref refid="classcom_1_1mycompany_1_1bibliotecainds_1_1data_1_1_archivio_1acaa052eff6f8c3b47ca522346db3e428" kindref="member">getInstance</ref>().<ref refid="classcom_1_1mycompany_1_1bibliotecainds_1_1data_1_1_archivio_1a44439bec30599028cb3eb338544202ff" kindref="member">getPrestitiAttivi</ref>().add(p);</highlight></codeline>
<codeline lineno="61"><highlight class="normal"><sp/><sp/><sp/><sp/><sp/><sp/><sp/><sp/></highlight></codeline>
<codeline lineno="62"><highlight class="normal"><sp/><sp/><sp/><sp/><sp/><sp/><sp/><sp/></highlight><highlight class="keywordflow">return</highlight><highlight class="normal"><sp/></highlight><highlight class="keyword">true</highlight><highlight class="normal">;</highlight></codeline>
<codeline lineno="63"><highlight class="normal"><sp/><sp/><sp/><sp/>}</highlight></codeline>
<codeline lineno="73"><highlight class="normal"><sp/><sp/><sp/><sp/>@Override</highlight></codeline>
<codeline lineno="74"><highlight class="normal"><sp/><sp/><sp/><sp/></highlight><highlight class="keyword">public</highlight><highlight class="normal"><sp/></highlight><highlight class="keywordtype">void</highlight><highlight class="normal"><sp/><ref refid="classcom_1_1mycompany_1_1bibliotecainds_1_1service_1_1_prestito_service_impl_1a42c66647d40d6da1c56836aedc3c4175" kindref="member">restituisciPrestito</ref>(<ref refid="classcom_1_1mycompany_1_1bibliotecainds_1_1model_1_1_prestito" kindref="compound">Prestito</ref><sp/>p)<sp/>{</highlight></codeline>
<codeline lineno="75"><highlight class="normal"><sp/><sp/><sp/><sp/><sp/><sp/><sp/><sp/>p.<ref refid="classcom_1_1mycompany_1_1bibliotecainds_1_1model_1_1_prestito_1a10842162cc219283443f5670c979712f" kindref="member">getLibro</ref>().<ref refid="classcom_1_1mycompany_1_1bibliotecainds_1_1model_1_1_libro_1aca41b8f1712337dae471ee939002a5c7" kindref="member">incrementaCopie</ref>();</highlight></codeline>
<codeline lineno="76"><highlight class="normal"><sp/><sp/><sp/><sp/><sp/><sp/><sp/><sp/>p.<ref refid="classcom_1_1mycompany_1_1bibliotecainds_1_1model_1_1_prestito_1a22bd887b4d9101fdf94627bc2e8d740e" kindref="member">getUtente</ref>().<ref refid="classcom_1_1mycompany_1_1bibliotecainds_1_1model_1_1_utente_1a9cf7b5122caef8470b89e134f1484cc5" kindref="member">rimuoviPrestito</ref>(p);</highlight></codeline>
<codeline lineno="77"><highlight class="normal"><sp/><sp/><sp/><sp/><sp/><sp/><sp/><sp/><ref refid="classcom_1_1mycompany_1_1bibliotecainds_1_1data_1_1_archivio" kindref="compound">Archivio</ref>.<ref refid="classcom_1_1mycompany_1_1bibliotecainds_1_1data_1_1_archivio_1acaa052eff6f8c3b47ca522346db3e428" kindref="member">getInstance</ref>().<ref refid="classcom_1_1mycompany_1_1bibliotecainds_1_1data_1_1_archivio_1a44439bec30599028cb3eb338544202ff" kindref="member">getPrestitiAttivi</ref>().remove(p);</highlight></codeline>
<codeline lineno="78"><highlight class="normal"><sp/><sp/><sp/><sp/>}</highlight></codeline>
<codeline lineno="79"><highlight class="normal">}</highlight></codeline>
    </programlisting>
    <location file="C:/Users/elena/Documents/NetBeansProjects/BibliotecaInDS/src/main/java/com/mycompany/bibliotecainds/service/PrestitoServiceImpl.java"/>
  </compounddef>
</doxygen>
