<?xml version='1.0' encoding='UTF-8' standalone='no'?>
<doxygen xmlns:xsi="http://www.w3.org/2001/XMLSchema-instance" xsi:noNamespaceSchemaLocation="compound.xsd" version="1.15.0" xml:lang="en-US">
  <compounddef id="_prestito_8java" kind="file" language="Java">
    <compoundname>Prestito.java</compoundname>
    <includes local="no">java.time.LocalDate</includes>
    <includes local="no">java.io.Serializable</includes>
    <incdepgraph>
      <node id="1">
        <label>C:/Users/elena/Documents/NetBeansProjects/BibliotecaInDS/src/main/java/com/mycompany/bibliotecainds/model/Prestito.java</label>
        <link refid="_prestito_8java"/>
        <childnode refid="2" relation="include">
        </childnode>
        <childnode refid="3" relation="include">
        </childnode>
      </node>
      <node id="3">
        <label>java.io.Serializable</label>
      </node>
      <node id="2">
        <label>java.time.LocalDate</label>
      </node>
    </incdepgraph>
    <innerclass refid="classcom_1_1mycompany_1_1bibliotecainds_1_1model_1_1_prestito" prot="public">com::mycompany::bibliotecainds::model::Prestito</innerclass>
    <innernamespace refid="namespacecom_1_1mycompany_1_1bibliotecainds_1_1model">com::mycompany::bibliotecainds::model</innernamespace>
    <briefdescription>
<para>Modella un prestito fatto ad un utente. </para>
    </briefdescription>
    <detaileddescription>
<para>Questa classe rappresenta un prestito effettuato ad un utente Per ogni prestito vengono memorizzati:<itemizedlist>
<listitem><para>Il libro preso in prestito</para>
</listitem><listitem><para>La data del prestito</para>
</listitem><listitem><para>La data di scadenza (30 giorni dopo il prestito)</para>
</listitem><listitem><para>L&apos;utente che ha effettuato il prestito</para>
</listitem></itemizedlist>
</para>
<para>Include anche un metodo di verifica della scadenza del prestito</para>
<para><simplesect kind="author"><para>Giuseppe, Sara, Vincenzo, Elena </para>
</simplesect>
<simplesect kind="date"><para>6 dicembre 2025 </para>
</simplesect>
</para>
    </detaileddescription>
    <programlisting>
<codeline lineno="1"><highlight class="normal"></highlight></codeline>
<codeline lineno="17"><highlight class="normal"></highlight><highlight class="keyword">package<sp/></highlight><highlight class="normal">com.mycompany.bibliotecainds.model;</highlight></codeline>
<codeline lineno="18"><highlight class="normal"></highlight></codeline>
<codeline lineno="19"><highlight class="normal"></highlight><highlight class="keyword">import</highlight><highlight class="normal"><sp/>java.time.LocalDate;</highlight></codeline>
<codeline lineno="20"><highlight class="normal"></highlight><highlight class="keyword">import</highlight><highlight class="normal"><sp/>java.io.Serializable;</highlight></codeline>
<codeline lineno="21"><highlight class="normal"></highlight></codeline>
<codeline lineno="28"><highlight class="normal"></highlight></codeline>
<codeline lineno="29" refid="classcom_1_1mycompany_1_1bibliotecainds_1_1model_1_1_prestito" refkind="compound"><highlight class="normal"></highlight><highlight class="keyword">public</highlight><highlight class="normal"><sp/></highlight><highlight class="keyword">class<sp/></highlight><highlight class="normal"><ref refid="classcom_1_1mycompany_1_1bibliotecainds_1_1model_1_1_prestito_1a15af9a316b19f17cebbf736a1fed1d10" kindref="member">Prestito</ref><sp/></highlight><highlight class="keyword">implements</highlight><highlight class="normal"><sp/>Serializable{</highlight></codeline>
<codeline lineno="30"><highlight class="normal"><sp/><sp/><sp/><sp/></highlight><highlight class="keyword">private</highlight><highlight class="normal"><sp/><ref refid="classcom_1_1mycompany_1_1bibliotecainds_1_1model_1_1_libro" kindref="compound">Libro</ref><sp/>libro;<sp/></highlight></codeline>
<codeline lineno="31"><highlight class="normal"><sp/><sp/><sp/><sp/></highlight><highlight class="keyword">private</highlight><highlight class="normal"><sp/>LocalDate<sp/>dataPrestito;<sp/></highlight></codeline>
<codeline lineno="32"><highlight class="normal"><sp/><sp/><sp/><sp/></highlight><highlight class="keyword">private</highlight><highlight class="normal"><sp/>LocalDate<sp/>dataScadenza;<sp/></highlight></codeline>
<codeline lineno="33"><highlight class="normal"><sp/><sp/><sp/><sp/></highlight><highlight class="keyword">private</highlight><highlight class="normal"><sp/><ref refid="classcom_1_1mycompany_1_1bibliotecainds_1_1model_1_1_utente" kindref="compound">Utente</ref><sp/>utente;<sp/></highlight></codeline>
<codeline lineno="34"><highlight class="normal"><sp/><sp/><sp/><sp/></highlight></codeline>
<codeline lineno="44"><highlight class="normal"></highlight></codeline>
<codeline lineno="45"><highlight class="normal"><sp/><sp/><sp/><sp/></highlight><highlight class="keyword">public</highlight><highlight class="normal"><sp/><ref refid="classcom_1_1mycompany_1_1bibliotecainds_1_1model_1_1_prestito_1a15af9a316b19f17cebbf736a1fed1d10" kindref="member">Prestito</ref>(<ref refid="classcom_1_1mycompany_1_1bibliotecainds_1_1model_1_1_libro" kindref="compound">Libro</ref><sp/>libro,<sp/>LocalDate<sp/>dataPrestito,<sp/><ref refid="classcom_1_1mycompany_1_1bibliotecainds_1_1model_1_1_utente" kindref="compound">Utente</ref><sp/>utente)<sp/>{</highlight></codeline>
<codeline lineno="46"><highlight class="normal"><sp/><sp/><sp/><sp/><sp/><sp/><sp/><sp/>this.libro<sp/>=<sp/>libro;</highlight></codeline>
<codeline lineno="47"><highlight class="normal"><sp/><sp/><sp/><sp/><sp/><sp/><sp/><sp/>this.dataPrestito<sp/>=<sp/>dataPrestito;</highlight></codeline>
<codeline lineno="48"><highlight class="normal"><sp/><sp/><sp/><sp/><sp/><sp/><sp/><sp/>this.dataScadenza=<sp/>dataPrestito.plusDays(30);</highlight></codeline>
<codeline lineno="49"><highlight class="normal"><sp/><sp/><sp/><sp/><sp/><sp/><sp/><sp/>this.utente=utente;</highlight></codeline>
<codeline lineno="50"><highlight class="normal"><sp/><sp/><sp/><sp/>}</highlight></codeline>
<codeline lineno="51"><highlight class="normal"><sp/><sp/><sp/><sp/></highlight></codeline>
<codeline lineno="56"><highlight class="normal"><sp/><sp/><sp/><sp/></highlight></codeline>
<codeline lineno="57"><highlight class="normal"><sp/><sp/><sp/><sp/></highlight><highlight class="keyword">public</highlight><highlight class="normal"><sp/><ref refid="classcom_1_1mycompany_1_1bibliotecainds_1_1model_1_1_libro" kindref="compound">Libro</ref><sp/><ref refid="classcom_1_1mycompany_1_1bibliotecainds_1_1model_1_1_prestito_1a10842162cc219283443f5670c979712f" kindref="member">getLibro</ref>(){<sp/></highlight><highlight class="keywordflow">return</highlight><highlight class="normal"><sp/>libro;<sp/>}</highlight></codeline>
<codeline lineno="58"><highlight class="normal"><sp/><sp/><sp/><sp/></highlight></codeline>
<codeline lineno="63"><highlight class="normal"><sp/><sp/><sp/><sp/></highlight></codeline>
<codeline lineno="64"><highlight class="normal"><sp/><sp/><sp/><sp/></highlight><highlight class="keyword">public</highlight><highlight class="normal"><sp/>LocalDate<sp/><ref refid="classcom_1_1mycompany_1_1bibliotecainds_1_1model_1_1_prestito_1a25c2fd38504e1ec885d7fb6303e6ed0e" kindref="member">getDataPrestito</ref>(){<sp/></highlight><highlight class="keywordflow">return</highlight><highlight class="normal"><sp/>dataPrestito;<sp/>}</highlight></codeline>
<codeline lineno="65"><highlight class="normal"><sp/><sp/><sp/><sp/></highlight></codeline>
<codeline lineno="70"><highlight class="normal"><sp/><sp/><sp/><sp/></highlight></codeline>
<codeline lineno="71"><highlight class="normal"><sp/><sp/><sp/><sp/></highlight><highlight class="keyword">public</highlight><highlight class="normal"><sp/><ref refid="classcom_1_1mycompany_1_1bibliotecainds_1_1model_1_1_utente" kindref="compound">Utente</ref><sp/><ref refid="classcom_1_1mycompany_1_1bibliotecainds_1_1model_1_1_prestito_1a22bd887b4d9101fdf94627bc2e8d740e" kindref="member">getUtente</ref>(){<sp/></highlight><highlight class="keywordflow">return</highlight><highlight class="normal"><sp/>utente;<sp/>}</highlight></codeline>
<codeline lineno="72"><highlight class="normal"><sp/><sp/><sp/><sp/></highlight></codeline>
<codeline lineno="77"><highlight class="normal"><sp/><sp/><sp/><sp/></highlight></codeline>
<codeline lineno="78"><highlight class="normal"><sp/><sp/><sp/><sp/></highlight><highlight class="keyword">public</highlight><highlight class="normal"><sp/>LocalDate<sp/><ref refid="classcom_1_1mycompany_1_1bibliotecainds_1_1model_1_1_prestito_1a999196d55409727117987306faa4814e" kindref="member">getDataScadenza</ref>(){</highlight><highlight class="keywordflow">return</highlight><highlight class="normal"><sp/>dataScadenza;}</highlight></codeline>
<codeline lineno="79"><highlight class="normal"><sp/><sp/><sp/><sp/></highlight></codeline>
<codeline lineno="87"><highlight class="normal"><sp/><sp/><sp/><sp/></highlight></codeline>
<codeline lineno="88"><highlight class="normal"><sp/><sp/><sp/><sp/></highlight><highlight class="keyword">public</highlight><highlight class="normal"><sp/></highlight><highlight class="keywordtype">boolean</highlight><highlight class="normal"><sp/><ref refid="classcom_1_1mycompany_1_1bibliotecainds_1_1model_1_1_prestito_1a07f4004219667a409904f7d883e04fa6" kindref="member">isScaduto</ref>(){</highlight></codeline>
<codeline lineno="89"><highlight class="normal"><sp/><sp/><sp/><sp/><sp/><sp/><sp/><sp/></highlight><highlight class="keywordflow">return</highlight><highlight class="normal"><sp/>LocalDate.now().isAfter(dataScadenza);</highlight></codeline>
<codeline lineno="90"><highlight class="normal"><sp/><sp/><sp/><sp/>}</highlight></codeline>
<codeline lineno="91"><highlight class="normal">}</highlight></codeline>
    </programlisting>
    <location file="C:/Users/elena/Documents/NetBeansProjects/BibliotecaInDS/src/main/java/com/mycompany/bibliotecainds/model/Prestito.java"/>
  </compounddef>
</doxygen>
