<?xml version='1.0' encoding='UTF-8' standalone='no'?>
<doxygen xmlns:xsi="http://www.w3.org/2001/XMLSchema-instance" xsi:noNamespaceSchemaLocation="compound.xsd" version="1.15.0" xml:lang="en-US">
  <compounddef id="_prestito_service_8java" kind="file" language="Java">
    <compoundname>PrestitoService.java</compoundname>
    <includes local="no">com.mycompany.bibliotecainds.model.*</includes>
    <incdepgraph>
      <node id="1">
        <label>C:/Users/elena/Documents/NetBeansProjects/BibliotecaInDS/src/main/java/com/mycompany/bibliotecainds/service/PrestitoService.java</label>
        <link refid="_prestito_service_8java"/>
        <childnode refid="2" relation="include">
        </childnode>
      </node>
      <node id="2">
        <label>com.mycompany.bibliotecainds.model.*</label>
      </node>
    </incdepgraph>
    <innerclass refid="interfacecom_1_1mycompany_1_1bibliotecainds_1_1service_1_1_prestito_service" prot="public">com::mycompany::bibliotecainds::service::PrestitoService</innerclass>
    <innernamespace refid="namespacecom_1_1mycompany_1_1bibliotecainds_1_1service">com::mycompany::bibliotecainds::service</innernamespace>
    <briefdescription>
<para>Interfaccia per la gestione dei prestiti dei libri. </para>
    </briefdescription>
    <detaileddescription>
<para>Questa interfaccia definisce le operazioni principali relative alla gestione dei prestiti, tra cui:<itemizedlist>
<listitem><para>Registrazione di un nuovo prestito</para>
</listitem><listitem><para>Restituzione di un prestito</para>
</listitem></itemizedlist>
</para>
<para>Le implementazioni si occupano della logica applicativa, come controllare se il libro è disponibile o se l&apos;utente rispetta i requisiti per effettuare il prestito.</para>
<para><simplesect kind="author"><para>Giuseppe, Sara, Vincenzo, Elena </para>
</simplesect>
<simplesect kind="date"><para>7 dicembre 2025 </para>
</simplesect>
</para>
    </detaileddescription>
    <programlisting>
<codeline lineno="1"><highlight class="normal"></highlight></codeline>
<codeline lineno="17"><highlight class="normal"></highlight><highlight class="keyword">package<sp/></highlight><highlight class="normal">com.mycompany.bibliotecainds.service;</highlight></codeline>
<codeline lineno="18"><highlight class="normal"></highlight></codeline>
<codeline lineno="19"><highlight class="normal"></highlight><highlight class="keyword">import</highlight><highlight class="normal"><sp/>com.mycompany.bibliotecainds.model.*;</highlight></codeline>
<codeline lineno="20"><highlight class="normal"></highlight></codeline>
<codeline lineno="27"><highlight class="normal"></highlight></codeline>
<codeline lineno="28" refid="interfacecom_1_1mycompany_1_1bibliotecainds_1_1service_1_1_prestito_service" refkind="compound"><highlight class="normal"></highlight><highlight class="keyword">public</highlight><highlight class="normal"><sp/></highlight><highlight class="keyword">interface<sp/></highlight><highlight class="normal"><ref refid="interfacecom_1_1mycompany_1_1bibliotecainds_1_1service_1_1_prestito_service" kindref="compound">PrestitoService</ref><sp/>{</highlight></codeline>
<codeline lineno="29"><highlight class="normal"><sp/><sp/><sp/><sp/></highlight></codeline>
<codeline lineno="38"><highlight class="normal"><sp/><sp/><sp/><sp/></highlight></codeline>
<codeline lineno="39"><highlight class="normal"><sp/><sp/><sp/><sp/></highlight><highlight class="keyword">public</highlight><highlight class="normal"><sp/></highlight><highlight class="keywordtype">boolean</highlight><highlight class="normal"><sp/><ref refid="interfacecom_1_1mycompany_1_1bibliotecainds_1_1service_1_1_prestito_service_1a772cae0e8a2c627cadda93076cc3bfbf" kindref="member">registraPrestito</ref>(<ref refid="classcom_1_1mycompany_1_1bibliotecainds_1_1model_1_1_utente" kindref="compound">Utente</ref><sp/>utente,<sp/><ref refid="classcom_1_1mycompany_1_1bibliotecainds_1_1model_1_1_libro" kindref="compound">Libro</ref><sp/>libro)<sp/></highlight><highlight class="keywordflow">throws</highlight><highlight class="normal"><sp/>Exception;</highlight></codeline>
<codeline lineno="40"><highlight class="normal"><sp/><sp/><sp/><sp/></highlight></codeline>
<codeline lineno="47"><highlight class="normal"><sp/><sp/><sp/><sp/></highlight></codeline>
<codeline lineno="48"><highlight class="normal"><sp/><sp/><sp/><sp/></highlight><highlight class="keyword">public</highlight><highlight class="normal"><sp/></highlight><highlight class="keywordtype">void</highlight><highlight class="normal"><sp/><ref refid="interfacecom_1_1mycompany_1_1bibliotecainds_1_1service_1_1_prestito_service_1a29209b7f9ed198ff8904dada023ab6de" kindref="member">restituisciPrestito</ref>(<ref refid="classcom_1_1mycompany_1_1bibliotecainds_1_1model_1_1_prestito" kindref="compound">Prestito</ref><sp/>prestito);</highlight></codeline>
<codeline lineno="49"><highlight class="normal">}</highlight></codeline>
    </programlisting>
    <location file="C:/Users/elena/Documents/NetBeansProjects/BibliotecaInDS/src/main/java/com/mycompany/bibliotecainds/service/PrestitoService.java"/>
  </compounddef>
</doxygen>
