<?xml version='1.0' encoding='UTF-8' standalone='no'?>
<doxygen xmlns:xsi="http://www.w3.org/2001/XMLSchema-instance" xsi:noNamespaceSchemaLocation="compound.xsd" version="1.15.0" xml:lang="en-US">
  <compounddef id="_secondary_controller_8java" kind="file" language="Java">
    <compoundname>SecondaryController.java</compoundname>
    <includes local="no">com.mycompany.bibliotecainds.App</includes>
    <includes local="no">java.io.IOException</includes>
    <includes local="no">javafx.fxml.FXML</includes>
    <incdepgraph>
      <node id="1">
        <label>C:/Users/elena/Documents/NetBeansProjects/BibliotecaInDS/src/main/java/com/mycompany/bibliotecainds/controller/SecondaryController.java</label>
        <link refid="_secondary_controller_8java"/>
        <childnode refid="2" relation="include">
        </childnode>
        <childnode refid="3" relation="include">
        </childnode>
        <childnode refid="4" relation="include">
        </childnode>
      </node>
      <node id="2">
        <label>com.mycompany.bibliotecainds.App</label>
      </node>
      <node id="3">
        <label>java.io.IOException</label>
      </node>
      <node id="4">
        <label>javafx.fxml.FXML</label>
      </node>
    </incdepgraph>
    <innerclass refid="classcom_1_1mycompany_1_1bibliotecainds_1_1controller_1_1_secondary_controller" prot="public">com::mycompany::bibliotecainds::controller::SecondaryController</innerclass>
    <innernamespace refid="namespacecom_1_1mycompany_1_1bibliotecainds_1_1controller">com::mycompany::bibliotecainds::controller</innernamespace>
    <briefdescription>
<para>Controller della schermata secondaria dell&apos;app. </para>
    </briefdescription>
    <detaileddescription>
<para>Questo controller gestisce la schermata secondaria dell&apos;app, e permette di tornare a quella principale tramite una determinata azione effettuata dall&apos;utente</para>
<para><simplesect kind="author"><para>Giuseppe, Sara, Vincenzo, Elena </para>
</simplesect>
<simplesect kind="date"><para>7 dicembre 2025 </para>
</simplesect>
</para>
    </detaileddescription>
    <programlisting>
<codeline lineno="1"><highlight class="normal"></highlight></codeline>
<codeline lineno="11"><highlight class="normal"></highlight><highlight class="keyword">package<sp/></highlight><highlight class="normal">com.mycompany.bibliotecainds.controller;</highlight></codeline>
<codeline lineno="12"><highlight class="normal"></highlight></codeline>
<codeline lineno="13"><highlight class="normal"></highlight><highlight class="keyword">import</highlight><highlight class="normal"><sp/>com.mycompany.bibliotecainds.App;</highlight></codeline>
<codeline lineno="14"><highlight class="normal"></highlight><highlight class="keyword">import</highlight><highlight class="normal"><sp/>java.io.IOException;</highlight></codeline>
<codeline lineno="15"><highlight class="normal"></highlight><highlight class="keyword">import</highlight><highlight class="normal"><sp/>javafx.fxml.FXML;</highlight></codeline>
<codeline lineno="16"><highlight class="normal"></highlight></codeline>
<codeline lineno="23"><highlight class="normal"></highlight></codeline>
<codeline lineno="24" refid="classcom_1_1mycompany_1_1bibliotecainds_1_1controller_1_1_secondary_controller" refkind="compound"><highlight class="normal"></highlight><highlight class="keyword">public</highlight><highlight class="normal"><sp/></highlight><highlight class="keyword">class<sp/></highlight><highlight class="normal"><ref refid="classcom_1_1mycompany_1_1bibliotecainds_1_1controller_1_1_secondary_controller" kindref="compound">SecondaryController</ref><sp/>{</highlight></codeline>
<codeline lineno="25"><highlight class="normal"><sp/><sp/><sp/><sp/></highlight></codeline>
<codeline lineno="34"><highlight class="normal"></highlight></codeline>
<codeline lineno="35"><highlight class="normal"><sp/><sp/><sp/><sp/>@FXML</highlight></codeline>
<codeline lineno="36"><highlight class="normal"><sp/><sp/><sp/><sp/></highlight><highlight class="keyword">private</highlight><highlight class="normal"><sp/></highlight><highlight class="keywordtype">void</highlight><highlight class="normal"><sp/>switchToPrimary()<sp/></highlight><highlight class="keywordflow">throws</highlight><highlight class="normal"><sp/>IOException<sp/>{</highlight></codeline>
<codeline lineno="37"><highlight class="normal"><sp/><sp/><sp/><sp/><sp/><sp/><sp/><sp/><ref refid="classcom_1_1mycompany_1_1bibliotecainds_1_1_app" kindref="compound">App</ref>.<ref refid="classcom_1_1mycompany_1_1bibliotecainds_1_1_app_1a5984302de55d4df09b9bef4a51383cac" kindref="member">setRoot</ref>(</highlight><highlight class="stringliteral">&quot;primary&quot;</highlight><highlight class="normal">);</highlight></codeline>
<codeline lineno="38"><highlight class="normal"><sp/><sp/><sp/><sp/>}</highlight></codeline>
<codeline lineno="39"><highlight class="normal">}</highlight></codeline>
    </programlisting>
    <location file="C:/Users/elena/Documents/NetBeansProjects/BibliotecaInDS/src/main/java/com/mycompany/bibliotecainds/controller/SecondaryController.java"/>
  </compounddef>
</doxygen>
