<?xml version='1.0' encoding='UTF-8' standalone='no'?>
<doxygen xmlns:xsi="http://www.w3.org/2001/XMLSchema-instance" xsi:noNamespaceSchemaLocation="compound.xsd" version="1.15.0" xml:lang="en-US">
  <compounddef id="_utente_service_8java" kind="file" language="Java">
    <compoundname>UtenteService.java</compoundname>
    <includes local="no">com.mycompany.bibliotecainds.model.Utente</includes>
    <includes local="no">java.util.List</includes>
    <incdepgraph>
      <node id="1">
        <label>C:/Users/elena/Documents/NetBeansProjects/BibliotecaInDS/src/main/java/com/mycompany/bibliotecainds/service/UtenteService.java</label>
        <link refid="_utente_service_8java"/>
        <childnode refid="2" relation="include">
        </childnode>
        <childnode refid="3" relation="include">
        </childnode>
      </node>
      <node id="2">
        <label>com.mycompany.bibliotecainds.model.Utente</label>
      </node>
      <node id="3">
        <label>java.util.List</label>
      </node>
    </incdepgraph>
    <innerclass refid="interfacecom_1_1mycompany_1_1bibliotecainds_1_1service_1_1_utente_service" prot="public">com::mycompany::bibliotecainds::service::UtenteService</innerclass>
    <innernamespace refid="namespacecom_1_1mycompany_1_1bibliotecainds_1_1service">com::mycompany::bibliotecainds::service</innernamespace>
    <briefdescription>
    </briefdescription>
    <detaileddescription>
    </detaileddescription>
    <programlisting>
<codeline lineno="1"><highlight class="comment">/*</highlight></codeline>
<codeline lineno="2"><highlight class="comment"><sp/>*<sp/>@file<sp/>UtenteService.java</highlight></codeline>
<codeline lineno="3"><highlight class="comment"><sp/>*<sp/>@brief<sp/>Interfaccia<sp/>per<sp/>la<sp/>gestione<sp/>degli<sp/>utenti<sp/>nel<sp/>sistema<sp/>Biblioteca</highlight></codeline>
<codeline lineno="4"><highlight class="comment"><sp/>*</highlight></codeline>
<codeline lineno="5"><highlight class="comment"><sp/>*<sp/>Questa<sp/>interfaccia<sp/>definisce<sp/>le<sp/>operazioni<sp/>principali<sp/>relative<sp/>agli<sp/>utenti,</highlight></codeline>
<codeline lineno="6"><highlight class="comment"><sp/>*<sp/>permettendone<sp/>la<sp/>registrazione,<sp/>la<sp/>rimozione<sp/>e<sp/>la<sp/>ricerca.</highlight></codeline>
<codeline lineno="7"><highlight class="comment"><sp/>*<sp/>Le<sp/>implementazioni<sp/>gestiranno<sp/>la<sp/>logica<sp/>di<sp/>validazione<sp/>dati,<sp/></highlight></codeline>
<codeline lineno="8"><highlight class="comment"><sp/>*<sp/>il<sp/>controllo<sp/>duplicati<sp/>e<sp/>la<sp/>gestione<sp/>dell&apos;archivio<sp/>utenti.</highlight></codeline>
<codeline lineno="9"><highlight class="comment"><sp/>*</highlight></codeline>
<codeline lineno="10"><highlight class="comment"><sp/>*<sp/>Responsabilità<sp/>principali:</highlight></codeline>
<codeline lineno="11"><highlight class="comment"><sp/>*<sp/>-<sp/>Inserimento<sp/>di<sp/>un<sp/>nuovo<sp/>utente<sp/>nel<sp/>sistema</highlight></codeline>
<codeline lineno="12"><highlight class="comment"><sp/>*<sp/>-<sp/>Eliminazione<sp/>di<sp/>un<sp/>utente<sp/>registrato</highlight></codeline>
<codeline lineno="13"><highlight class="comment"><sp/>*<sp/>-<sp/>Ricerca<sp/>per<sp/>nome/parola<sp/>chiave</highlight></codeline>
<codeline lineno="14"><highlight class="comment"><sp/>*<sp/>-<sp/>Accesso<sp/>alla<sp/>lista<sp/>completa<sp/>degli<sp/>utenti</highlight></codeline>
<codeline lineno="15"><highlight class="comment"><sp/>*<sp/></highlight></codeline>
<codeline lineno="16"><highlight class="comment"><sp/>*<sp/>@author<sp/>Giuseppe<sp/>Sara<sp/>Vincenzo<sp/>Elena</highlight></codeline>
<codeline lineno="17"><highlight class="comment"><sp/>*<sp/>@date<sp/>08<sp/>dicembre<sp/>2025</highlight></codeline>
<codeline lineno="18"><highlight class="comment"><sp/>*/</highlight><highlight class="normal"></highlight></codeline>
<codeline lineno="19"><highlight class="normal"></highlight><highlight class="keyword">package<sp/></highlight><highlight class="normal">com.mycompany.bibliotecainds.service;</highlight></codeline>
<codeline lineno="20"><highlight class="normal"></highlight></codeline>
<codeline lineno="21"><highlight class="normal"></highlight><highlight class="keyword">import</highlight><highlight class="normal"><sp/>com.mycompany.bibliotecainds.model.Utente;</highlight></codeline>
<codeline lineno="22"><highlight class="normal"></highlight><highlight class="keyword">import</highlight><highlight class="normal"><sp/>java.util.List;</highlight></codeline>
<codeline lineno="30" refid="interfacecom_1_1mycompany_1_1bibliotecainds_1_1service_1_1_utente_service" refkind="compound"><highlight class="normal"></highlight><highlight class="keyword">public</highlight><highlight class="normal"><sp/></highlight><highlight class="keyword">interface<sp/></highlight><highlight class="normal"><ref refid="interfacecom_1_1mycompany_1_1bibliotecainds_1_1service_1_1_utente_service" kindref="compound">UtenteService</ref><sp/>{</highlight></codeline>
<codeline lineno="37"><highlight class="normal"><sp/><sp/><sp/><sp/></highlight><highlight class="keyword">public</highlight><highlight class="normal"><sp/></highlight><highlight class="keywordtype">void</highlight><highlight class="normal"><sp/><ref refid="interfacecom_1_1mycompany_1_1bibliotecainds_1_1service_1_1_utente_service_1a9cc9e0a5e2dd3bea58d1ef7cea1aa8e6" kindref="member">registraUtente</ref>(<ref refid="classcom_1_1mycompany_1_1bibliotecainds_1_1model_1_1_utente" kindref="compound">Utente</ref><sp/>u)<sp/></highlight><highlight class="keywordflow">throws</highlight><highlight class="normal"><sp/>Exception;</highlight></codeline>
<codeline lineno="44"><highlight class="normal"><sp/><sp/><sp/><sp/></highlight><highlight class="keyword">public</highlight><highlight class="normal"><sp/></highlight><highlight class="keywordtype">void</highlight><highlight class="normal"><sp/><ref refid="interfacecom_1_1mycompany_1_1bibliotecainds_1_1service_1_1_utente_service_1a65c2adf7da22fe352d9368a1d90820c8" kindref="member">rimuoviUtente</ref>(<ref refid="classcom_1_1mycompany_1_1bibliotecainds_1_1model_1_1_utente" kindref="compound">Utente</ref><sp/>u)<sp/></highlight><highlight class="keywordflow">throws</highlight><highlight class="normal"><sp/>Exception;</highlight></codeline>
<codeline lineno="54"><highlight class="normal"><sp/><sp/><sp/><sp/></highlight><highlight class="keyword">public</highlight><highlight class="normal"><sp/>List&lt;Utente&gt;<sp/><ref refid="interfacecom_1_1mycompany_1_1bibliotecainds_1_1service_1_1_utente_service_1a2894a3a5a7a34303556087a7d86c4743" kindref="member">cercaUtente</ref>(String<sp/>q);</highlight></codeline>
<codeline lineno="60"><highlight class="normal"><sp/><sp/><sp/><sp/></highlight><highlight class="keyword">public</highlight><highlight class="normal"><sp/>List&lt;Utente&gt;<sp/><ref refid="interfacecom_1_1mycompany_1_1bibliotecainds_1_1service_1_1_utente_service_1a2f3c0f96d8e912d47628e2a9cedb2218" kindref="member">getListaUtenti</ref>();</highlight></codeline>
<codeline lineno="61"><highlight class="normal">}</highlight></codeline>
    </programlisting>
    <location file="C:/Users/elena/Documents/NetBeansProjects/BibliotecaInDS/src/main/java/com/mycompany/bibliotecainds/service/UtenteService.java"/>
  </compounddef>
</doxygen>
