<?xml version='1.0' encoding='UTF-8' standalone='no'?>
<doxygen xmlns:xsi="http://www.w3.org/2001/XMLSchema-instance" xsi:noNamespaceSchemaLocation="compound.xsd" version="1.15.0" xml:lang="en-US">
  <compounddef id="_utente_service_impl_8java" kind="file" language="Java">
    <compoundname>UtenteServiceImpl.java</compoundname>
    <includes local="no">com.mycompany.bibliotecainds.data.Archivio</includes>
    <includes local="no">com.mycompany.bibliotecainds.model.Utente</includes>
    <includes local="no">java.util.List</includes>
    <includes local="no">java.util.stream.Collectors</includes>
    <incdepgraph>
      <node id="1">
        <label>C:/Users/elena/Documents/NetBeansProjects/BibliotecaInDS/src/main/java/com/mycompany/bibliotecainds/service/UtenteServiceImpl.java</label>
        <link refid="_utente_service_impl_8java"/>
        <childnode refid="2" relation="include">
        </childnode>
        <childnode refid="3" relation="include">
        </childnode>
        <childnode refid="4" relation="include">
        </childnode>
        <childnode refid="5" relation="include">
        </childnode>
      </node>
      <node id="2">
        <label>com.mycompany.bibliotecainds.data.Archivio</label>
      </node>
      <node id="3">
        <label>com.mycompany.bibliotecainds.model.Utente</label>
      </node>
      <node id="4">
        <label>java.util.List</label>
      </node>
      <node id="5">
        <label>java.util.stream.Collectors</label>
      </node>
    </incdepgraph>
    <innerclass refid="classcom_1_1mycompany_1_1bibliotecainds_1_1service_1_1_utente_service_impl" prot="public">com::mycompany::bibliotecainds::service::UtenteServiceImpl</innerclass>
    <innernamespace refid="namespacecom_1_1mycompany_1_1bibliotecainds_1_1service">com::mycompany::bibliotecainds::service</innernamespace>
    <briefdescription>
    </briefdescription>
    <detaileddescription>
    </detaileddescription>
    <programlisting>
<codeline lineno="1"><highlight class="comment">/*</highlight></codeline>
<codeline lineno="2"><highlight class="comment"><sp/>*<sp/>@file<sp/>UtenteServiceImpl.java</highlight></codeline>
<codeline lineno="3"><highlight class="comment"><sp/>*<sp/>@briefImplementazione<sp/>dell&apos;interfaccia<sp/>per<sp/>la<sp/>gestione<sp/>degli<sp/>utenti.</highlight></codeline>
<codeline lineno="4"><highlight class="comment"><sp/>*<sp/></highlight></codeline>
<codeline lineno="5"><highlight class="comment"><sp/>*<sp/>Questa<sp/>classe<sp/>implementa<sp/>l&apos;interfaccia<sp/>UtenteService<sp/>e<sp/>gestisce<sp/>le<sp/>operazioni</highlight></codeline>
<codeline lineno="6"><highlight class="comment"><sp/>*<sp/>principali<sp/>sugli<sp/>utenti<sp/>come:</highlight></codeline>
<codeline lineno="7"><highlight class="comment"><sp/>*<sp/>-<sp/>registrazione<sp/>di<sp/>un<sp/>nuovo<sp/>utente<sp/>con<sp/>controllo<sp/>univocità<sp/>di<sp/>matricola<sp/>ed<sp/>email</highlight></codeline>
<codeline lineno="8"><highlight class="comment"><sp/>*<sp/>-<sp/>rimozione<sp/>di<sp/>un<sp/>utente<sp/>previo<sp/>controllo<sp/>dei<sp/>prestiti<sp/>attivi</highlight></codeline>
<codeline lineno="9"><highlight class="comment"><sp/>*<sp/>-<sp/>ricerca<sp/>tramite<sp/>parola<sp/>chiave</highlight></codeline>
<codeline lineno="10"><highlight class="comment"><sp/>*<sp/>-<sp/>accesso<sp/>alla<sp/>lista<sp/>completa<sp/>degli<sp/>utenti<sp/>salvati</highlight></codeline>
<codeline lineno="11"><highlight class="comment"><sp/>*<sp/></highlight></codeline>
<codeline lineno="12"><highlight class="comment"><sp/>*<sp/>I<sp/>dati<sp/>vengono<sp/>recuperati<sp/>e<sp/>mantenuti<sp/>tramite<sp/>la<sp/>classe<sp/>Archivio,<sp/>che<sp/>centralizza</highlight></codeline>
<codeline lineno="13"><highlight class="comment"><sp/>*<sp/>le<sp/>informazioni<sp/>dell&apos;applicazione.</highlight></codeline>
<codeline lineno="14"><highlight class="comment"><sp/>*<sp/></highlight></codeline>
<codeline lineno="15"><highlight class="comment"><sp/>*<sp/>@author<sp/>Giuseppe<sp/>Sara<sp/>Vincenzo<sp/>Elena</highlight></codeline>
<codeline lineno="16"><highlight class="comment"><sp/>*<sp/>@date<sp/>08<sp/>dicembre<sp/>2025</highlight></codeline>
<codeline lineno="17"><highlight class="comment"><sp/>*/</highlight><highlight class="normal"></highlight></codeline>
<codeline lineno="18"><highlight class="normal"></highlight><highlight class="keyword">package<sp/></highlight><highlight class="normal">com.mycompany.bibliotecainds.service;</highlight></codeline>
<codeline lineno="19"><highlight class="normal"></highlight></codeline>
<codeline lineno="20"><highlight class="normal"></highlight><highlight class="keyword">import</highlight><highlight class="normal"><sp/>com.mycompany.bibliotecainds.data.Archivio;</highlight></codeline>
<codeline lineno="21"><highlight class="normal"></highlight><highlight class="keyword">import</highlight><highlight class="normal"><sp/>com.mycompany.bibliotecainds.model.Utente;</highlight></codeline>
<codeline lineno="22"><highlight class="normal"></highlight><highlight class="keyword">import</highlight><highlight class="normal"><sp/>java.util.List;</highlight></codeline>
<codeline lineno="23"><highlight class="normal"></highlight><highlight class="keyword">import</highlight><highlight class="normal"><sp/>java.util.stream.Collectors;</highlight></codeline>
<codeline lineno="24"><highlight class="normal"></highlight></codeline>
<codeline lineno="32"><highlight class="normal"></highlight></codeline>
<codeline lineno="33" refid="classcom_1_1mycompany_1_1bibliotecainds_1_1service_1_1_utente_service_impl" refkind="compound"><highlight class="normal"></highlight><highlight class="keyword">public</highlight><highlight class="normal"><sp/></highlight><highlight class="keyword">class<sp/></highlight><highlight class="normal"><ref refid="classcom_1_1mycompany_1_1bibliotecainds_1_1service_1_1_utente_service_impl" kindref="compound">UtenteServiceImpl</ref><sp/></highlight><highlight class="keyword">implements</highlight><highlight class="normal"><sp/><ref refid="interfacecom_1_1mycompany_1_1bibliotecainds_1_1service_1_1_utente_service" kindref="compound">UtenteService</ref>{</highlight></codeline>
<codeline lineno="34"><highlight class="normal"><sp/></highlight></codeline>
<codeline lineno="35"><highlight class="normal"><sp/><sp/><sp/><sp/></highlight><highlight class="comment">/*</highlight></codeline>
<codeline lineno="36"><highlight class="comment"><sp/><sp/><sp/><sp/><sp/>*<sp/>@brief<sp/>Registra<sp/>un<sp/>nuovo<sp/>utente<sp/>nel<sp/>sistema.</highlight></codeline>
<codeline lineno="37"><highlight class="comment"><sp/><sp/><sp/><sp/><sp/>*<sp/></highlight></codeline>
<codeline lineno="38"><highlight class="comment"><sp/><sp/><sp/><sp/><sp/>*<sp/>Controlla<sp/>che<sp/>matricola<sp/>ed<sp/>email<sp/>non<sp/>siano<sp/>già<sp/>associate<sp/>ad<sp/>altri<sp/>utenti.<sp/></highlight></codeline>
<codeline lineno="39"><highlight class="comment"><sp/><sp/><sp/><sp/><sp/>*<sp/>In<sp/>caso<sp/>contrario<sp/>il<sp/>sistema<sp/>blocca<sp/>l&apos;operazione<sp/>e<sp/>avvisa<sp/>tramite<sp/>un<sp/>errore.</highlight></codeline>
<codeline lineno="40"><highlight class="comment"><sp/><sp/><sp/><sp/><sp/>*<sp/></highlight></codeline>
<codeline lineno="41"><highlight class="comment"><sp/><sp/><sp/><sp/><sp/>*<sp/>@param<sp/>nuovoUtente<sp/>Utente<sp/>da<sp/>inserire<sp/>nel<sp/>registro.</highlight></codeline>
<codeline lineno="42"><highlight class="comment"><sp/><sp/><sp/><sp/><sp/>*/</highlight><highlight class="normal"></highlight></codeline>
<codeline lineno="43"><highlight class="normal"><sp/><sp/><sp/><sp/></highlight></codeline>
<codeline lineno="44"><highlight class="normal"><sp/><sp/><sp/><sp/>@Override</highlight></codeline>
<codeline lineno="45"><highlight class="normal"><sp/><sp/><sp/><sp/></highlight><highlight class="keyword">public</highlight><highlight class="normal"><sp/></highlight><highlight class="keywordtype">void</highlight><highlight class="normal"><sp/><ref refid="classcom_1_1mycompany_1_1bibliotecainds_1_1service_1_1_utente_service_impl_1a2252cf79dbb0aa9ff8d37b578eeb91fb" kindref="member">registraUtente</ref>(<ref refid="classcom_1_1mycompany_1_1bibliotecainds_1_1model_1_1_utente" kindref="compound">Utente</ref><sp/>nuovoUtente)<sp/></highlight><highlight class="keywordflow">throws</highlight><highlight class="normal"><sp/>Exception<sp/>{</highlight></codeline>
<codeline lineno="46"><highlight class="normal"><sp/><sp/><sp/><sp/><sp/><sp/><sp/><sp/>List&lt;Utente&gt;<sp/>utenti<sp/>=<sp/><ref refid="classcom_1_1mycompany_1_1bibliotecainds_1_1data_1_1_archivio" kindref="compound">Archivio</ref>.<ref refid="classcom_1_1mycompany_1_1bibliotecainds_1_1data_1_1_archivio_1acaa052eff6f8c3b47ca522346db3e428" kindref="member">getInstance</ref>().<ref refid="classcom_1_1mycompany_1_1bibliotecainds_1_1data_1_1_archivio_1a3249ceee32439b968e8662eaaec83ea7" kindref="member">getRegistroUtenti</ref>();</highlight></codeline>
<codeline lineno="47"><highlight class="normal"><sp/><sp/><sp/><sp/><sp/><sp/><sp/><sp/></highlight></codeline>
<codeline lineno="48"><highlight class="normal"><sp/><sp/><sp/><sp/><sp/><sp/><sp/><sp/></highlight><highlight class="keywordflow">for</highlight><highlight class="normal"><sp/>(<ref refid="classcom_1_1mycompany_1_1bibliotecainds_1_1model_1_1_utente" kindref="compound">Utente</ref><sp/>u<sp/>:<sp/>utenti)<sp/>{</highlight></codeline>
<codeline lineno="49"><highlight class="normal"><sp/><sp/><sp/><sp/><sp/><sp/><sp/><sp/><sp/><sp/><sp/><sp/></highlight><highlight class="keywordflow">if</highlight><highlight class="normal"><sp/>(u.getMatricola()<sp/>==<sp/>nuovoUtente.<ref refid="classcom_1_1mycompany_1_1bibliotecainds_1_1model_1_1_utente_1a0a5e49024018d181d405ef03295fb67d" kindref="member">getMatricola</ref>())<sp/>{</highlight></codeline>
<codeline lineno="50"><highlight class="normal"><sp/><sp/><sp/><sp/><sp/><sp/><sp/><sp/><sp/><sp/><sp/><sp/><sp/><sp/><sp/><sp/></highlight><highlight class="keywordflow">throw</highlight><highlight class="normal"><sp/></highlight><highlight class="keyword">new</highlight><highlight class="normal"><sp/>Exception(</highlight><highlight class="stringliteral">&quot;Matricola<sp/>già<sp/>presente<sp/>nel<sp/>sistema.&quot;</highlight><highlight class="normal">);</highlight></codeline>
<codeline lineno="51"><highlight class="normal"><sp/><sp/><sp/><sp/><sp/><sp/><sp/><sp/><sp/><sp/><sp/><sp/>}</highlight></codeline>
<codeline lineno="52"><highlight class="normal"><sp/><sp/><sp/><sp/><sp/><sp/><sp/><sp/><sp/><sp/><sp/><sp/></highlight><highlight class="keywordflow">if</highlight><highlight class="normal"><sp/>(u.getEmail().equalsIgnoreCase(nuovoUtente.<ref refid="classcom_1_1mycompany_1_1bibliotecainds_1_1model_1_1_utente_1a7c7dc35a12f95d71380bdb0db92234d9" kindref="member">getEmail</ref>()))<sp/>{</highlight></codeline>
<codeline lineno="53"><highlight class="normal"><sp/><sp/><sp/><sp/><sp/><sp/><sp/><sp/><sp/><sp/><sp/><sp/><sp/><sp/><sp/><sp/></highlight><highlight class="keywordflow">throw</highlight><highlight class="normal"><sp/></highlight><highlight class="keyword">new</highlight><highlight class="normal"><sp/>Exception(</highlight><highlight class="stringliteral">&quot;Email<sp/>già<sp/>presente<sp/>nel<sp/>sistema.&quot;</highlight><highlight class="normal">);</highlight></codeline>
<codeline lineno="54"><highlight class="normal"><sp/><sp/><sp/><sp/><sp/><sp/><sp/><sp/><sp/><sp/><sp/><sp/>}</highlight></codeline>
<codeline lineno="55"><highlight class="normal"><sp/><sp/><sp/><sp/><sp/><sp/><sp/><sp/>}</highlight></codeline>
<codeline lineno="56"><highlight class="normal"><sp/><sp/><sp/><sp/><sp/><sp/><sp/><sp/></highlight></codeline>
<codeline lineno="57"><highlight class="normal"><sp/><sp/><sp/><sp/><sp/><sp/><sp/><sp/>utenti.add(nuovoUtente);</highlight></codeline>
<codeline lineno="58"><highlight class="normal"><sp/><sp/><sp/><sp/>}</highlight></codeline>
<codeline lineno="66"><highlight class="normal"><sp/><sp/><sp/><sp/>@Override</highlight></codeline>
<codeline lineno="67"><highlight class="normal"><sp/><sp/><sp/><sp/></highlight><highlight class="keyword">public</highlight><highlight class="normal"><sp/></highlight><highlight class="keywordtype">void</highlight><highlight class="normal"><sp/><ref refid="classcom_1_1mycompany_1_1bibliotecainds_1_1service_1_1_utente_service_impl_1ac81f4046043078ab53e3a2f8cb3a84a0" kindref="member">rimuoviUtente</ref>(<ref refid="classcom_1_1mycompany_1_1bibliotecainds_1_1model_1_1_utente" kindref="compound">Utente</ref><sp/>utente)<sp/></highlight><highlight class="keywordflow">throws</highlight><highlight class="normal"><sp/>Exception<sp/>{</highlight></codeline>
<codeline lineno="68"><highlight class="normal"><sp/><sp/><sp/><sp/><sp/><sp/><sp/><sp/></highlight><highlight class="comment">//<sp/>Regola<sp/>di<sp/>Business<sp/>Fondamentale:<sp/>Non<sp/>cancellare<sp/>chi<sp/>ha<sp/>libri<sp/>della<sp/>biblioteca!</highlight><highlight class="normal"></highlight></codeline>
<codeline lineno="69"><highlight class="normal"><sp/><sp/><sp/><sp/><sp/><sp/><sp/><sp/></highlight><highlight class="keywordflow">if</highlight><highlight class="normal"><sp/>(!utente.<ref refid="classcom_1_1mycompany_1_1bibliotecainds_1_1model_1_1_utente_1a813a19e39fadcf3f713b191002b096a7" kindref="member">getListaPrestiti</ref>().isEmpty())<sp/>{</highlight></codeline>
<codeline lineno="70"><highlight class="normal"><sp/><sp/><sp/><sp/><sp/><sp/><sp/><sp/><sp/><sp/><sp/><sp/></highlight><highlight class="keywordflow">throw</highlight><highlight class="normal"><sp/></highlight><highlight class="keyword">new</highlight><highlight class="normal"><sp/>Exception(</highlight><highlight class="stringliteral">&quot;Impossibile<sp/>cancellare<sp/>l&apos;utente:<sp/>ha<sp/>ancora<sp/>libri<sp/>in<sp/>prestito.&quot;</highlight><highlight class="normal">);</highlight></codeline>
<codeline lineno="71"><highlight class="normal"><sp/><sp/><sp/><sp/><sp/><sp/><sp/><sp/>}</highlight></codeline>
<codeline lineno="72"><highlight class="normal"><sp/><sp/><sp/><sp/><sp/><sp/><sp/><sp/></highlight></codeline>
<codeline lineno="73"><highlight class="normal"><sp/><sp/><sp/><sp/><sp/><sp/><sp/><sp/><ref refid="classcom_1_1mycompany_1_1bibliotecainds_1_1data_1_1_archivio" kindref="compound">Archivio</ref>.<ref refid="classcom_1_1mycompany_1_1bibliotecainds_1_1data_1_1_archivio_1acaa052eff6f8c3b47ca522346db3e428" kindref="member">getInstance</ref>().<ref refid="classcom_1_1mycompany_1_1bibliotecainds_1_1data_1_1_archivio_1a3249ceee32439b968e8662eaaec83ea7" kindref="member">getRegistroUtenti</ref>().remove(utente);</highlight></codeline>
<codeline lineno="74"><highlight class="normal"><sp/><sp/><sp/><sp/>}</highlight></codeline>
<codeline lineno="84"><highlight class="normal"><sp/><sp/><sp/><sp/>@Override</highlight></codeline>
<codeline lineno="85"><highlight class="normal"><sp/><sp/><sp/><sp/></highlight><highlight class="keyword">public</highlight><highlight class="normal"><sp/>List&lt;Utente&gt;<sp/><ref refid="classcom_1_1mycompany_1_1bibliotecainds_1_1service_1_1_utente_service_impl_1a825788d143c90498e15f1c04763d1228" kindref="member">cercaUtente</ref>(String<sp/>q)<sp/>{</highlight></codeline>
<codeline lineno="86"><highlight class="normal"><sp/><sp/><sp/><sp/><sp/><sp/><sp/><sp/></highlight><highlight class="keywordflow">if</highlight><highlight class="normal"><sp/>(q<sp/>==<sp/></highlight><highlight class="keyword">null</highlight><highlight class="normal"><sp/>||<sp/>q.isEmpty())<sp/>{</highlight></codeline>
<codeline lineno="87"><highlight class="normal"><sp/><sp/><sp/><sp/><sp/><sp/><sp/><sp/><sp/><sp/><sp/><sp/></highlight><highlight class="keywordflow">return</highlight><highlight class="normal"><sp/><ref refid="classcom_1_1mycompany_1_1bibliotecainds_1_1service_1_1_utente_service_impl_1a447a25343f30efd1872822d58f9aa68e" kindref="member">getListaUtenti</ref>();</highlight></codeline>
<codeline lineno="88"><highlight class="normal"><sp/><sp/><sp/><sp/><sp/><sp/><sp/><sp/>}</highlight></codeline>
<codeline lineno="89"><highlight class="normal"><sp/><sp/><sp/><sp/><sp/><sp/><sp/><sp/></highlight></codeline>
<codeline lineno="90"><highlight class="normal"><sp/><sp/><sp/><sp/><sp/><sp/><sp/><sp/>String<sp/>lowerQuery<sp/>=<sp/>q.toLowerCase();</highlight></codeline>
<codeline lineno="91"><highlight class="normal"><sp/><sp/><sp/><sp/><sp/><sp/><sp/><sp/></highlight></codeline>
<codeline lineno="92"><highlight class="normal"><sp/><sp/><sp/><sp/><sp/><sp/><sp/><sp/></highlight><highlight class="keywordflow">return</highlight><highlight class="normal"><sp/><ref refid="classcom_1_1mycompany_1_1bibliotecainds_1_1data_1_1_archivio" kindref="compound">Archivio</ref>.<ref refid="classcom_1_1mycompany_1_1bibliotecainds_1_1data_1_1_archivio_1acaa052eff6f8c3b47ca522346db3e428" kindref="member">getInstance</ref>().<ref refid="classcom_1_1mycompany_1_1bibliotecainds_1_1data_1_1_archivio_1a3249ceee32439b968e8662eaaec83ea7" kindref="member">getRegistroUtenti</ref>().stream()</highlight></codeline>
<codeline lineno="93"><highlight class="normal"><sp/><sp/><sp/><sp/><sp/><sp/><sp/><sp/><sp/><sp/><sp/><sp/><sp/><sp/><sp/><sp/>.filter(u<sp/>-&gt;<sp/>u.getCognome().toLowerCase().contains(lowerQuery)<sp/>||</highlight></codeline>
<codeline lineno="94"><highlight class="normal"><sp/><sp/><sp/><sp/><sp/><sp/><sp/><sp/><sp/><sp/><sp/><sp/><sp/><sp/><sp/><sp/><sp/><sp/><sp/><sp/><sp/><sp/><sp/><sp/><sp/><sp/><sp/><sp/><sp/>u.getNome().toLowerCase().contains(lowerQuery)<sp/>||</highlight></codeline>
<codeline lineno="95"><highlight class="normal"><sp/><sp/><sp/><sp/><sp/><sp/><sp/><sp/><sp/><sp/><sp/><sp/><sp/><sp/><sp/><sp/><sp/><sp/><sp/><sp/><sp/><sp/><sp/><sp/><sp/><sp/><sp/><sp/><sp/>String.valueOf(u.getMatricola()).contains(lowerQuery))</highlight></codeline>
<codeline lineno="96"><highlight class="normal"><sp/><sp/><sp/><sp/><sp/><sp/><sp/><sp/><sp/><sp/><sp/><sp/><sp/><sp/><sp/><sp/>.collect(Collectors.toList());</highlight></codeline>
<codeline lineno="97"><highlight class="normal"><sp/><sp/><sp/><sp/>}</highlight></codeline>
<codeline lineno="103"><highlight class="normal"><sp/><sp/><sp/><sp/>@Override</highlight></codeline>
<codeline lineno="104"><highlight class="normal"><sp/><sp/><sp/><sp/></highlight><highlight class="keyword">public</highlight><highlight class="normal"><sp/>List&lt;Utente&gt;<sp/><ref refid="classcom_1_1mycompany_1_1bibliotecainds_1_1service_1_1_utente_service_impl_1a447a25343f30efd1872822d58f9aa68e" kindref="member">getListaUtenti</ref>()<sp/>{</highlight></codeline>
<codeline lineno="105"><highlight class="normal"><sp/><sp/><sp/><sp/><sp/><sp/><sp/><sp/></highlight><highlight class="keywordflow">return</highlight><highlight class="normal"><sp/><ref refid="classcom_1_1mycompany_1_1bibliotecainds_1_1data_1_1_archivio" kindref="compound">Archivio</ref>.<ref refid="classcom_1_1mycompany_1_1bibliotecainds_1_1data_1_1_archivio_1acaa052eff6f8c3b47ca522346db3e428" kindref="member">getInstance</ref>().<ref refid="classcom_1_1mycompany_1_1bibliotecainds_1_1data_1_1_archivio_1a3249ceee32439b968e8662eaaec83ea7" kindref="member">getRegistroUtenti</ref>();</highlight></codeline>
<codeline lineno="106"><highlight class="normal"><sp/><sp/><sp/><sp/>}</highlight></codeline>
<codeline lineno="107"><highlight class="normal">}</highlight></codeline>
    </programlisting>
    <location file="C:/Users/elena/Documents/NetBeansProjects/BibliotecaInDS/src/main/java/com/mycompany/bibliotecainds/service/UtenteServiceImpl.java"/>
  </compounddef>
</doxygen>
