<?xml version='1.0' encoding='UTF-8' standalone='no'?>
<doxygen xmlns:xsi="http://www.w3.org/2001/XMLSchema-instance" xsi:noNamespaceSchemaLocation="compound.xsd" version="1.15.0" xml:lang="en-US">
  <compounddef id="classcom_1_1mycompany_1_1bibliotecainds_1_1service_1_1_utente_service_impl" kind="class" language="Java" prot="public">
    <compoundname>com::mycompany::bibliotecainds::service::UtenteServiceImpl</compoundname>
    <basecompoundref refid="interfacecom_1_1mycompany_1_1bibliotecainds_1_1service_1_1_utente_service" prot="public" virt="non-virtual">com.mycompany.bibliotecainds.service.UtenteService</basecompoundref>
    <sectiondef kind="public-func">
      <memberdef kind="function" id="classcom_1_1mycompany_1_1bibliotecainds_1_1service_1_1_utente_service_impl_1a2252cf79dbb0aa9ff8d37b578eeb91fb" prot="public" static="no" const="no" explicit="no" inline="yes" virt="non-virtual">
        <type>void</type>
        <definition>void com.mycompany.bibliotecainds.service.UtenteServiceImpl.registraUtente</definition>
        <argsstring>(Utente nuovoUtente)</argsstring>
        <name>registraUtente</name>
        <qualifiedname>com.mycompany.bibliotecainds.service.UtenteServiceImpl.registraUtente</qualifiedname>
        <reimplements refid="interfacecom_1_1mycompany_1_1bibliotecainds_1_1service_1_1_utente_service_1a9cc9e0a5e2dd3bea58d1ef7cea1aa8e6">registraUtente</reimplements>
        <param>
          <type><ref refid="classcom_1_1mycompany_1_1bibliotecainds_1_1model_1_1_utente" kindref="compound">Utente</ref></type>
          <declname>u</declname>
        </param>
        <exceptions> throws Exception </exceptions>
        <briefdescription>
<para>Registra un nuovo utente nel sistema. </para>
        </briefdescription>
        <detaileddescription>
<para><parameterlist kind="param"><parameteritem>
<parameternamelist>
<parametername>u</parametername>
</parameternamelist>
<parameterdescription>
<para><ref refid="classcom_1_1mycompany_1_1bibliotecainds_1_1model_1_1_utente" kindref="compound">Utente</ref> da aggiungere. </para>
</parameterdescription>
</parameteritem>
</parameterlist>
<parameterlist kind="exception"><parameteritem>
<parameternamelist>
<parametername>Exception</parametername>
</parameternamelist>
<parameterdescription>
<para>Se l’utente è già presente o i dati non risultano validi. </para>
</parameterdescription>
</parameteritem>
</parameterlist>
</para>
        </detaileddescription>
        <inbodydescription>
        </inbodydescription>
        <location file="C:/Users/elena/Documents/NetBeansProjects/BibliotecaInDS/src/main/java/com/mycompany/bibliotecainds/service/UtenteServiceImpl.java" line="45" column="17" bodyfile="C:/Users/elena/Documents/NetBeansProjects/BibliotecaInDS/src/main/java/com/mycompany/bibliotecainds/service/UtenteServiceImpl.java" bodystart="45" bodyend="58"/>
      </memberdef>
      <memberdef kind="function" id="classcom_1_1mycompany_1_1bibliotecainds_1_1service_1_1_utente_service_impl_1ac81f4046043078ab53e3a2f8cb3a84a0" prot="public" static="no" const="no" explicit="no" inline="yes" virt="non-virtual">
        <type>void</type>
        <definition>void com.mycompany.bibliotecainds.service.UtenteServiceImpl.rimuoviUtente</definition>
        <argsstring>(Utente utente)</argsstring>
        <name>rimuoviUtente</name>
        <qualifiedname>com.mycompany.bibliotecainds.service.UtenteServiceImpl.rimuoviUtente</qualifiedname>
        <reimplements refid="interfacecom_1_1mycompany_1_1bibliotecainds_1_1service_1_1_utente_service_1a65c2adf7da22fe352d9368a1d90820c8">rimuoviUtente</reimplements>
        <param>
          <type><ref refid="classcom_1_1mycompany_1_1bibliotecainds_1_1model_1_1_utente" kindref="compound">Utente</ref></type>
          <declname>utente</declname>
        </param>
        <exceptions> throws Exception </exceptions>
        <briefdescription>
<para>Rimuove un utente registrato. </para>
        </briefdescription>
        <detaileddescription>
<para>Un utente non può essere eliminato se ha prestiti ancora attivi.</para>
<para><parameterlist kind="param"><parameteritem>
<parameternamelist>
<parametername>utente</parametername>
</parameternamelist>
<parameterdescription>
<para><ref refid="classcom_1_1mycompany_1_1bibliotecainds_1_1model_1_1_utente" kindref="compound">Utente</ref> da eliminare. </para>
</parameterdescription>
</parameteritem>
</parameterlist>
</para>
        </detaileddescription>
        <inbodydescription>
        </inbodydescription>
        <location file="C:/Users/elena/Documents/NetBeansProjects/BibliotecaInDS/src/main/java/com/mycompany/bibliotecainds/service/UtenteServiceImpl.java" line="67" column="17" bodyfile="C:/Users/elena/Documents/NetBeansProjects/BibliotecaInDS/src/main/java/com/mycompany/bibliotecainds/service/UtenteServiceImpl.java" bodystart="67" bodyend="74"/>
      </memberdef>
      <memberdef kind="function" id="classcom_1_1mycompany_1_1bibliotecainds_1_1service_1_1_utente_service_impl_1a825788d143c90498e15f1c04763d1228" prot="public" static="no" const="no" explicit="no" inline="yes" virt="non-virtual">
        <type>List&lt; <ref refid="classcom_1_1mycompany_1_1bibliotecainds_1_1model_1_1_utente" kindref="compound">Utente</ref> &gt;</type>
        <definition>List&lt; Utente &gt; com.mycompany.bibliotecainds.service.UtenteServiceImpl.cercaUtente</definition>
        <argsstring>(String q)</argsstring>
        <name>cercaUtente</name>
        <qualifiedname>com.mycompany.bibliotecainds.service.UtenteServiceImpl.cercaUtente</qualifiedname>
        <reimplements refid="interfacecom_1_1mycompany_1_1bibliotecainds_1_1service_1_1_utente_service_1a2894a3a5a7a34303556087a7d86c4743">cercaUtente</reimplements>
        <param>
          <type>String</type>
          <declname>q</declname>
        </param>
        <briefdescription>
<para>Ricerca utenti tramite testo libero. </para>
        </briefdescription>
        <detaileddescription>
<para>La query viene confrontata con nome, cognome o matricola. Se la stringa è vuota o nulla, viene restituita l&apos;intera lista degli utenti.</para>
<para><parameterlist kind="param"><parameteritem>
<parameternamelist>
<parametername>q</parametername>
</parameternamelist>
<parameterdescription>
<para>Testo da utilizzare per la ricerca. </para>
</parameterdescription>
</parameteritem>
</parameterlist>
<simplesect kind="return"><para>Lista filtrata di utenti che corrispondono al criterio. </para>
</simplesect>
</para>
        </detaileddescription>
        <inbodydescription>
        </inbodydescription>
        <location file="C:/Users/elena/Documents/NetBeansProjects/BibliotecaInDS/src/main/java/com/mycompany/bibliotecainds/service/UtenteServiceImpl.java" line="85" column="17" bodyfile="C:/Users/elena/Documents/NetBeansProjects/BibliotecaInDS/src/main/java/com/mycompany/bibliotecainds/service/UtenteServiceImpl.java" bodystart="85" bodyend="97"/>
      </memberdef>
      <memberdef kind="function" id="classcom_1_1mycompany_1_1bibliotecainds_1_1service_1_1_utente_service_impl_1a447a25343f30efd1872822d58f9aa68e" prot="public" static="no" const="no" explicit="no" inline="yes" virt="non-virtual">
        <type>List&lt; <ref refid="classcom_1_1mycompany_1_1bibliotecainds_1_1model_1_1_utente" kindref="compound">Utente</ref> &gt;</type>
        <definition>List&lt; Utente &gt; com.mycompany.bibliotecainds.service.UtenteServiceImpl.getListaUtenti</definition>
        <argsstring>()</argsstring>
        <name>getListaUtenti</name>
        <qualifiedname>com.mycompany.bibliotecainds.service.UtenteServiceImpl.getListaUtenti</qualifiedname>
        <reimplements refid="interfacecom_1_1mycompany_1_1bibliotecainds_1_1service_1_1_utente_service_1a2f3c0f96d8e912d47628e2a9cedb2218">getListaUtenti</reimplements>
        <briefdescription>
<para>Restituisce l&apos;elenco completo degli utenti. </para>
        </briefdescription>
        <detaileddescription>
<para><simplesect kind="return"><para>Lista attuale degli utenti registrati. </para>
</simplesect>
</para>
        </detaileddescription>
        <inbodydescription>
        </inbodydescription>
        <location file="C:/Users/elena/Documents/NetBeansProjects/BibliotecaInDS/src/main/java/com/mycompany/bibliotecainds/service/UtenteServiceImpl.java" line="104" column="17" bodyfile="C:/Users/elena/Documents/NetBeansProjects/BibliotecaInDS/src/main/java/com/mycompany/bibliotecainds/service/UtenteServiceImpl.java" bodystart="104" bodyend="106"/>
      </memberdef>
    </sectiondef>
    <briefdescription>
<para>Gestione completa degli utenti registrati. </para>
    </briefdescription>
    <detaileddescription>
<para>Si occupa della registrazione e della rimozione degli utenti, con controlli di validità e vincoli di business (come impedire la rimozione se sono presenti prestiti attivi). </para>
    </detaileddescription>
    <inheritancegraph>
      <node id="1">
        <label>com.mycompany.bibliotecainds.service.UtenteServiceImpl</label>
        <link refid="classcom_1_1mycompany_1_1bibliotecainds_1_1service_1_1_utente_service_impl"/>
        <childnode refid="2" relation="public-inheritance">
        </childnode>
      </node>
      <node id="2">
        <label>com.mycompany.bibliotecainds.service.UtenteService</label>
        <link refid="interfacecom_1_1mycompany_1_1bibliotecainds_1_1service_1_1_utente_service"/>
      </node>
    </inheritancegraph>
    <collaborationgraph>
      <node id="1">
        <label>com.mycompany.bibliotecainds.service.UtenteServiceImpl</label>
        <link refid="classcom_1_1mycompany_1_1bibliotecainds_1_1service_1_1_utente_service_impl"/>
        <childnode refid="2" relation="public-inheritance">
        </childnode>
      </node>
      <node id="2">
        <label>com.mycompany.bibliotecainds.service.UtenteService</label>
        <link refid="interfacecom_1_1mycompany_1_1bibliotecainds_1_1service_1_1_utente_service"/>
      </node>
    </collaborationgraph>
    <location file="C:/Users/elena/Documents/NetBeansProjects/BibliotecaInDS/src/main/java/com/mycompany/bibliotecainds/service/UtenteServiceImpl.java" line="33" column="7" bodyfile="C:/Users/elena/Documents/NetBeansProjects/BibliotecaInDS/src/main/java/com/mycompany/bibliotecainds/service/UtenteServiceImpl.java" bodystart="33" bodyend="107"/>
    <listofallmembers>
      <member refid="classcom_1_1mycompany_1_1bibliotecainds_1_1service_1_1_utente_service_impl_1a825788d143c90498e15f1c04763d1228" prot="public" virt="non-virtual"><scope>com::mycompany::bibliotecainds::service::UtenteServiceImpl</scope><name>cercaUtente</name></member>
      <member refid="classcom_1_1mycompany_1_1bibliotecainds_1_1service_1_1_utente_service_impl_1a447a25343f30efd1872822d58f9aa68e" prot="public" virt="non-virtual"><scope>com::mycompany::bibliotecainds::service::UtenteServiceImpl</scope><name>getListaUtenti</name></member>
      <member refid="classcom_1_1mycompany_1_1bibliotecainds_1_1service_1_1_utente_service_impl_1a2252cf79dbb0aa9ff8d37b578eeb91fb" prot="public" virt="non-virtual"><scope>com::mycompany::bibliotecainds::service::UtenteServiceImpl</scope><name>registraUtente</name></member>
      <member refid="classcom_1_1mycompany_1_1bibliotecainds_1_1service_1_1_utente_service_impl_1ac81f4046043078ab53e3a2f8cb3a84a0" prot="public" virt="non-virtual"><scope>com::mycompany::bibliotecainds::service::UtenteServiceImpl</scope><name>rimuoviUtente</name></member>
    </listofallmembers>
  </compounddef>
</doxygen>
