<?xml version='1.0' encoding='UTF-8' standalone='no'?>
<doxygen xmlns:xsi="http://www.w3.org/2001/XMLSchema-instance" xsi:noNamespaceSchemaLocation="compound.xsd" version="1.15.0" xml:lang="en-US">
  <compounddef id="classcom_1_1mycompany_1_1bibliotecainds_1_1controller_1_1_login_controller" kind="class" language="Java" prot="public">
    <compoundname>com::mycompany::bibliotecainds::controller::LoginController</compoundname>
    <sectiondef kind="private-attrib">
      <memberdef kind="variable" id="classcom_1_1mycompany_1_1bibliotecainds_1_1controller_1_1_login_controller_1ac168fd94bef13f0822312fd321ebc859" prot="private" static="no" mutable="no">
        <type>TextField</type>
        <definition>TextField com.mycompany.bibliotecainds.controller.LoginController.txtEmail</definition>
        <argsstring></argsstring>
        <name>txtEmail</name>
        <qualifiedname>com.mycompany.bibliotecainds.controller.LoginController.txtEmail</qualifiedname>
        <briefdescription>
<para>Campo di input per la email dell&apos;utente. </para>
        </briefdescription>
        <detaileddescription>
        </detaileddescription>
        <inbodydescription>
        </inbodydescription>
        <location file="C:/Users/elena/Documents/NetBeansProjects/BibliotecaInDS/src/main/java/com/mycompany/bibliotecainds/controller/LoginController.java" line="39" column="24" bodyfile="C:/Users/elena/Documents/NetBeansProjects/BibliotecaInDS/src/main/java/com/mycompany/bibliotecainds/controller/LoginController.java" bodystart="39" bodyend="-1"/>
      </memberdef>
      <memberdef kind="variable" id="classcom_1_1mycompany_1_1bibliotecainds_1_1controller_1_1_login_controller_1a3a36cba063625f1b0a55ca2f0d0b7a6f" prot="private" static="no" mutable="no">
        <type>PasswordField</type>
        <definition>PasswordField com.mycompany.bibliotecainds.controller.LoginController.txtPassword</definition>
        <argsstring></argsstring>
        <name>txtPassword</name>
        <qualifiedname>com.mycompany.bibliotecainds.controller.LoginController.txtPassword</qualifiedname>
        <briefdescription>
<para>Campo di input per la password dell&apos;utente. </para>
        </briefdescription>
        <detaileddescription>
        </detaileddescription>
        <inbodydescription>
        </inbodydescription>
        <location file="C:/Users/elena/Documents/NetBeansProjects/BibliotecaInDS/src/main/java/com/mycompany/bibliotecainds/controller/LoginController.java" line="45" column="28" bodyfile="C:/Users/elena/Documents/NetBeansProjects/BibliotecaInDS/src/main/java/com/mycompany/bibliotecainds/controller/LoginController.java" bodystart="45" bodyend="-1"/>
      </memberdef>
      <memberdef kind="variable" id="classcom_1_1mycompany_1_1bibliotecainds_1_1controller_1_1_login_controller_1aa01b4df0ac04b8da09c3de8772501812" prot="private" static="no" mutable="no">
        <type>Label</type>
        <definition>Label com.mycompany.bibliotecainds.controller.LoginController.lblErrore</definition>
        <argsstring></argsstring>
        <name>lblErrore</name>
        <qualifiedname>com.mycompany.bibliotecainds.controller.LoginController.lblErrore</qualifiedname>
        <briefdescription>
        </briefdescription>
        <detaileddescription>
<para>Etichetta per visualizzare eventuale messaggio di errore </para>
        </detaileddescription>
        <inbodydescription>
        </inbodydescription>
        <location file="C:/Users/elena/Documents/NetBeansProjects/BibliotecaInDS/src/main/java/com/mycompany/bibliotecainds/controller/LoginController.java" line="51" column="20" bodyfile="C:/Users/elena/Documents/NetBeansProjects/BibliotecaInDS/src/main/java/com/mycompany/bibliotecainds/controller/LoginController.java" bodystart="51" bodyend="-1"/>
      </memberdef>
    </sectiondef>
    <sectiondef kind="private-func">
      <memberdef kind="function" id="classcom_1_1mycompany_1_1bibliotecainds_1_1controller_1_1_login_controller_1afb6bbb879d04dd307e350fdcca025b5c" prot="private" static="no" const="no" explicit="no" inline="yes" virt="non-virtual">
        <type>void</type>
        <definition>void com.mycompany.bibliotecainds.controller.LoginController.handleLogin</definition>
        <argsstring>(ActionEvent event)</argsstring>
        <name>handleLogin</name>
        <qualifiedname>com.mycompany.bibliotecainds.controller.LoginController.handleLogin</qualifiedname>
        <param>
          <type>ActionEvent</type>
          <declname>event</declname>
        </param>
        <exceptions> throws IOException </exceptions>
        <briefdescription>
<para>Gestisce il tentativo di login nel momento in cui l&apos;utente preme il pulsante. </para>
        </briefdescription>
        <detaileddescription>
<para>Il metodo verifica che i campi della email e della password non siano vuoti. Nel caso in cui siano validi carica l&apos;interfaccia principale dell&apos;app. In caso contrario mostra un messaggio di errore</para>
<para><parameterlist kind="param"><parameteritem>
<parameternamelist>
<parametername>event</parametername>
</parameternamelist>
<parameterdescription>
<para>Evento generato dal pulsante di login </para>
</parameterdescription>
</parameteritem>
</parameterlist>
<parameterlist kind="exception"><parameteritem>
<parameternamelist>
<parametername>IOException</parametername>
</parameternamelist>
<parameterdescription>
<para>Se si verifica un errore nel cambio di schermata </para>
</parameterdescription>
</parameteritem>
</parameterlist>
</para>
        </detaileddescription>
        <inbodydescription>
        </inbodydescription>
        <location file="C:/Users/elena/Documents/NetBeansProjects/BibliotecaInDS/src/main/java/com/mycompany/bibliotecainds/controller/LoginController.java" line="65" column="18" bodyfile="C:/Users/elena/Documents/NetBeansProjects/BibliotecaInDS/src/main/java/com/mycompany/bibliotecainds/controller/LoginController.java" bodystart="65" bodyend="74"/>
      </memberdef>
    </sectiondef>
    <briefdescription>
<para>Controller per la gestione del login. </para>
    </briefdescription>
    <detaileddescription>
<para>La classe fornisce i metodi necessari per convalidare le credenziali inserite e di cambiare schermata in caso di credenziali valide </para>
    </detaileddescription>
    <location file="C:/Users/elena/Documents/NetBeansProjects/BibliotecaInDS/src/main/java/com/mycompany/bibliotecainds/controller/LoginController.java" line="33" column="7" bodyfile="C:/Users/elena/Documents/NetBeansProjects/BibliotecaInDS/src/main/java/com/mycompany/bibliotecainds/controller/LoginController.java" bodystart="33" bodyend="75"/>
    <listofallmembers>
      <member refid="classcom_1_1mycompany_1_1bibliotecainds_1_1controller_1_1_login_controller_1afb6bbb879d04dd307e350fdcca025b5c" prot="private" virt="non-virtual"><scope>com::mycompany::bibliotecainds::controller::LoginController</scope><name>handleLogin</name></member>
      <member refid="classcom_1_1mycompany_1_1bibliotecainds_1_1controller_1_1_login_controller_1aa01b4df0ac04b8da09c3de8772501812" prot="private" virt="non-virtual"><scope>com::mycompany::bibliotecainds::controller::LoginController</scope><name>lblErrore</name></member>
      <member refid="classcom_1_1mycompany_1_1bibliotecainds_1_1controller_1_1_login_controller_1ac168fd94bef13f0822312fd321ebc859" prot="private" virt="non-virtual"><scope>com::mycompany::bibliotecainds::controller::LoginController</scope><name>txtEmail</name></member>
      <member refid="classcom_1_1mycompany_1_1bibliotecainds_1_1controller_1_1_login_controller_1a3a36cba063625f1b0a55ca2f0d0b7a6f" prot="private" virt="non-virtual"><scope>com::mycompany::bibliotecainds::controller::LoginController</scope><name>txtPassword</name></member>
    </listofallmembers>
  </compounddef>
</doxygen>
