<?xml version='1.0' encoding='UTF-8' standalone='no'?>
<doxygen xmlns:xsi="http://www.w3.org/2001/XMLSchema-instance" xsi:noNamespaceSchemaLocation="compound.xsd" version="1.15.0" xml:lang="en-US">
  <compounddef id="classcom_1_1mycompany_1_1bibliotecainds_1_1model_1_1_utente" kind="class" language="Java" prot="public">
    <compoundname>com::mycompany::bibliotecainds::model::Utente</compoundname>
    <basecompoundref prot="public" virt="non-virtual">Serializable</basecompoundref>
    <sectiondef kind="private-attrib">
      <memberdef kind="variable" id="classcom_1_1mycompany_1_1bibliotecainds_1_1model_1_1_utente_1a6fedeeca56a51a66dce1cdea8542583b" prot="private" static="no" mutable="no">
        <type>String</type>
        <definition>String com.mycompany.bibliotecainds.model.Utente.nome</definition>
        <argsstring></argsstring>
        <name>nome</name>
        <qualifiedname>com.mycompany.bibliotecainds.model.Utente.nome</qualifiedname>
        <briefdescription>
<para>Nome dell&apos;utente. </para>
        </briefdescription>
        <detaileddescription>
        </detaileddescription>
        <inbodydescription>
        </inbodydescription>
        <location file="C:/Users/elena/Documents/NetBeansProjects/BibliotecaInDS/src/main/java/com/mycompany/bibliotecainds/model/Utente.java" line="61" column="20" bodyfile="C:/Users/elena/Documents/NetBeansProjects/BibliotecaInDS/src/main/java/com/mycompany/bibliotecainds/model/Utente.java" bodystart="61" bodyend="-1"/>
      </memberdef>
      <memberdef kind="variable" id="classcom_1_1mycompany_1_1bibliotecainds_1_1model_1_1_utente_1a7f2452843f3463ba28d342345b9eed02" prot="private" static="no" mutable="no">
        <type>String</type>
        <definition>String com.mycompany.bibliotecainds.model.Utente.cognome</definition>
        <argsstring></argsstring>
        <name>cognome</name>
        <qualifiedname>com.mycompany.bibliotecainds.model.Utente.cognome</qualifiedname>
        <briefdescription>
<para>Cognome dell&apos;utente. </para>
        </briefdescription>
        <detaileddescription>
        </detaileddescription>
        <inbodydescription>
        </inbodydescription>
        <location file="C:/Users/elena/Documents/NetBeansProjects/BibliotecaInDS/src/main/java/com/mycompany/bibliotecainds/model/Utente.java" line="63" column="20" bodyfile="C:/Users/elena/Documents/NetBeansProjects/BibliotecaInDS/src/main/java/com/mycompany/bibliotecainds/model/Utente.java" bodystart="63" bodyend="-1"/>
      </memberdef>
      <memberdef kind="variable" id="classcom_1_1mycompany_1_1bibliotecainds_1_1model_1_1_utente_1a92649a7cac98b9fec4e0df77c7d2b9f3" prot="private" static="no" mutable="no">
        <type>String</type>
        <definition>String com.mycompany.bibliotecainds.model.Utente.matricola</definition>
        <argsstring></argsstring>
        <name>matricola</name>
        <qualifiedname>com.mycompany.bibliotecainds.model.Utente.matricola</qualifiedname>
        <briefdescription>
<para>Matricola dell&apos;utente. </para>
        </briefdescription>
        <detaileddescription>
        </detaileddescription>
        <inbodydescription>
        </inbodydescription>
        <location file="C:/Users/elena/Documents/NetBeansProjects/BibliotecaInDS/src/main/java/com/mycompany/bibliotecainds/model/Utente.java" line="65" column="20" bodyfile="C:/Users/elena/Documents/NetBeansProjects/BibliotecaInDS/src/main/java/com/mycompany/bibliotecainds/model/Utente.java" bodystart="65" bodyend="-1"/>
      </memberdef>
      <memberdef kind="variable" id="classcom_1_1mycompany_1_1bibliotecainds_1_1model_1_1_utente_1a461d35c81741e977c24151c3cee3c413" prot="private" static="no" mutable="no">
        <type>String</type>
        <definition>String com.mycompany.bibliotecainds.model.Utente.email</definition>
        <argsstring></argsstring>
        <name>email</name>
        <qualifiedname>com.mycompany.bibliotecainds.model.Utente.email</qualifiedname>
        <briefdescription>
<para>Indirizzo email dell&apos;utente. </para>
        </briefdescription>
        <detaileddescription>
        </detaileddescription>
        <inbodydescription>
        </inbodydescription>
        <location file="C:/Users/elena/Documents/NetBeansProjects/BibliotecaInDS/src/main/java/com/mycompany/bibliotecainds/model/Utente.java" line="67" column="20" bodyfile="C:/Users/elena/Documents/NetBeansProjects/BibliotecaInDS/src/main/java/com/mycompany/bibliotecainds/model/Utente.java" bodystart="67" bodyend="-1"/>
      </memberdef>
      <memberdef kind="variable" id="classcom_1_1mycompany_1_1bibliotecainds_1_1model_1_1_utente_1a5a5d617e7997704b180b0e57229965e1" prot="private" static="no" mutable="no">
        <type>List&lt; <ref refid="classcom_1_1mycompany_1_1bibliotecainds_1_1model_1_1_prestito" kindref="compound">Prestito</ref> &gt;</type>
        <definition>List&lt;Prestito&gt; com.mycompany.bibliotecainds.model.Utente.listaPrestiti</definition>
        <argsstring></argsstring>
        <name>listaPrestiti</name>
        <qualifiedname>com.mycompany.bibliotecainds.model.Utente.listaPrestiti</qualifiedname>
        <briefdescription>
<para>Lista dei prestiti del&apos;utente. </para>
        </briefdescription>
        <detaileddescription>
        </detaileddescription>
        <inbodydescription>
        </inbodydescription>
        <location file="C:/Users/elena/Documents/NetBeansProjects/BibliotecaInDS/src/main/java/com/mycompany/bibliotecainds/model/Utente.java" line="69" column="18" bodyfile="C:/Users/elena/Documents/NetBeansProjects/BibliotecaInDS/src/main/java/com/mycompany/bibliotecainds/model/Utente.java" bodystart="69" bodyend="-1"/>
      </memberdef>
    </sectiondef>
    <sectiondef kind="public-func">
      <memberdef kind="function" id="classcom_1_1mycompany_1_1bibliotecainds_1_1model_1_1_utente_1a5ebb02ef99e0bd805fa7205818f9f393" prot="public" static="no" const="no" explicit="no" inline="yes" virt="non-virtual">
        <type></type>
        <definition>com.mycompany.bibliotecainds.model.Utente.Utente</definition>
        <argsstring>(String nome, String cognome, String matricola, String email, List&lt; Prestito &gt; listaPrestiti)</argsstring>
        <name>Utente</name>
        <qualifiedname>com.mycompany.bibliotecainds.model.Utente.Utente</qualifiedname>
        <param>
          <type>String</type>
          <declname>nome</declname>
        </param>
        <param>
          <type>String</type>
          <declname>cognome</declname>
        </param>
        <param>
          <type>String</type>
          <declname>matricola</declname>
        </param>
        <param>
          <type>String</type>
          <declname>email</declname>
        </param>
        <param>
          <type>List&lt; <ref refid="classcom_1_1mycompany_1_1bibliotecainds_1_1model_1_1_prestito" kindref="compound">Prestito</ref> &gt;</type>
          <declname>listaPrestiti</declname>
        </param>
        <briefdescription>
<para>Costruttore della classe utente. </para>
        </briefdescription>
        <detaileddescription>
<para>Inizializza un nuovo utente con tutti i suoi dati e la lista dei prestiti</para>
<para><parameterlist kind="param"><parameteritem>
<parameternamelist>
<parametername>nome</parametername>
</parameternamelist>
<parameterdescription>
<para>Nome dell&apos;utente</para>
</parameterdescription>
</parameteritem>
<parameteritem>
<parameternamelist>
<parametername>cognome</parametername>
</parameternamelist>
<parameterdescription>
<para>Cognome dell&apos;utente</para>
</parameterdescription>
</parameteritem>
<parameteritem>
<parameternamelist>
<parametername>matricola</parametername>
</parameternamelist>
<parameterdescription>
<para>Matricola dell&apos;utente</para>
</parameterdescription>
</parameteritem>
<parameteritem>
<parameternamelist>
<parametername>email</parametername>
</parameternamelist>
<parameterdescription>
<para>Email dell&apos;utente</para>
</parameterdescription>
</parameteritem>
<parameteritem>
<parameternamelist>
<parametername>listaPrestiti</parametername>
</parameternamelist>
<parameterdescription>
<para>Lista dei prestiti dell&apos;utente </para>
</parameterdescription>
</parameteritem>
</parameterlist>
</para>
        </detaileddescription>
        <inbodydescription>
        </inbodydescription>
        <location file="C:/Users/elena/Documents/NetBeansProjects/BibliotecaInDS/src/main/java/com/mycompany/bibliotecainds/model/Utente.java" line="95" column="12" bodyfile="C:/Users/elena/Documents/NetBeansProjects/BibliotecaInDS/src/main/java/com/mycompany/bibliotecainds/model/Utente.java" bodystart="95" bodyend="107"/>
      </memberdef>
      <memberdef kind="function" id="classcom_1_1mycompany_1_1bibliotecainds_1_1model_1_1_utente_1a627b2f3e3dada16b51c83db50099d316" prot="public" static="no" const="no" explicit="no" inline="yes" virt="non-virtual">
        <type>String</type>
        <definition>String com.mycompany.bibliotecainds.model.Utente.getNome</definition>
        <argsstring>()</argsstring>
        <name>getNome</name>
        <qualifiedname>com.mycompany.bibliotecainds.model.Utente.getNome</qualifiedname>
        <briefdescription>
<para>Restituisce il nome dell&apos;utente. </para>
        </briefdescription>
        <detaileddescription>
<para><simplesect kind="return"><para>Nome dell&apos;utente </para>
</simplesect>
</para>
        </detaileddescription>
        <inbodydescription>
        </inbodydescription>
        <location file="C:/Users/elena/Documents/NetBeansProjects/BibliotecaInDS/src/main/java/com/mycompany/bibliotecainds/model/Utente.java" line="121" column="19" bodyfile="C:/Users/elena/Documents/NetBeansProjects/BibliotecaInDS/src/main/java/com/mycompany/bibliotecainds/model/Utente.java" bodystart="121" bodyend="125"/>
      </memberdef>
      <memberdef kind="function" id="classcom_1_1mycompany_1_1bibliotecainds_1_1model_1_1_utente_1a2f40ae0ec99fab48ad76f74ee8c3a8c5" prot="public" static="no" const="no" explicit="no" inline="yes" virt="non-virtual">
        <type>String</type>
        <definition>String com.mycompany.bibliotecainds.model.Utente.getCognome</definition>
        <argsstring>()</argsstring>
        <name>getCognome</name>
        <qualifiedname>com.mycompany.bibliotecainds.model.Utente.getCognome</qualifiedname>
        <briefdescription>
<para>Restituisce il cognome dell&apos;utente. </para>
        </briefdescription>
        <detaileddescription>
<para><simplesect kind="return"><para>Cognome dell&apos;utente </para>
</simplesect>
</para>
        </detaileddescription>
        <inbodydescription>
        </inbodydescription>
        <location file="C:/Users/elena/Documents/NetBeansProjects/BibliotecaInDS/src/main/java/com/mycompany/bibliotecainds/model/Utente.java" line="139" column="19" bodyfile="C:/Users/elena/Documents/NetBeansProjects/BibliotecaInDS/src/main/java/com/mycompany/bibliotecainds/model/Utente.java" bodystart="139" bodyend="143"/>
      </memberdef>
      <memberdef kind="function" id="classcom_1_1mycompany_1_1bibliotecainds_1_1model_1_1_utente_1a0a5e49024018d181d405ef03295fb67d" prot="public" static="no" const="no" explicit="no" inline="yes" virt="non-virtual">
        <type>String</type>
        <definition>String com.mycompany.bibliotecainds.model.Utente.getMatricola</definition>
        <argsstring>()</argsstring>
        <name>getMatricola</name>
        <qualifiedname>com.mycompany.bibliotecainds.model.Utente.getMatricola</qualifiedname>
        <briefdescription>
<para>Restituisce la matricola dell&apos;utente. </para>
        </briefdescription>
        <detaileddescription>
<para><simplesect kind="return"><para>Matricola dell&apos;utente </para>
</simplesect>
</para>
        </detaileddescription>
        <inbodydescription>
        </inbodydescription>
        <location file="C:/Users/elena/Documents/NetBeansProjects/BibliotecaInDS/src/main/java/com/mycompany/bibliotecainds/model/Utente.java" line="157" column="19" bodyfile="C:/Users/elena/Documents/NetBeansProjects/BibliotecaInDS/src/main/java/com/mycompany/bibliotecainds/model/Utente.java" bodystart="157" bodyend="161"/>
      </memberdef>
      <memberdef kind="function" id="classcom_1_1mycompany_1_1bibliotecainds_1_1model_1_1_utente_1a7c7dc35a12f95d71380bdb0db92234d9" prot="public" static="no" const="no" explicit="no" inline="yes" virt="non-virtual">
        <type>String</type>
        <definition>String com.mycompany.bibliotecainds.model.Utente.getEmail</definition>
        <argsstring>()</argsstring>
        <name>getEmail</name>
        <qualifiedname>com.mycompany.bibliotecainds.model.Utente.getEmail</qualifiedname>
        <briefdescription>
<para>Restituisce l&apos;email dell&apos;utente. </para>
        </briefdescription>
        <detaileddescription>
<para><simplesect kind="return"><para>Email dello utente </para>
</simplesect>
</para>
        </detaileddescription>
        <inbodydescription>
        </inbodydescription>
        <location file="C:/Users/elena/Documents/NetBeansProjects/BibliotecaInDS/src/main/java/com/mycompany/bibliotecainds/model/Utente.java" line="175" column="19" bodyfile="C:/Users/elena/Documents/NetBeansProjects/BibliotecaInDS/src/main/java/com/mycompany/bibliotecainds/model/Utente.java" bodystart="175" bodyend="179"/>
      </memberdef>
      <memberdef kind="function" id="classcom_1_1mycompany_1_1bibliotecainds_1_1model_1_1_utente_1a813a19e39fadcf3f713b191002b096a7" prot="public" static="no" const="no" explicit="no" inline="yes" virt="non-virtual">
        <type>List&lt; <ref refid="classcom_1_1mycompany_1_1bibliotecainds_1_1model_1_1_prestito" kindref="compound">Prestito</ref> &gt;</type>
        <definition>List&lt; Prestito &gt; com.mycompany.bibliotecainds.model.Utente.getListaPrestiti</definition>
        <argsstring>()</argsstring>
        <name>getListaPrestiti</name>
        <qualifiedname>com.mycompany.bibliotecainds.model.Utente.getListaPrestiti</qualifiedname>
        <briefdescription>
<para>Restituisce la lista dei prestiti dell&apos;utente. </para>
        </briefdescription>
        <detaileddescription>
<para><simplesect kind="return"><para>Lista prestiti dell&apos;utente </para>
</simplesect>
</para>
        </detaileddescription>
        <inbodydescription>
        </inbodydescription>
        <location file="C:/Users/elena/Documents/NetBeansProjects/BibliotecaInDS/src/main/java/com/mycompany/bibliotecainds/model/Utente.java" line="193" column="17" bodyfile="C:/Users/elena/Documents/NetBeansProjects/BibliotecaInDS/src/main/java/com/mycompany/bibliotecainds/model/Utente.java" bodystart="193" bodyend="197"/>
      </memberdef>
      <memberdef kind="function" id="classcom_1_1mycompany_1_1bibliotecainds_1_1model_1_1_utente_1ac19da60ad838339cc489f57ec7e4f7e9" prot="public" static="no" const="no" explicit="no" inline="yes" virt="non-virtual">
        <type>boolean</type>
        <definition>boolean com.mycompany.bibliotecainds.model.Utente.concediPrestito</definition>
        <argsstring>()</argsstring>
        <name>concediPrestito</name>
        <qualifiedname>com.mycompany.bibliotecainds.model.Utente.concediPrestito</qualifiedname>
        <briefdescription>
<para>Verifica se l&apos;utente può ricevere un prestito. </para>
        </briefdescription>
        <detaileddescription>
<para><simplesect kind="return"><para>true se il numero dei prestiti attivi è minore di 3, false altrimenti </para>
</simplesect>
</para>
        </detaileddescription>
        <inbodydescription>
        </inbodydescription>
        <location file="C:/Users/elena/Documents/NetBeansProjects/BibliotecaInDS/src/main/java/com/mycompany/bibliotecainds/model/Utente.java" line="211" column="20" bodyfile="C:/Users/elena/Documents/NetBeansProjects/BibliotecaInDS/src/main/java/com/mycompany/bibliotecainds/model/Utente.java" bodystart="211" bodyend="215"/>
      </memberdef>
      <memberdef kind="function" id="classcom_1_1mycompany_1_1bibliotecainds_1_1model_1_1_utente_1aa3810b3a9ed1ad2cc03e560a8649c8d4" prot="public" static="no" const="no" explicit="no" inline="yes" virt="non-virtual">
        <type>void</type>
        <definition>void com.mycompany.bibliotecainds.model.Utente.aggiungiPrestito</definition>
        <argsstring>(Prestito p)</argsstring>
        <name>aggiungiPrestito</name>
        <qualifiedname>com.mycompany.bibliotecainds.model.Utente.aggiungiPrestito</qualifiedname>
        <param>
          <type><ref refid="classcom_1_1mycompany_1_1bibliotecainds_1_1model_1_1_prestito" kindref="compound">Prestito</ref></type>
          <declname>p</declname>
        </param>
        <briefdescription>
<para>Aggiunge un prestito alla lista prestiti dell&apos;utente. </para>
        </briefdescription>
        <detaileddescription>
<para><parameterlist kind="param"><parameteritem>
<parameternamelist>
<parametername>p</parametername>
</parameternamelist>
<parameterdescription>
<para><ref refid="classcom_1_1mycompany_1_1bibliotecainds_1_1model_1_1_prestito" kindref="compound">Prestito</ref> da aggiungere </para>
</parameterdescription>
</parameteritem>
</parameterlist>
</para>
        </detaileddescription>
        <inbodydescription>
        </inbodydescription>
        <location file="C:/Users/elena/Documents/NetBeansProjects/BibliotecaInDS/src/main/java/com/mycompany/bibliotecainds/model/Utente.java" line="229" column="17" bodyfile="C:/Users/elena/Documents/NetBeansProjects/BibliotecaInDS/src/main/java/com/mycompany/bibliotecainds/model/Utente.java" bodystart="229" bodyend="229"/>
      </memberdef>
      <memberdef kind="function" id="classcom_1_1mycompany_1_1bibliotecainds_1_1model_1_1_utente_1a9cf7b5122caef8470b89e134f1484cc5" prot="public" static="no" const="no" explicit="no" inline="yes" virt="non-virtual">
        <type>void</type>
        <definition>void com.mycompany.bibliotecainds.model.Utente.rimuoviPrestito</definition>
        <argsstring>(Prestito p)</argsstring>
        <name>rimuoviPrestito</name>
        <qualifiedname>com.mycompany.bibliotecainds.model.Utente.rimuoviPrestito</qualifiedname>
        <param>
          <type><ref refid="classcom_1_1mycompany_1_1bibliotecainds_1_1model_1_1_prestito" kindref="compound">Prestito</ref></type>
          <declname>p</declname>
        </param>
        <briefdescription>
<para>Rimuove un prestito dalla lista prestiti dell&apos;utente. </para>
        </briefdescription>
        <detaileddescription>
<para><parameterlist kind="param"><parameteritem>
<parameternamelist>
<parametername>p</parametername>
</parameternamelist>
<parameterdescription>
<para><ref refid="classcom_1_1mycompany_1_1bibliotecainds_1_1model_1_1_prestito" kindref="compound">Prestito</ref> da rimuovere </para>
</parameterdescription>
</parameteritem>
</parameterlist>
</para>
        </detaileddescription>
        <inbodydescription>
        </inbodydescription>
        <location file="C:/Users/elena/Documents/NetBeansProjects/BibliotecaInDS/src/main/java/com/mycompany/bibliotecainds/model/Utente.java" line="243" column="17" bodyfile="C:/Users/elena/Documents/NetBeansProjects/BibliotecaInDS/src/main/java/com/mycompany/bibliotecainds/model/Utente.java" bodystart="243" bodyend="243"/>
      </memberdef>
    </sectiondef>
    <briefdescription>
<para>Classe che rappresenta un utente della biblioteca. </para>
    </briefdescription>
    <detaileddescription>
<para>Questa classe contiene i dati personali dell&apos;utente e i metodi per la gestione dei prestiti </para>
    </detaileddescription>
    <inheritancegraph>
      <node id="2">
        <label>Serializable</label>
      </node>
      <node id="1">
        <label>com.mycompany.bibliotecainds.model.Utente</label>
        <link refid="classcom_1_1mycompany_1_1bibliotecainds_1_1model_1_1_utente"/>
        <childnode refid="2" relation="public-inheritance">
        </childnode>
      </node>
    </inheritancegraph>
    <collaborationgraph>
      <node id="2">
        <label>Serializable</label>
      </node>
      <node id="1">
        <label>com.mycompany.bibliotecainds.model.Utente</label>
        <link refid="classcom_1_1mycompany_1_1bibliotecainds_1_1model_1_1_utente"/>
        <childnode refid="2" relation="public-inheritance">
        </childnode>
      </node>
    </collaborationgraph>
    <location file="C:/Users/elena/Documents/NetBeansProjects/BibliotecaInDS/src/main/java/com/mycompany/bibliotecainds/model/Utente.java" line="59" column="7" bodyfile="C:/Users/elena/Documents/NetBeansProjects/BibliotecaInDS/src/main/java/com/mycompany/bibliotecainds/model/Utente.java" bodystart="59" bodyend="247"/>
    <listofallmembers>
      <member refid="classcom_1_1mycompany_1_1bibliotecainds_1_1model_1_1_utente_1aa3810b3a9ed1ad2cc03e560a8649c8d4" prot="public" virt="non-virtual"><scope>com::mycompany::bibliotecainds::model::Utente</scope><name>aggiungiPrestito</name></member>
      <member refid="classcom_1_1mycompany_1_1bibliotecainds_1_1model_1_1_utente_1a7f2452843f3463ba28d342345b9eed02" prot="private" virt="non-virtual"><scope>com::mycompany::bibliotecainds::model::Utente</scope><name>cognome</name></member>
      <member refid="classcom_1_1mycompany_1_1bibliotecainds_1_1model_1_1_utente_1ac19da60ad838339cc489f57ec7e4f7e9" prot="public" virt="non-virtual"><scope>com::mycompany::bibliotecainds::model::Utente</scope><name>concediPrestito</name></member>
      <member refid="classcom_1_1mycompany_1_1bibliotecainds_1_1model_1_1_utente_1a461d35c81741e977c24151c3cee3c413" prot="private" virt="non-virtual"><scope>com::mycompany::bibliotecainds::model::Utente</scope><name>email</name></member>
      <member refid="classcom_1_1mycompany_1_1bibliotecainds_1_1model_1_1_utente_1a2f40ae0ec99fab48ad76f74ee8c3a8c5" prot="public" virt="non-virtual"><scope>com::mycompany::bibliotecainds::model::Utente</scope><name>getCognome</name></member>
      <member refid="classcom_1_1mycompany_1_1bibliotecainds_1_1model_1_1_utente_1a7c7dc35a12f95d71380bdb0db92234d9" prot="public" virt="non-virtual"><scope>com::mycompany::bibliotecainds::model::Utente</scope><name>getEmail</name></member>
      <member refid="classcom_1_1mycompany_1_1bibliotecainds_1_1model_1_1_utente_1a813a19e39fadcf3f713b191002b096a7" prot="public" virt="non-virtual"><scope>com::mycompany::bibliotecainds::model::Utente</scope><name>getListaPrestiti</name></member>
      <member refid="classcom_1_1mycompany_1_1bibliotecainds_1_1model_1_1_utente_1a0a5e49024018d181d405ef03295fb67d" prot="public" virt="non-virtual"><scope>com::mycompany::bibliotecainds::model::Utente</scope><name>getMatricola</name></member>
      <member refid="classcom_1_1mycompany_1_1bibliotecainds_1_1model_1_1_utente_1a627b2f3e3dada16b51c83db50099d316" prot="public" virt="non-virtual"><scope>com::mycompany::bibliotecainds::model::Utente</scope><name>getNome</name></member>
      <member refid="classcom_1_1mycompany_1_1bibliotecainds_1_1model_1_1_utente_1a5a5d617e7997704b180b0e57229965e1" prot="private" virt="non-virtual"><scope>com::mycompany::bibliotecainds::model::Utente</scope><name>listaPrestiti</name></member>
      <member refid="classcom_1_1mycompany_1_1bibliotecainds_1_1model_1_1_utente_1a92649a7cac98b9fec4e0df77c7d2b9f3" prot="private" virt="non-virtual"><scope>com::mycompany::bibliotecainds::model::Utente</scope><name>matricola</name></member>
      <member refid="classcom_1_1mycompany_1_1bibliotecainds_1_1model_1_1_utente_1a6fedeeca56a51a66dce1cdea8542583b" prot="private" virt="non-virtual"><scope>com::mycompany::bibliotecainds::model::Utente</scope><name>nome</name></member>
      <member refid="classcom_1_1mycompany_1_1bibliotecainds_1_1model_1_1_utente_1a9cf7b5122caef8470b89e134f1484cc5" prot="public" virt="non-virtual"><scope>com::mycompany::bibliotecainds::model::Utente</scope><name>rimuoviPrestito</name></member>
      <member refid="classcom_1_1mycompany_1_1bibliotecainds_1_1model_1_1_utente_1a5ebb02ef99e0bd805fa7205818f9f393" prot="public" virt="non-virtual"><scope>com::mycompany::bibliotecainds::model::Utente</scope><name>Utente</name></member>
    </listofallmembers>
  </compounddef>
</doxygen>
