<?xml version='1.0' encoding='UTF-8' standalone='no'?>
<doxygen xmlns:xsi="http://www.w3.org/2001/XMLSchema-instance" xsi:noNamespaceSchemaLocation="compound.xsd" version="1.15.0" xml:lang="en-US">
  <compounddef id="classcom_1_1mycompany_1_1bibliotecainds_1_1model_1_1_personale" kind="class" language="Java" prot="public">
    <compoundname>com::mycompany::bibliotecainds::model::Personale</compoundname>
    <basecompoundref prot="public" virt="non-virtual">Serializable</basecompoundref>
    <sectiondef kind="private-attrib">
      <memberdef kind="variable" id="classcom_1_1mycompany_1_1bibliotecainds_1_1model_1_1_personale_1ab12e30d4c6deaba7f9f5448690cf98fc" prot="private" static="no" mutable="no">
        <type>String</type>
        <definition>String com.mycompany.bibliotecainds.model.Personale.email</definition>
        <argsstring></argsstring>
        <name>email</name>
        <qualifiedname>com.mycompany.bibliotecainds.model.Personale.email</qualifiedname>
        <briefdescription>
<para>Email del membro del personale. </para>
        </briefdescription>
        <detaileddescription>
        </detaileddescription>
        <inbodydescription>
        </inbodydescription>
        <location file="C:/Users/elena/Documents/NetBeansProjects/BibliotecaInDS/src/main/java/com/mycompany/bibliotecainds/model/Personale.java" line="25" column="20" bodyfile="C:/Users/elena/Documents/NetBeansProjects/BibliotecaInDS/src/main/java/com/mycompany/bibliotecainds/model/Personale.java" bodystart="25" bodyend="-1"/>
      </memberdef>
      <memberdef kind="variable" id="classcom_1_1mycompany_1_1bibliotecainds_1_1model_1_1_personale_1ab3681d9536f3eb8b1b3713c023a92b4d" prot="private" static="no" mutable="no">
        <type>String</type>
        <definition>String com.mycompany.bibliotecainds.model.Personale.password</definition>
        <argsstring></argsstring>
        <name>password</name>
        <qualifiedname>com.mycompany.bibliotecainds.model.Personale.password</qualifiedname>
        <briefdescription>
<para>Password del membro del personale. </para>
        </briefdescription>
        <detaileddescription>
        </detaileddescription>
        <inbodydescription>
        </inbodydescription>
        <location file="C:/Users/elena/Documents/NetBeansProjects/BibliotecaInDS/src/main/java/com/mycompany/bibliotecainds/model/Personale.java" line="26" column="20" bodyfile="C:/Users/elena/Documents/NetBeansProjects/BibliotecaInDS/src/main/java/com/mycompany/bibliotecainds/model/Personale.java" bodystart="26" bodyend="-1"/>
      </memberdef>
    </sectiondef>
    <sectiondef kind="public-func">
      <memberdef kind="function" id="classcom_1_1mycompany_1_1bibliotecainds_1_1model_1_1_personale_1ab4f783d9aedeef4bf5b9f02494f434b4" prot="public" static="no" const="no" explicit="no" inline="yes" virt="non-virtual">
        <type></type>
        <definition>com.mycompany.bibliotecainds.model.Personale.Personale</definition>
        <argsstring>(String email, String password)</argsstring>
        <name>Personale</name>
        <qualifiedname>com.mycompany.bibliotecainds.model.Personale.Personale</qualifiedname>
        <param>
          <type>String</type>
          <declname>email</declname>
        </param>
        <param>
          <type>String</type>
          <declname>password</declname>
        </param>
        <briefdescription>
<para>Costruttore della classe <ref refid="classcom_1_1mycompany_1_1bibliotecainds_1_1model_1_1_personale" kindref="compound">Personale</ref>. </para>
        </briefdescription>
        <detaileddescription>
<para>Inizializza un nuovo membro del personale con email e password <parameterlist kind="param"><parameteritem>
<parameternamelist>
<parametername>email</parametername>
</parameternamelist>
<parameterdescription>
<para>Email del personale </para>
</parameterdescription>
</parameteritem>
<parameteritem>
<parameternamelist>
<parametername>password</parametername>
</parameternamelist>
<parameterdescription>
<para>Password del personale </para>
</parameterdescription>
</parameteritem>
</parameterlist>
</para>
        </detaileddescription>
        <inbodydescription>
        </inbodydescription>
        <location file="C:/Users/elena/Documents/NetBeansProjects/BibliotecaInDS/src/main/java/com/mycompany/bibliotecainds/model/Personale.java" line="36" column="12" bodyfile="C:/Users/elena/Documents/NetBeansProjects/BibliotecaInDS/src/main/java/com/mycompany/bibliotecainds/model/Personale.java" bodystart="36" bodyend="39"/>
      </memberdef>
      <memberdef kind="function" id="classcom_1_1mycompany_1_1bibliotecainds_1_1model_1_1_personale_1aa7c7ba37f551509dd7082a9635adead6" prot="public" static="no" const="no" explicit="no" inline="yes" virt="non-virtual">
        <type>String</type>
        <definition>String com.mycompany.bibliotecainds.model.Personale.getEmail</definition>
        <argsstring>()</argsstring>
        <name>getEmail</name>
        <qualifiedname>com.mycompany.bibliotecainds.model.Personale.getEmail</qualifiedname>
        <briefdescription>
<para>Restituisce l&apos;email del personale. </para>
        </briefdescription>
        <detaileddescription>
<para><simplesect kind="return"><para>Email del personale </para>
</simplesect>
</para>
        </detaileddescription>
        <inbodydescription>
        </inbodydescription>
        <location file="C:/Users/elena/Documents/NetBeansProjects/BibliotecaInDS/src/main/java/com/mycompany/bibliotecainds/model/Personale.java" line="46" column="19" bodyfile="C:/Users/elena/Documents/NetBeansProjects/BibliotecaInDS/src/main/java/com/mycompany/bibliotecainds/model/Personale.java" bodystart="46" bodyend="46"/>
      </memberdef>
      <memberdef kind="function" id="classcom_1_1mycompany_1_1bibliotecainds_1_1model_1_1_personale_1acb127af8037c0a69ac061c836448a7b2" prot="public" static="no" const="no" explicit="no" inline="yes" virt="non-virtual">
        <type>String</type>
        <definition>String com.mycompany.bibliotecainds.model.Personale.getPassword</definition>
        <argsstring>()</argsstring>
        <name>getPassword</name>
        <qualifiedname>com.mycompany.bibliotecainds.model.Personale.getPassword</qualifiedname>
        <briefdescription>
<para>Restituisce la password del personale. </para>
        </briefdescription>
        <detaileddescription>
<para><simplesect kind="return"><para>Password del personale </para>
</simplesect>
</para>
        </detaileddescription>
        <inbodydescription>
        </inbodydescription>
        <location file="C:/Users/elena/Documents/NetBeansProjects/BibliotecaInDS/src/main/java/com/mycompany/bibliotecainds/model/Personale.java" line="53" column="19" bodyfile="C:/Users/elena/Documents/NetBeansProjects/BibliotecaInDS/src/main/java/com/mycompany/bibliotecainds/model/Personale.java" bodystart="53" bodyend="53"/>
      </memberdef>
      <memberdef kind="function" id="classcom_1_1mycompany_1_1bibliotecainds_1_1model_1_1_personale_1a37d11e30a6872aa478686b8f24342901" prot="public" static="no" const="no" explicit="no" inline="yes" virt="non-virtual">
        <type>void</type>
        <definition>void com.mycompany.bibliotecainds.model.Personale.modificaCatalogo</definition>
        <argsstring>()</argsstring>
        <name>modificaCatalogo</name>
        <qualifiedname>com.mycompany.bibliotecainds.model.Personale.modificaCatalogo</qualifiedname>
        <briefdescription>
<para>Modello per la modifica del catalogo Questo modello rappresenta un&apos;operazione che il personale può eseguire. </para>
        </briefdescription>
        <detaileddescription>
        </detaileddescription>
        <inbodydescription>
        </inbodydescription>
        <location file="C:/Users/elena/Documents/NetBeansProjects/BibliotecaInDS/src/main/java/com/mycompany/bibliotecainds/model/Personale.java" line="60" column="17" bodyfile="C:/Users/elena/Documents/NetBeansProjects/BibliotecaInDS/src/main/java/com/mycompany/bibliotecainds/model/Personale.java" bodystart="60" bodyend="60"/>
      </memberdef>
      <memberdef kind="function" id="classcom_1_1mycompany_1_1bibliotecainds_1_1model_1_1_personale_1a5630efc93f5dde3e06ab5af9f018ef6b" prot="public" static="no" const="no" explicit="no" inline="yes" virt="non-virtual">
        <type>void</type>
        <definition>void com.mycompany.bibliotecainds.model.Personale.gestisciUtenti</definition>
        <argsstring>()</argsstring>
        <name>gestisciUtenti</name>
        <qualifiedname>com.mycompany.bibliotecainds.model.Personale.gestisciUtenti</qualifiedname>
        <briefdescription>
<para>Metodo per la gestione degli utenti Questo modello rappresenta un&apos;operazione dedicata alla gestione degli utenti. </para>
        </briefdescription>
        <detaileddescription>
        </detaileddescription>
        <inbodydescription>
        </inbodydescription>
        <location file="C:/Users/elena/Documents/NetBeansProjects/BibliotecaInDS/src/main/java/com/mycompany/bibliotecainds/model/Personale.java" line="67" column="17" bodyfile="C:/Users/elena/Documents/NetBeansProjects/BibliotecaInDS/src/main/java/com/mycompany/bibliotecainds/model/Personale.java" bodystart="67" bodyend="67"/>
      </memberdef>
    </sectiondef>
    <briefdescription>
<para>Classe che modella un membro del personale. </para>
    </briefdescription>
    <detaileddescription>
<para>Questa classe rappresenta un dipendente della biblioteca. Implementa Serializable per consentire il salvataggio su file </para>
    </detaileddescription>
    <inheritancegraph>
      <node id="2">
        <label>Serializable</label>
      </node>
      <node id="1">
        <label>com.mycompany.bibliotecainds.model.Personale</label>
        <link refid="classcom_1_1mycompany_1_1bibliotecainds_1_1model_1_1_personale"/>
        <childnode refid="2" relation="public-inheritance">
        </childnode>
      </node>
    </inheritancegraph>
    <collaborationgraph>
      <node id="2">
        <label>Serializable</label>
      </node>
      <node id="1">
        <label>com.mycompany.bibliotecainds.model.Personale</label>
        <link refid="classcom_1_1mycompany_1_1bibliotecainds_1_1model_1_1_personale"/>
        <childnode refid="2" relation="public-inheritance">
        </childnode>
      </node>
    </collaborationgraph>
    <location file="C:/Users/elena/Documents/NetBeansProjects/BibliotecaInDS/src/main/java/com/mycompany/bibliotecainds/model/Personale.java" line="24" column="7" bodyfile="C:/Users/elena/Documents/NetBeansProjects/BibliotecaInDS/src/main/java/com/mycompany/bibliotecainds/model/Personale.java" bodystart="24" bodyend="68"/>
    <listofallmembers>
      <member refid="classcom_1_1mycompany_1_1bibliotecainds_1_1model_1_1_personale_1ab12e30d4c6deaba7f9f5448690cf98fc" prot="private" virt="non-virtual"><scope>com::mycompany::bibliotecainds::model::Personale</scope><name>email</name></member>
      <member refid="classcom_1_1mycompany_1_1bibliotecainds_1_1model_1_1_personale_1a5630efc93f5dde3e06ab5af9f018ef6b" prot="public" virt="non-virtual"><scope>com::mycompany::bibliotecainds::model::Personale</scope><name>gestisciUtenti</name></member>
      <member refid="classcom_1_1mycompany_1_1bibliotecainds_1_1model_1_1_personale_1aa7c7ba37f551509dd7082a9635adead6" prot="public" virt="non-virtual"><scope>com::mycompany::bibliotecainds::model::Personale</scope><name>getEmail</name></member>
      <member refid="classcom_1_1mycompany_1_1bibliotecainds_1_1model_1_1_personale_1acb127af8037c0a69ac061c836448a7b2" prot="public" virt="non-virtual"><scope>com::mycompany::bibliotecainds::model::Personale</scope><name>getPassword</name></member>
      <member refid="classcom_1_1mycompany_1_1bibliotecainds_1_1model_1_1_personale_1a37d11e30a6872aa478686b8f24342901" prot="public" virt="non-virtual"><scope>com::mycompany::bibliotecainds::model::Personale</scope><name>modificaCatalogo</name></member>
      <member refid="classcom_1_1mycompany_1_1bibliotecainds_1_1model_1_1_personale_1ab3681d9536f3eb8b1b3713c023a92b4d" prot="private" virt="non-virtual"><scope>com::mycompany::bibliotecainds::model::Personale</scope><name>password</name></member>
      <member refid="classcom_1_1mycompany_1_1bibliotecainds_1_1model_1_1_personale_1ab4f783d9aedeef4bf5b9f02494f434b4" prot="public" virt="non-virtual"><scope>com::mycompany::bibliotecainds::model::Personale</scope><name>Personale</name></member>
    </listofallmembers>
  </compounddef>
</doxygen>
