<?xml version='1.0' encoding='UTF-8' standalone='no'?>
<doxygen xmlns:xsi="http://www.w3.org/2001/XMLSchema-instance" xsi:noNamespaceSchemaLocation="compound.xsd" version="1.15.0" xml:lang="en-US">
  <compounddef id="classcom_1_1mycompany_1_1bibliotecainds_1_1service_1_1_prestito_service_impl" kind="class" language="Java" prot="public">
    <compoundname>com::mycompany::bibliotecainds::service::PrestitoServiceImpl</compoundname>
    <basecompoundref refid="interfacecom_1_1mycompany_1_1bibliotecainds_1_1service_1_1_prestito_service" prot="public" virt="non-virtual">com.mycompany.bibliotecainds.service.PrestitoService</basecompoundref>
    <sectiondef kind="public-func">
      <memberdef kind="function" id="classcom_1_1mycompany_1_1bibliotecainds_1_1service_1_1_prestito_service_impl_1af18131d6e27c9d919067c9339b5c32da" prot="public" static="no" const="no" explicit="no" inline="yes" virt="non-virtual">
        <type>boolean</type>
        <definition>boolean com.mycompany.bibliotecainds.service.PrestitoServiceImpl.registraPrestito</definition>
        <argsstring>(Utente utente, Libro libro)</argsstring>
        <name>registraPrestito</name>
        <qualifiedname>com.mycompany.bibliotecainds.service.PrestitoServiceImpl.registraPrestito</qualifiedname>
        <reimplements refid="interfacecom_1_1mycompany_1_1bibliotecainds_1_1service_1_1_prestito_service_1a772cae0e8a2c627cadda93076cc3bfbf">registraPrestito</reimplements>
        <param>
          <type><ref refid="classcom_1_1mycompany_1_1bibliotecainds_1_1model_1_1_utente" kindref="compound">Utente</ref></type>
          <declname>utente</declname>
        </param>
        <param>
          <type><ref refid="classcom_1_1mycompany_1_1bibliotecainds_1_1model_1_1_libro" kindref="compound">Libro</ref></type>
          <declname>libro</declname>
        </param>
        <exceptions> throws Exception </exceptions>
        <briefdescription>
<para>Registra un nuovo prestito. </para>
        </briefdescription>
        <detaileddescription>
<para>Controlla la disponibilità del libro e se l&apos;utente può prendere nuovi prestiti. Se si, crea un nuovo oggetto <ref refid="classcom_1_1mycompany_1_1bibliotecainds_1_1model_1_1_prestito" kindref="compound">Prestito</ref>, aggiorna copie disponibili e registra il prestito nell&apos;archivio centrale</para>
<para><parameterlist kind="param"><parameteritem>
<parameternamelist>
<parametername>utente</parametername>
</parameternamelist>
<parameterdescription>
<para><ref refid="classcom_1_1mycompany_1_1bibliotecainds_1_1model_1_1_utente" kindref="compound">Utente</ref> che richiede il prestito </para>
</parameterdescription>
</parameteritem>
<parameteritem>
<parameternamelist>
<parametername>libro</parametername>
</parameternamelist>
<parameterdescription>
<para><ref refid="classcom_1_1mycompany_1_1bibliotecainds_1_1model_1_1_libro" kindref="compound">Libro</ref> da prestare </para>
</parameterdescription>
</parameteritem>
</parameterlist>
<simplesect kind="return"><para>true se il prestito viene registrato correttamente </para>
</simplesect>
<parameterlist kind="exception"><parameteritem>
<parameternamelist>
<parametername>Exception</parametername>
</parameternamelist>
<parameterdescription>
<para>Se il libro non è disponibile o l&apos;utente ha raggiunto il limite prestiti </para>
</parameterdescription>
</parameteritem>
</parameterlist>
</para>
        </detaileddescription>
        <inbodydescription>
        </inbodydescription>
        <location file="C:/Users/elena/Documents/NetBeansProjects/BibliotecaInDS/src/main/java/com/mycompany/bibliotecainds/service/PrestitoServiceImpl.java" line="47" column="20" bodyfile="C:/Users/elena/Documents/NetBeansProjects/BibliotecaInDS/src/main/java/com/mycompany/bibliotecainds/service/PrestitoServiceImpl.java" bodystart="47" bodyend="63"/>
      </memberdef>
      <memberdef kind="function" id="classcom_1_1mycompany_1_1bibliotecainds_1_1service_1_1_prestito_service_impl_1a42c66647d40d6da1c56836aedc3c4175" prot="public" static="no" const="no" explicit="no" inline="yes" virt="non-virtual">
        <type>void</type>
        <definition>void com.mycompany.bibliotecainds.service.PrestitoServiceImpl.restituisciPrestito</definition>
        <argsstring>(Prestito p)</argsstring>
        <name>restituisciPrestito</name>
        <qualifiedname>com.mycompany.bibliotecainds.service.PrestitoServiceImpl.restituisciPrestito</qualifiedname>
        <reimplements refid="interfacecom_1_1mycompany_1_1bibliotecainds_1_1service_1_1_prestito_service_1a29209b7f9ed198ff8904dada023ab6de">restituisciPrestito</reimplements>
        <param>
          <type><ref refid="classcom_1_1mycompany_1_1bibliotecainds_1_1model_1_1_prestito" kindref="compound">Prestito</ref></type>
          <declname>p</declname>
        </param>
        <briefdescription>
<para>Registra la restituzione di un prestito. </para>
        </briefdescription>
        <detaileddescription>
<para>Ripristina una copia disponibile del libro e rimuove il prestito sia dall&apos;utente che dell&apos;archivio dei prestiti attivi</para>
<para><parameterlist kind="param"><parameteritem>
<parameternamelist>
<parametername>p</parametername>
</parameternamelist>
<parameterdescription>
<para><ref refid="classcom_1_1mycompany_1_1bibliotecainds_1_1model_1_1_prestito" kindref="compound">Prestito</ref> da restituire </para>
</parameterdescription>
</parameteritem>
</parameterlist>
</para>
        </detaileddescription>
        <inbodydescription>
        </inbodydescription>
        <location file="C:/Users/elena/Documents/NetBeansProjects/BibliotecaInDS/src/main/java/com/mycompany/bibliotecainds/service/PrestitoServiceImpl.java" line="74" column="17" bodyfile="C:/Users/elena/Documents/NetBeansProjects/BibliotecaInDS/src/main/java/com/mycompany/bibliotecainds/service/PrestitoServiceImpl.java" bodystart="74" bodyend="78"/>
      </memberdef>
    </sectiondef>
    <briefdescription>
<para>Implementazione dell&apos;interfaccia <ref refid="interfacecom_1_1mycompany_1_1bibliotecainds_1_1service_1_1_prestito_service" kindref="compound">PrestitoService</ref>. </para>
    </briefdescription>
    <detaileddescription>
<para>Questa classe si occupa di gestire delle operazioni di prestito e restituzione dei libri interagendo con <ref refid="classcom_1_1mycompany_1_1bibliotecainds_1_1data_1_1_archivio" kindref="compound">Archivio</ref>, <ref refid="classcom_1_1mycompany_1_1bibliotecainds_1_1model_1_1_libro" kindref="compound">Libro</ref> e <ref refid="classcom_1_1mycompany_1_1bibliotecainds_1_1model_1_1_utente" kindref="compound">Utente</ref>. </para>
    </detaileddescription>
    <inheritancegraph>
      <node id="1">
        <label>com.mycompany.bibliotecainds.service.PrestitoServiceImpl</label>
        <link refid="classcom_1_1mycompany_1_1bibliotecainds_1_1service_1_1_prestito_service_impl"/>
        <childnode refid="2" relation="public-inheritance">
        </childnode>
      </node>
      <node id="2">
        <label>com.mycompany.bibliotecainds.service.PrestitoService</label>
        <link refid="interfacecom_1_1mycompany_1_1bibliotecainds_1_1service_1_1_prestito_service"/>
      </node>
    </inheritancegraph>
    <collaborationgraph>
      <node id="1">
        <label>com.mycompany.bibliotecainds.service.PrestitoServiceImpl</label>
        <link refid="classcom_1_1mycompany_1_1bibliotecainds_1_1service_1_1_prestito_service_impl"/>
        <childnode refid="2" relation="public-inheritance">
        </childnode>
      </node>
      <node id="2">
        <label>com.mycompany.bibliotecainds.service.PrestitoService</label>
        <link refid="interfacecom_1_1mycompany_1_1bibliotecainds_1_1service_1_1_prestito_service"/>
      </node>
    </collaborationgraph>
    <location file="C:/Users/elena/Documents/NetBeansProjects/BibliotecaInDS/src/main/java/com/mycompany/bibliotecainds/service/PrestitoServiceImpl.java" line="30" column="7" bodyfile="C:/Users/elena/Documents/NetBeansProjects/BibliotecaInDS/src/main/java/com/mycompany/bibliotecainds/service/PrestitoServiceImpl.java" bodystart="30" bodyend="79"/>
    <listofallmembers>
      <member refid="classcom_1_1mycompany_1_1bibliotecainds_1_1service_1_1_prestito_service_impl_1af18131d6e27c9d919067c9339b5c32da" prot="public" virt="non-virtual"><scope>com::mycompany::bibliotecainds::service::PrestitoServiceImpl</scope><name>registraPrestito</name></member>
      <member refid="classcom_1_1mycompany_1_1bibliotecainds_1_1service_1_1_prestito_service_impl_1a42c66647d40d6da1c56836aedc3c4175" prot="public" virt="non-virtual"><scope>com::mycompany::bibliotecainds::service::PrestitoServiceImpl</scope><name>restituisciPrestito</name></member>
    </listofallmembers>
  </compounddef>
</doxygen>
