<?xml version='1.0' encoding='UTF-8' standalone='no'?>
<doxygen xmlns:xsi="http://www.w3.org/2001/XMLSchema-instance" xsi:noNamespaceSchemaLocation="compound.xsd" version="1.15.0" xml:lang="en-US">
  <compounddef id="classcom_1_1mycompany_1_1bibliotecainds_1_1_app" kind="class" language="Java" prot="public">
    <compoundname>com::mycompany::bibliotecainds::App</compoundname>
    <basecompoundref prot="public" virt="non-virtual">Application</basecompoundref>
    <sectiondef kind="private-static-attrib">
      <memberdef kind="variable" id="classcom_1_1mycompany_1_1bibliotecainds_1_1_app_1a9889f22348807506e3b94b07b4eeb2f6" prot="private" static="yes" mutable="no">
        <type>Scene</type>
        <definition>Scene com.mycompany.bibliotecainds.App.scene</definition>
        <argsstring></argsstring>
        <name>scene</name>
        <qualifiedname>com.mycompany.bibliotecainds.App.scene</qualifiedname>
        <briefdescription>
        </briefdescription>
        <detaileddescription>
        </detaileddescription>
        <inbodydescription>
        </inbodydescription>
        <location file="C:/Users/elena/Documents/NetBeansProjects/BibliotecaInDS/src/main/java/com/mycompany/bibliotecainds/App.java" line="26" column="26" bodyfile="C:/Users/elena/Documents/NetBeansProjects/BibliotecaInDS/src/main/java/com/mycompany/bibliotecainds/App.java" bodystart="26" bodyend="-1"/>
      </memberdef>
    </sectiondef>
    <sectiondef kind="public-func">
      <memberdef kind="function" id="classcom_1_1mycompany_1_1bibliotecainds_1_1_app_1a00fa4013bfb9ab8600b535b84be0718a" prot="public" static="no" const="no" explicit="no" inline="yes" virt="non-virtual">
        <type>void</type>
        <definition>void com.mycompany.bibliotecainds.App.start</definition>
        <argsstring>(Stage stage)</argsstring>
        <name>start</name>
        <qualifiedname>com.mycompany.bibliotecainds.App.start</qualifiedname>
        <param>
          <type>Stage</type>
          <declname>stage</declname>
        </param>
        <exceptions> throws IOException </exceptions>
        <briefdescription>
<para>Metodo eseguito all&apos;avvio dell&apos;app. </para>
        </briefdescription>
        <detaileddescription>
<para>Carica la scena iniziale e la mostra nella finestra.</para>
<para><parameterlist kind="param"><parameteritem>
<parameternamelist>
<parametername>stage</parametername>
</parameternamelist>
<parameterdescription>
<para>Finestra principale dell&apos;applicazione. </para>
</parameterdescription>
</parameteritem>
</parameterlist>
<parameterlist kind="exception"><parameteritem>
<parameternamelist>
<parametername>IOException</parametername>
</parameternamelist>
<parameterdescription>
<para>Se il file FXML non viene trovato. </para>
</parameterdescription>
</parameteritem>
</parameterlist>
</para>
        </detaileddescription>
        <inbodydescription>
        </inbodydescription>
        <location file="C:/Users/elena/Documents/NetBeansProjects/BibliotecaInDS/src/main/java/com/mycompany/bibliotecainds/App.java" line="36" column="17" bodyfile="C:/Users/elena/Documents/NetBeansProjects/BibliotecaInDS/src/main/java/com/mycompany/bibliotecainds/App.java" bodystart="36" bodyend="40"/>
      </memberdef>
    </sectiondef>
    <sectiondef kind="public-static-func">
      <memberdef kind="function" id="classcom_1_1mycompany_1_1bibliotecainds_1_1_app_1a5984302de55d4df09b9bef4a51383cac" prot="public" static="yes" const="no" explicit="no" inline="yes" virt="non-virtual">
        <type>void</type>
        <definition>static void com.mycompany.bibliotecainds.App.setRoot</definition>
        <argsstring>(String fxml)</argsstring>
        <name>setRoot</name>
        <qualifiedname>com.mycompany.bibliotecainds.App.setRoot</qualifiedname>
        <param>
          <type>String</type>
          <declname>fxml</declname>
        </param>
        <exceptions> throws IOException </exceptions>
        <briefdescription>
<para>Cambia la schermata attuale con un&apos;altra. </para>
        </briefdescription>
        <detaileddescription>
<para><parameterlist kind="param"><parameteritem>
<parameternamelist>
<parametername>fxml</parametername>
</parameternamelist>
<parameterdescription>
<para>Nome del file FXML da caricare (senza estensione). </para>
</parameterdescription>
</parameteritem>
</parameterlist>
<parameterlist kind="exception"><parameteritem>
<parameternamelist>
<parametername>IOException</parametername>
</parameternamelist>
<parameterdescription>
<para>Se il file non esiste o non può essere caricato. </para>
</parameterdescription>
</parameteritem>
</parameterlist>
</para>
        </detaileddescription>
        <inbodydescription>
        </inbodydescription>
        <location file="C:/Users/elena/Documents/NetBeansProjects/BibliotecaInDS/src/main/java/com/mycompany/bibliotecainds/App.java" line="47" column="24" bodyfile="C:/Users/elena/Documents/NetBeansProjects/BibliotecaInDS/src/main/java/com/mycompany/bibliotecainds/App.java" bodystart="47" bodyend="49"/>
      </memberdef>
      <memberdef kind="function" id="classcom_1_1mycompany_1_1bibliotecainds_1_1_app_1a4c5544b255925eb82114fe161d54d588" prot="public" static="yes" const="no" explicit="no" inline="yes" virt="non-virtual">
        <type>void</type>
        <definition>static void com.mycompany.bibliotecainds.App.main</definition>
        <argsstring>(String[] args)</argsstring>
        <name>main</name>
        <qualifiedname>com.mycompany.bibliotecainds.App.main</qualifiedname>
        <param>
          <type>String[]</type>
          <declname>args</declname>
        </param>
        <briefdescription>
<para>Punto di ingresso dell&apos;applicazione. </para>
        </briefdescription>
        <detaileddescription>
<para>Avvia JavaFX. </para>
        </detaileddescription>
        <inbodydescription>
        </inbodydescription>
        <location file="C:/Users/elena/Documents/NetBeansProjects/BibliotecaInDS/src/main/java/com/mycompany/bibliotecainds/App.java" line="66" column="24" bodyfile="C:/Users/elena/Documents/NetBeansProjects/BibliotecaInDS/src/main/java/com/mycompany/bibliotecainds/App.java" bodystart="66" bodyend="68"/>
      </memberdef>
    </sectiondef>
    <sectiondef kind="private-static-func">
      <memberdef kind="function" id="classcom_1_1mycompany_1_1bibliotecainds_1_1_app_1a0effd331d2699332b0f24dd55673d221" prot="private" static="yes" const="no" explicit="no" inline="yes" virt="non-virtual">
        <type>Parent</type>
        <definition>static Parent com.mycompany.bibliotecainds.App.loadFXML</definition>
        <argsstring>(String fxml)</argsstring>
        <name>loadFXML</name>
        <qualifiedname>com.mycompany.bibliotecainds.App.loadFXML</qualifiedname>
        <param>
          <type>String</type>
          <declname>fxml</declname>
        </param>
        <exceptions> throws IOException </exceptions>
        <briefdescription>
<para>Carica un file FXML e restituisce il layout grafico. </para>
        </briefdescription>
        <detaileddescription>
<para><parameterlist kind="param"><parameteritem>
<parameternamelist>
<parametername>fxml</parametername>
</parameternamelist>
<parameterdescription>
<para>Nome del file FXML (senza .fxml). </para>
</parameterdescription>
</parameteritem>
</parameterlist>
<simplesect kind="return"><para>L&apos;interfaccia grafica da mostrare. </para>
</simplesect>
<parameterlist kind="exception"><parameteritem>
<parameternamelist>
<parametername>IOException</parametername>
</parameternamelist>
<parameterdescription>
<para>Se il file non è disponibile. </para>
</parameterdescription>
</parameteritem>
</parameterlist>
</para>
        </detaileddescription>
        <inbodydescription>
        </inbodydescription>
        <location file="C:/Users/elena/Documents/NetBeansProjects/BibliotecaInDS/src/main/java/com/mycompany/bibliotecainds/App.java" line="57" column="27" bodyfile="C:/Users/elena/Documents/NetBeansProjects/BibliotecaInDS/src/main/java/com/mycompany/bibliotecainds/App.java" bodystart="57" bodyend="60"/>
      </memberdef>
    </sectiondef>
    <briefdescription>
<para>Gestisce l&apos;avvio dell&apos;app JavaFX. </para>
    </briefdescription>
    <detaileddescription>
<para>Contiene di metodi per caricare i file FXML e cambiare la schermata visualizzata </para>
    </detaileddescription>
    <inheritancegraph>
      <node id="2">
        <label>Application</label>
      </node>
      <node id="1">
        <label>com.mycompany.bibliotecainds.App</label>
        <link refid="classcom_1_1mycompany_1_1bibliotecainds_1_1_app"/>
        <childnode refid="2" relation="public-inheritance">
        </childnode>
      </node>
    </inheritancegraph>
    <collaborationgraph>
      <node id="2">
        <label>Application</label>
      </node>
      <node id="1">
        <label>com.mycompany.bibliotecainds.App</label>
        <link refid="classcom_1_1mycompany_1_1bibliotecainds_1_1_app"/>
        <childnode refid="2" relation="public-inheritance">
        </childnode>
      </node>
    </collaborationgraph>
    <location file="C:/Users/elena/Documents/NetBeansProjects/BibliotecaInDS/src/main/java/com/mycompany/bibliotecainds/App.java" line="24" column="7" bodyfile="C:/Users/elena/Documents/NetBeansProjects/BibliotecaInDS/src/main/java/com/mycompany/bibliotecainds/App.java" bodystart="24" bodyend="70"/>
    <listofallmembers>
      <member refid="classcom_1_1mycompany_1_1bibliotecainds_1_1_app_1a0effd331d2699332b0f24dd55673d221" prot="private" virt="non-virtual"><scope>com::mycompany::bibliotecainds::App</scope><name>loadFXML</name></member>
      <member refid="classcom_1_1mycompany_1_1bibliotecainds_1_1_app_1a4c5544b255925eb82114fe161d54d588" prot="public" virt="non-virtual"><scope>com::mycompany::bibliotecainds::App</scope><name>main</name></member>
      <member refid="classcom_1_1mycompany_1_1bibliotecainds_1_1_app_1a9889f22348807506e3b94b07b4eeb2f6" prot="private" virt="non-virtual"><scope>com::mycompany::bibliotecainds::App</scope><name>scene</name></member>
      <member refid="classcom_1_1mycompany_1_1bibliotecainds_1_1_app_1a5984302de55d4df09b9bef4a51383cac" prot="public" virt="non-virtual"><scope>com::mycompany::bibliotecainds::App</scope><name>setRoot</name></member>
      <member refid="classcom_1_1mycompany_1_1bibliotecainds_1_1_app_1a00fa4013bfb9ab8600b535b84be0718a" prot="public" virt="non-virtual"><scope>com::mycompany::bibliotecainds::App</scope><name>start</name></member>
    </listofallmembers>
  </compounddef>
</doxygen>
