<?xml version='1.0' encoding='UTF-8' standalone='no'?>
<doxygen xmlns:xsi="http://www.w3.org/2001/XMLSchema-instance" xsi:noNamespaceSchemaLocation="compound.xsd" version="1.15.0" xml:lang="en-US">
  <compounddef id="classcom_1_1mycompany_1_1bibliotecainds_1_1controller_1_1_secondary_controller" kind="class" language="Java" prot="public">
    <compoundname>com::mycompany::bibliotecainds::controller::SecondaryController</compoundname>
    <sectiondef kind="private-func">
      <memberdef kind="function" id="classcom_1_1mycompany_1_1bibliotecainds_1_1controller_1_1_secondary_controller_1a7afa31fa74adb8e21bdff6c0e7d72aef" prot="private" static="no" const="no" explicit="no" inline="yes" virt="non-virtual">
        <type>void</type>
        <definition>void com.mycompany.bibliotecainds.controller.SecondaryController.switchToPrimary</definition>
        <argsstring>()</argsstring>
        <name>switchToPrimary</name>
        <qualifiedname>com.mycompany.bibliotecainds.controller.SecondaryController.switchToPrimary</qualifiedname>
        <exceptions> throws IOException </exceptions>
        <briefdescription>
<para>Passa dalla schermata secondaria alla principale. </para>
        </briefdescription>
        <detaileddescription>
<para>Questo metodo viene invocato dall&apos;interfaccia grafica e richiama il metodo setRoot() per visualizzare la schermata principale</para>
<para><parameterlist kind="exception"><parameteritem>
<parameternamelist>
<parametername>IOException</parametername>
</parameternamelist>
<parameterdescription>
<para>Se si verifica un errore durante il cambiamento della schermata </para>
</parameterdescription>
</parameteritem>
</parameterlist>
</para>
        </detaileddescription>
        <inbodydescription>
        </inbodydescription>
        <location file="C:/Users/elena/Documents/NetBeansProjects/BibliotecaInDS/src/main/java/com/mycompany/bibliotecainds/controller/SecondaryController.java" line="36" column="18" bodyfile="C:/Users/elena/Documents/NetBeansProjects/BibliotecaInDS/src/main/java/com/mycompany/bibliotecainds/controller/SecondaryController.java" bodystart="36" bodyend="38"/>
      </memberdef>
    </sectiondef>
    <briefdescription>
<para>Controller dedicato alla gestione della schermata secondaria. </para>
    </briefdescription>
    <detaileddescription>
<para>Fornisce un metodo per tornare alla schermata principale. </para>
    </detaileddescription>
    <location file="C:/Users/elena/Documents/NetBeansProjects/BibliotecaInDS/src/main/java/com/mycompany/bibliotecainds/controller/SecondaryController.java" line="24" column="7" bodyfile="C:/Users/elena/Documents/NetBeansProjects/BibliotecaInDS/src/main/java/com/mycompany/bibliotecainds/controller/SecondaryController.java" bodystart="24" bodyend="39"/>
    <listofallmembers>
      <member refid="classcom_1_1mycompany_1_1bibliotecainds_1_1controller_1_1_secondary_controller_1a7afa31fa74adb8e21bdff6c0e7d72aef" prot="private" virt="non-virtual"><scope>com::mycompany::bibliotecainds::controller::SecondaryController</scope><name>switchToPrimary</name></member>
    </listofallmembers>
  </compounddef>
</doxygen>
