<?xml version='1.0' encoding='UTF-8' standalone='no'?>
<doxygen xmlns:xsi="http://www.w3.org/2001/XMLSchema-instance" xsi:noNamespaceSchemaLocation="compound.xsd" version="1.15.0" xml:lang="en-US">
  <compounddef id="classcom_1_1mycompany_1_1bibliotecainds_1_1controller_1_1_biblioteca_controller" kind="class" language="Java" prot="public">
    <compoundname>com::mycompany::bibliotecainds::controller::BibliotecaController</compoundname>
    <basecompoundref prot="public" virt="non-virtual">Initializable</basecompoundref>
    <sectiondef kind="private-attrib">
      <memberdef kind="variable" id="classcom_1_1mycompany_1_1bibliotecainds_1_1controller_1_1_biblioteca_controller_1ace8ef0b886dda6c1483b63a7ef255d77" prot="private" static="no" mutable="no">
        <type>TableView&lt; <ref refid="classcom_1_1mycompany_1_1bibliotecainds_1_1model_1_1_libro" kindref="compound">Libro</ref> &gt;</type>
        <definition>TableView&lt;Libro&gt; com.mycompany.bibliotecainds.controller.BibliotecaController.tabellaLibri</definition>
        <argsstring></argsstring>
        <name>tabellaLibri</name>
        <qualifiedname>com.mycompany.bibliotecainds.controller.BibliotecaController.tabellaLibri</qualifiedname>
        <briefdescription>
        </briefdescription>
        <detaileddescription>
        </detaileddescription>
        <inbodydescription>
        </inbodydescription>
        <location file="C:/Users/elena/Documents/NetBeansProjects/BibliotecaInDS/src/main/java/com/mycompany/bibliotecainds/controller/BibliotecaController.java" line="57" column="24" bodyfile="C:/Users/elena/Documents/NetBeansProjects/BibliotecaInDS/src/main/java/com/mycompany/bibliotecainds/controller/BibliotecaController.java" bodystart="57" bodyend="-1"/>
      </memberdef>
      <memberdef kind="variable" id="classcom_1_1mycompany_1_1bibliotecainds_1_1controller_1_1_biblioteca_controller_1aaa76619c5a50a542d4bcd5f33cc89f6c" prot="private" static="no" mutable="no">
        <type>TableColumn&lt; <ref refid="classcom_1_1mycompany_1_1bibliotecainds_1_1model_1_1_libro" kindref="compound">Libro</ref>, String &gt;</type>
        <definition>TableColumn&lt;Libro, String&gt; com.mycompany.bibliotecainds.controller.BibliotecaController.colTitolo</definition>
        <argsstring></argsstring>
        <name>colTitolo</name>
        <qualifiedname>com.mycompany.bibliotecainds.controller.BibliotecaController.colTitolo</qualifiedname>
        <briefdescription>
        </briefdescription>
        <detaileddescription>
        </detaileddescription>
        <inbodydescription>
        </inbodydescription>
        <location file="C:/Users/elena/Documents/NetBeansProjects/BibliotecaInDS/src/main/java/com/mycompany/bibliotecainds/controller/BibliotecaController.java" line="58" column="26" bodyfile="C:/Users/elena/Documents/NetBeansProjects/BibliotecaInDS/src/main/java/com/mycompany/bibliotecainds/controller/BibliotecaController.java" bodystart="58" bodyend="-1"/>
      </memberdef>
      <memberdef kind="variable" id="classcom_1_1mycompany_1_1bibliotecainds_1_1controller_1_1_biblioteca_controller_1a1ef82afc3b70daf4410926e735ee30ad" prot="private" static="no" mutable="no">
        <type>TableColumn&lt; <ref refid="classcom_1_1mycompany_1_1bibliotecainds_1_1model_1_1_libro" kindref="compound">Libro</ref>, String &gt;</type>
        <definition>TableColumn&lt;Libro, String&gt; com.mycompany.bibliotecainds.controller.BibliotecaController.colAutore</definition>
        <argsstring></argsstring>
        <name>colAutore</name>
        <qualifiedname>com.mycompany.bibliotecainds.controller.BibliotecaController.colAutore</qualifiedname>
        <briefdescription>
        </briefdescription>
        <detaileddescription>
        </detaileddescription>
        <inbodydescription>
        </inbodydescription>
        <location file="C:/Users/elena/Documents/NetBeansProjects/BibliotecaInDS/src/main/java/com/mycompany/bibliotecainds/controller/BibliotecaController.java" line="59" column="26" bodyfile="C:/Users/elena/Documents/NetBeansProjects/BibliotecaInDS/src/main/java/com/mycompany/bibliotecainds/controller/BibliotecaController.java" bodystart="59" bodyend="-1"/>
      </memberdef>
      <memberdef kind="variable" id="classcom_1_1mycompany_1_1bibliotecainds_1_1controller_1_1_biblioteca_controller_1a051bbb1ea7725294e48b2e17f3d8da44" prot="private" static="no" mutable="no">
        <type>TableColumn&lt; <ref refid="classcom_1_1mycompany_1_1bibliotecainds_1_1model_1_1_libro" kindref="compound">Libro</ref>, Integer &gt;</type>
        <definition>TableColumn&lt;Libro, Integer&gt; com.mycompany.bibliotecainds.controller.BibliotecaController.colCopie</definition>
        <argsstring></argsstring>
        <name>colCopie</name>
        <qualifiedname>com.mycompany.bibliotecainds.controller.BibliotecaController.colCopie</qualifiedname>
        <briefdescription>
        </briefdescription>
        <detaileddescription>
        </detaileddescription>
        <inbodydescription>
        </inbodydescription>
        <location file="C:/Users/elena/Documents/NetBeansProjects/BibliotecaInDS/src/main/java/com/mycompany/bibliotecainds/controller/BibliotecaController.java" line="60" column="26" bodyfile="C:/Users/elena/Documents/NetBeansProjects/BibliotecaInDS/src/main/java/com/mycompany/bibliotecainds/controller/BibliotecaController.java" bodystart="60" bodyend="-1"/>
      </memberdef>
      <memberdef kind="variable" id="classcom_1_1mycompany_1_1bibliotecainds_1_1controller_1_1_biblioteca_controller_1a86d32ea4a064c28958752569de484c29" prot="private" static="no" mutable="no">
        <type>TextField</type>
        <definition>TextField com.mycompany.bibliotecainds.controller.BibliotecaController.txtTitolo</definition>
        <argsstring></argsstring>
        <name>txtTitolo</name>
        <qualifiedname>com.mycompany.bibliotecainds.controller.BibliotecaController.txtTitolo</qualifiedname>
        <briefdescription>
        </briefdescription>
        <detaileddescription>
        </detaileddescription>
        <inbodydescription>
        </inbodydescription>
        <location file="C:/Users/elena/Documents/NetBeansProjects/BibliotecaInDS/src/main/java/com/mycompany/bibliotecainds/controller/BibliotecaController.java" line="61" column="24" bodyfile="C:/Users/elena/Documents/NetBeansProjects/BibliotecaInDS/src/main/java/com/mycompany/bibliotecainds/controller/BibliotecaController.java" bodystart="61" bodyend="-1"/>
      </memberdef>
      <memberdef kind="variable" id="classcom_1_1mycompany_1_1bibliotecainds_1_1controller_1_1_biblioteca_controller_1aa8338447050d57094a143120a5a11956" prot="private" static="no" mutable="no">
        <type>TextField</type>
        <definition>TextField com.mycompany.bibliotecainds.controller.BibliotecaController.txtAutore</definition>
        <argsstring></argsstring>
        <name>txtAutore</name>
        <qualifiedname>com.mycompany.bibliotecainds.controller.BibliotecaController.txtAutore</qualifiedname>
        <briefdescription>
        </briefdescription>
        <detaileddescription>
        </detaileddescription>
        <inbodydescription>
        </inbodydescription>
        <location file="C:/Users/elena/Documents/NetBeansProjects/BibliotecaInDS/src/main/java/com/mycompany/bibliotecainds/controller/BibliotecaController.java" line="61" column="34" bodyfile="C:/Users/elena/Documents/NetBeansProjects/BibliotecaInDS/src/main/java/com/mycompany/bibliotecainds/controller/BibliotecaController.java" bodystart="61" bodyend="-1"/>
      </memberdef>
      <memberdef kind="variable" id="classcom_1_1mycompany_1_1bibliotecainds_1_1controller_1_1_biblioteca_controller_1aa8190998e3517dfee0e4e85a309f737f" prot="private" static="no" mutable="no">
        <type>TextField</type>
        <definition>TextField com.mycompany.bibliotecainds.controller.BibliotecaController.txtAnno</definition>
        <argsstring></argsstring>
        <name>txtAnno</name>
        <qualifiedname>com.mycompany.bibliotecainds.controller.BibliotecaController.txtAnno</qualifiedname>
        <briefdescription>
        </briefdescription>
        <detaileddescription>
        </detaileddescription>
        <inbodydescription>
        </inbodydescription>
        <location file="C:/Users/elena/Documents/NetBeansProjects/BibliotecaInDS/src/main/java/com/mycompany/bibliotecainds/controller/BibliotecaController.java" line="61" column="44" bodyfile="C:/Users/elena/Documents/NetBeansProjects/BibliotecaInDS/src/main/java/com/mycompany/bibliotecainds/controller/BibliotecaController.java" bodystart="61" bodyend="-1"/>
      </memberdef>
      <memberdef kind="variable" id="classcom_1_1mycompany_1_1bibliotecainds_1_1controller_1_1_biblioteca_controller_1a4d6a584283ea5f6521d5df7d44c6b3ff" prot="private" static="no" mutable="no">
        <type>TextField</type>
        <definition>TextField com.mycompany.bibliotecainds.controller.BibliotecaController.txtIsbn</definition>
        <argsstring></argsstring>
        <name>txtIsbn</name>
        <qualifiedname>com.mycompany.bibliotecainds.controller.BibliotecaController.txtIsbn</qualifiedname>
        <briefdescription>
        </briefdescription>
        <detaileddescription>
        </detaileddescription>
        <inbodydescription>
        </inbodydescription>
        <location file="C:/Users/elena/Documents/NetBeansProjects/BibliotecaInDS/src/main/java/com/mycompany/bibliotecainds/controller/BibliotecaController.java" line="61" column="52" bodyfile="C:/Users/elena/Documents/NetBeansProjects/BibliotecaInDS/src/main/java/com/mycompany/bibliotecainds/controller/BibliotecaController.java" bodystart="61" bodyend="-1"/>
      </memberdef>
      <memberdef kind="variable" id="classcom_1_1mycompany_1_1bibliotecainds_1_1controller_1_1_biblioteca_controller_1adac8bc5d25375945ec4354380461bd1e" prot="private" static="no" mutable="no">
        <type>TextField</type>
        <definition>TextField com.mycompany.bibliotecainds.controller.BibliotecaController.txtCopie</definition>
        <argsstring></argsstring>
        <name>txtCopie</name>
        <qualifiedname>com.mycompany.bibliotecainds.controller.BibliotecaController.txtCopie</qualifiedname>
        <briefdescription>
        </briefdescription>
        <detaileddescription>
        </detaileddescription>
        <inbodydescription>
        </inbodydescription>
        <location file="C:/Users/elena/Documents/NetBeansProjects/BibliotecaInDS/src/main/java/com/mycompany/bibliotecainds/controller/BibliotecaController.java" line="61" column="60" bodyfile="C:/Users/elena/Documents/NetBeansProjects/BibliotecaInDS/src/main/java/com/mycompany/bibliotecainds/controller/BibliotecaController.java" bodystart="61" bodyend="-1"/>
      </memberdef>
      <memberdef kind="variable" id="classcom_1_1mycompany_1_1bibliotecainds_1_1controller_1_1_biblioteca_controller_1a705ff09e6b8e904639c0c3e22956cf4c" prot="private" static="no" mutable="no">
        <type>TableView&lt; <ref refid="classcom_1_1mycompany_1_1bibliotecainds_1_1model_1_1_utente" kindref="compound">Utente</ref> &gt;</type>
        <definition>TableView&lt;Utente&gt; com.mycompany.bibliotecainds.controller.BibliotecaController.tabellaUtenti</definition>
        <argsstring></argsstring>
        <name>tabellaUtenti</name>
        <qualifiedname>com.mycompany.bibliotecainds.controller.BibliotecaController.tabellaUtenti</qualifiedname>
        <briefdescription>
        </briefdescription>
        <detaileddescription>
        </detaileddescription>
        <inbodydescription>
        </inbodydescription>
        <location file="C:/Users/elena/Documents/NetBeansProjects/BibliotecaInDS/src/main/java/com/mycompany/bibliotecainds/controller/BibliotecaController.java" line="62" column="24" bodyfile="C:/Users/elena/Documents/NetBeansProjects/BibliotecaInDS/src/main/java/com/mycompany/bibliotecainds/controller/BibliotecaController.java" bodystart="62" bodyend="-1"/>
      </memberdef>
      <memberdef kind="variable" id="classcom_1_1mycompany_1_1bibliotecainds_1_1controller_1_1_biblioteca_controller_1af27fb12898e86315a9997db189f74389" prot="private" static="no" mutable="no">
        <type>TableColumn&lt; <ref refid="classcom_1_1mycompany_1_1bibliotecainds_1_1model_1_1_utente" kindref="compound">Utente</ref>, String &gt;</type>
        <definition>TableColumn&lt;Utente, String&gt; com.mycompany.bibliotecainds.controller.BibliotecaController.colNome</definition>
        <argsstring></argsstring>
        <name>colNome</name>
        <qualifiedname>com.mycompany.bibliotecainds.controller.BibliotecaController.colNome</qualifiedname>
        <briefdescription>
        </briefdescription>
        <detaileddescription>
        </detaileddescription>
        <inbodydescription>
        </inbodydescription>
        <location file="C:/Users/elena/Documents/NetBeansProjects/BibliotecaInDS/src/main/java/com/mycompany/bibliotecainds/controller/BibliotecaController.java" line="63" column="26" bodyfile="C:/Users/elena/Documents/NetBeansProjects/BibliotecaInDS/src/main/java/com/mycompany/bibliotecainds/controller/BibliotecaController.java" bodystart="63" bodyend="-1"/>
      </memberdef>
      <memberdef kind="variable" id="classcom_1_1mycompany_1_1bibliotecainds_1_1controller_1_1_biblioteca_controller_1a93ed7dcb4b351c9e677b6e84a9908634" prot="private" static="no" mutable="no">
        <type>TableColumn&lt; <ref refid="classcom_1_1mycompany_1_1bibliotecainds_1_1model_1_1_utente" kindref="compound">Utente</ref>, String &gt;</type>
        <definition>TableColumn&lt;Utente, String&gt; com.mycompany.bibliotecainds.controller.BibliotecaController.colCognome</definition>
        <argsstring></argsstring>
        <name>colCognome</name>
        <qualifiedname>com.mycompany.bibliotecainds.controller.BibliotecaController.colCognome</qualifiedname>
        <briefdescription>
        </briefdescription>
        <detaileddescription>
        </detaileddescription>
        <inbodydescription>
        </inbodydescription>
        <location file="C:/Users/elena/Documents/NetBeansProjects/BibliotecaInDS/src/main/java/com/mycompany/bibliotecainds/controller/BibliotecaController.java" line="63" column="34" bodyfile="C:/Users/elena/Documents/NetBeansProjects/BibliotecaInDS/src/main/java/com/mycompany/bibliotecainds/controller/BibliotecaController.java" bodystart="63" bodyend="-1"/>
      </memberdef>
      <memberdef kind="variable" id="classcom_1_1mycompany_1_1bibliotecainds_1_1controller_1_1_biblioteca_controller_1a28a578f0939a75e0034241df4409b3cd" prot="private" static="no" mutable="no">
        <type>TableColumn&lt; <ref refid="classcom_1_1mycompany_1_1bibliotecainds_1_1model_1_1_utente" kindref="compound">Utente</ref>, String &gt;</type>
        <definition>TableColumn&lt;Utente, String&gt; com.mycompany.bibliotecainds.controller.BibliotecaController.colMatricola</definition>
        <argsstring></argsstring>
        <name>colMatricola</name>
        <qualifiedname>com.mycompany.bibliotecainds.controller.BibliotecaController.colMatricola</qualifiedname>
        <briefdescription>
        </briefdescription>
        <detaileddescription>
        </detaileddescription>
        <inbodydescription>
        </inbodydescription>
        <location file="C:/Users/elena/Documents/NetBeansProjects/BibliotecaInDS/src/main/java/com/mycompany/bibliotecainds/controller/BibliotecaController.java" line="63" column="45" bodyfile="C:/Users/elena/Documents/NetBeansProjects/BibliotecaInDS/src/main/java/com/mycompany/bibliotecainds/controller/BibliotecaController.java" bodystart="63" bodyend="-1"/>
      </memberdef>
      <memberdef kind="variable" id="classcom_1_1mycompany_1_1bibliotecainds_1_1controller_1_1_biblioteca_controller_1a660fc3982c25e8014ab89a1792d2be69" prot="private" static="no" mutable="no">
        <type>TextField</type>
        <definition>TextField com.mycompany.bibliotecainds.controller.BibliotecaController.txtNomeUtente</definition>
        <argsstring></argsstring>
        <name>txtNomeUtente</name>
        <qualifiedname>com.mycompany.bibliotecainds.controller.BibliotecaController.txtNomeUtente</qualifiedname>
        <briefdescription>
        </briefdescription>
        <detaileddescription>
        </detaileddescription>
        <inbodydescription>
        </inbodydescription>
        <location file="C:/Users/elena/Documents/NetBeansProjects/BibliotecaInDS/src/main/java/com/mycompany/bibliotecainds/controller/BibliotecaController.java" line="64" column="24" bodyfile="C:/Users/elena/Documents/NetBeansProjects/BibliotecaInDS/src/main/java/com/mycompany/bibliotecainds/controller/BibliotecaController.java" bodystart="64" bodyend="-1"/>
      </memberdef>
      <memberdef kind="variable" id="classcom_1_1mycompany_1_1bibliotecainds_1_1controller_1_1_biblioteca_controller_1a484f6dec248e4bee93d6d669a11f503a" prot="private" static="no" mutable="no">
        <type>TextField</type>
        <definition>TextField com.mycompany.bibliotecainds.controller.BibliotecaController.txtCognomeUtente</definition>
        <argsstring></argsstring>
        <name>txtCognomeUtente</name>
        <qualifiedname>com.mycompany.bibliotecainds.controller.BibliotecaController.txtCognomeUtente</qualifiedname>
        <briefdescription>
        </briefdescription>
        <detaileddescription>
        </detaileddescription>
        <inbodydescription>
        </inbodydescription>
        <location file="C:/Users/elena/Documents/NetBeansProjects/BibliotecaInDS/src/main/java/com/mycompany/bibliotecainds/controller/BibliotecaController.java" line="64" column="38" bodyfile="C:/Users/elena/Documents/NetBeansProjects/BibliotecaInDS/src/main/java/com/mycompany/bibliotecainds/controller/BibliotecaController.java" bodystart="64" bodyend="-1"/>
      </memberdef>
      <memberdef kind="variable" id="classcom_1_1mycompany_1_1bibliotecainds_1_1controller_1_1_biblioteca_controller_1a8d0375e4631d8444481d6284d813991b" prot="private" static="no" mutable="no">
        <type>TextField</type>
        <definition>TextField com.mycompany.bibliotecainds.controller.BibliotecaController.txtMatricola</definition>
        <argsstring></argsstring>
        <name>txtMatricola</name>
        <qualifiedname>com.mycompany.bibliotecainds.controller.BibliotecaController.txtMatricola</qualifiedname>
        <briefdescription>
        </briefdescription>
        <detaileddescription>
        </detaileddescription>
        <inbodydescription>
        </inbodydescription>
        <location file="C:/Users/elena/Documents/NetBeansProjects/BibliotecaInDS/src/main/java/com/mycompany/bibliotecainds/controller/BibliotecaController.java" line="64" column="55" bodyfile="C:/Users/elena/Documents/NetBeansProjects/BibliotecaInDS/src/main/java/com/mycompany/bibliotecainds/controller/BibliotecaController.java" bodystart="64" bodyend="-1"/>
      </memberdef>
      <memberdef kind="variable" id="classcom_1_1mycompany_1_1bibliotecainds_1_1controller_1_1_biblioteca_controller_1a0ee065844b9adede602bf159bccdda6d" prot="private" static="no" mutable="no">
        <type>TextField</type>
        <definition>TextField com.mycompany.bibliotecainds.controller.BibliotecaController.txtEmail</definition>
        <argsstring></argsstring>
        <name>txtEmail</name>
        <qualifiedname>com.mycompany.bibliotecainds.controller.BibliotecaController.txtEmail</qualifiedname>
        <briefdescription>
        </briefdescription>
        <detaileddescription>
        </detaileddescription>
        <inbodydescription>
        </inbodydescription>
        <location file="C:/Users/elena/Documents/NetBeansProjects/BibliotecaInDS/src/main/java/com/mycompany/bibliotecainds/controller/BibliotecaController.java" line="64" column="68" bodyfile="C:/Users/elena/Documents/NetBeansProjects/BibliotecaInDS/src/main/java/com/mycompany/bibliotecainds/controller/BibliotecaController.java" bodystart="64" bodyend="-1"/>
      </memberdef>
      <memberdef kind="variable" id="classcom_1_1mycompany_1_1bibliotecainds_1_1controller_1_1_biblioteca_controller_1a9d666a646f5391ec0106fa31077f1bd9" prot="private" static="no" mutable="no">
        <type>TableView&lt; <ref refid="classcom_1_1mycompany_1_1bibliotecainds_1_1model_1_1_prestito" kindref="compound">Prestito</ref> &gt;</type>
        <definition>TableView&lt;Prestito&gt; com.mycompany.bibliotecainds.controller.BibliotecaController.tabellaPrestiti</definition>
        <argsstring></argsstring>
        <name>tabellaPrestiti</name>
        <qualifiedname>com.mycompany.bibliotecainds.controller.BibliotecaController.tabellaPrestiti</qualifiedname>
        <briefdescription>
        </briefdescription>
        <detaileddescription>
        </detaileddescription>
        <inbodydescription>
        </inbodydescription>
        <location file="C:/Users/elena/Documents/NetBeansProjects/BibliotecaInDS/src/main/java/com/mycompany/bibliotecainds/controller/BibliotecaController.java" line="65" column="24" bodyfile="C:/Users/elena/Documents/NetBeansProjects/BibliotecaInDS/src/main/java/com/mycompany/bibliotecainds/controller/BibliotecaController.java" bodystart="65" bodyend="-1"/>
      </memberdef>
      <memberdef kind="variable" id="classcom_1_1mycompany_1_1bibliotecainds_1_1controller_1_1_biblioteca_controller_1a7791f07a0aae4d2d687488a2c49f37d2" prot="private" static="no" mutable="no">
        <type>TableColumn&lt; <ref refid="classcom_1_1mycompany_1_1bibliotecainds_1_1model_1_1_prestito" kindref="compound">Prestito</ref>, String &gt;</type>
        <definition>TableColumn&lt;Prestito, String&gt; com.mycompany.bibliotecainds.controller.BibliotecaController.colPrestitoLibro</definition>
        <argsstring></argsstring>
        <name>colPrestitoLibro</name>
        <qualifiedname>com.mycompany.bibliotecainds.controller.BibliotecaController.colPrestitoLibro</qualifiedname>
        <briefdescription>
        </briefdescription>
        <detaileddescription>
        </detaileddescription>
        <inbodydescription>
        </inbodydescription>
        <location file="C:/Users/elena/Documents/NetBeansProjects/BibliotecaInDS/src/main/java/com/mycompany/bibliotecainds/controller/BibliotecaController.java" line="66" column="26" bodyfile="C:/Users/elena/Documents/NetBeansProjects/BibliotecaInDS/src/main/java/com/mycompany/bibliotecainds/controller/BibliotecaController.java" bodystart="66" bodyend="-1"/>
      </memberdef>
      <memberdef kind="variable" id="classcom_1_1mycompany_1_1bibliotecainds_1_1controller_1_1_biblioteca_controller_1a27230e2cf31a105cc219c88ea31c49d6" prot="private" static="no" mutable="no">
        <type>TableColumn&lt; <ref refid="classcom_1_1mycompany_1_1bibliotecainds_1_1model_1_1_prestito" kindref="compound">Prestito</ref>, String &gt;</type>
        <definition>TableColumn&lt;Prestito, String&gt; com.mycompany.bibliotecainds.controller.BibliotecaController.colPrestitoUtente</definition>
        <argsstring></argsstring>
        <name>colPrestitoUtente</name>
        <qualifiedname>com.mycompany.bibliotecainds.controller.BibliotecaController.colPrestitoUtente</qualifiedname>
        <briefdescription>
        </briefdescription>
        <detaileddescription>
        </detaileddescription>
        <inbodydescription>
        </inbodydescription>
        <location file="C:/Users/elena/Documents/NetBeansProjects/BibliotecaInDS/src/main/java/com/mycompany/bibliotecainds/controller/BibliotecaController.java" line="66" column="43" bodyfile="C:/Users/elena/Documents/NetBeansProjects/BibliotecaInDS/src/main/java/com/mycompany/bibliotecainds/controller/BibliotecaController.java" bodystart="66" bodyend="-1"/>
      </memberdef>
      <memberdef kind="variable" id="classcom_1_1mycompany_1_1bibliotecainds_1_1controller_1_1_biblioteca_controller_1ab87a021d18a63f0a918f77810f9ca758" prot="private" static="no" mutable="no">
        <type>TableColumn&lt; <ref refid="classcom_1_1mycompany_1_1bibliotecainds_1_1model_1_1_prestito" kindref="compound">Prestito</ref>, String &gt;</type>
        <definition>TableColumn&lt;Prestito, String&gt; com.mycompany.bibliotecainds.controller.BibliotecaController.colPrestitoScadenza</definition>
        <argsstring></argsstring>
        <name>colPrestitoScadenza</name>
        <qualifiedname>com.mycompany.bibliotecainds.controller.BibliotecaController.colPrestitoScadenza</qualifiedname>
        <briefdescription>
        </briefdescription>
        <detaileddescription>
        </detaileddescription>
        <inbodydescription>
        </inbodydescription>
        <location file="C:/Users/elena/Documents/NetBeansProjects/BibliotecaInDS/src/main/java/com/mycompany/bibliotecainds/controller/BibliotecaController.java" line="66" column="61" bodyfile="C:/Users/elena/Documents/NetBeansProjects/BibliotecaInDS/src/main/java/com/mycompany/bibliotecainds/controller/BibliotecaController.java" bodystart="66" bodyend="-1"/>
      </memberdef>
      <memberdef kind="variable" id="classcom_1_1mycompany_1_1bibliotecainds_1_1controller_1_1_biblioteca_controller_1a1d126acfaf5aa437d8a1ddf2738ffe1f" prot="private" static="no" mutable="no">
        <type>ObservableList&lt; <ref refid="classcom_1_1mycompany_1_1bibliotecainds_1_1model_1_1_libro" kindref="compound">Libro</ref> &gt;</type>
        <definition>ObservableList&lt;Libro&gt; com.mycompany.bibliotecainds.controller.BibliotecaController.observableLibri</definition>
        <argsstring></argsstring>
        <name>observableLibri</name>
        <qualifiedname>com.mycompany.bibliotecainds.controller.BibliotecaController.observableLibri</qualifiedname>
        <briefdescription>
        </briefdescription>
        <detaileddescription>
        </detaileddescription>
        <inbodydescription>
        </inbodydescription>
        <location file="C:/Users/elena/Documents/NetBeansProjects/BibliotecaInDS/src/main/java/com/mycompany/bibliotecainds/controller/BibliotecaController.java" line="68" column="28" bodyfile="C:/Users/elena/Documents/NetBeansProjects/BibliotecaInDS/src/main/java/com/mycompany/bibliotecainds/controller/BibliotecaController.java" bodystart="68" bodyend="-1"/>
      </memberdef>
      <memberdef kind="variable" id="classcom_1_1mycompany_1_1bibliotecainds_1_1controller_1_1_biblioteca_controller_1a3ef82a0c491c5b7ee91c1fb0a07f3259" prot="private" static="no" mutable="no">
        <type>ObservableList&lt; <ref refid="classcom_1_1mycompany_1_1bibliotecainds_1_1model_1_1_utente" kindref="compound">Utente</ref> &gt;</type>
        <definition>ObservableList&lt;Utente&gt; com.mycompany.bibliotecainds.controller.BibliotecaController.observableUtenti</definition>
        <argsstring></argsstring>
        <name>observableUtenti</name>
        <qualifiedname>com.mycompany.bibliotecainds.controller.BibliotecaController.observableUtenti</qualifiedname>
        <briefdescription>
        </briefdescription>
        <detaileddescription>
        </detaileddescription>
        <inbodydescription>
        </inbodydescription>
        <location file="C:/Users/elena/Documents/NetBeansProjects/BibliotecaInDS/src/main/java/com/mycompany/bibliotecainds/controller/BibliotecaController.java" line="69" column="28" bodyfile="C:/Users/elena/Documents/NetBeansProjects/BibliotecaInDS/src/main/java/com/mycompany/bibliotecainds/controller/BibliotecaController.java" bodystart="69" bodyend="-1"/>
      </memberdef>
      <memberdef kind="variable" id="classcom_1_1mycompany_1_1bibliotecainds_1_1controller_1_1_biblioteca_controller_1a7fdc2dca4925f011bb0085f0658217c4" prot="private" static="no" mutable="no">
        <type>ObservableList&lt; <ref refid="classcom_1_1mycompany_1_1bibliotecainds_1_1model_1_1_prestito" kindref="compound">Prestito</ref> &gt;</type>
        <definition>ObservableList&lt;Prestito&gt; com.mycompany.bibliotecainds.controller.BibliotecaController.observablePrestiti</definition>
        <argsstring></argsstring>
        <name>observablePrestiti</name>
        <qualifiedname>com.mycompany.bibliotecainds.controller.BibliotecaController.observablePrestiti</qualifiedname>
        <briefdescription>
        </briefdescription>
        <detaileddescription>
        </detaileddescription>
        <inbodydescription>
        </inbodydescription>
        <location file="C:/Users/elena/Documents/NetBeansProjects/BibliotecaInDS/src/main/java/com/mycompany/bibliotecainds/controller/BibliotecaController.java" line="70" column="28" bodyfile="C:/Users/elena/Documents/NetBeansProjects/BibliotecaInDS/src/main/java/com/mycompany/bibliotecainds/controller/BibliotecaController.java" bodystart="70" bodyend="-1"/>
      </memberdef>
      <memberdef kind="variable" id="classcom_1_1mycompany_1_1bibliotecainds_1_1controller_1_1_biblioteca_controller_1ac19a0d66ac09f9267a81b3720bdd4da9" prot="private" static="no" mutable="no">
        <type><ref refid="interfacecom_1_1mycompany_1_1bibliotecainds_1_1service_1_1_catalogo_service" kindref="compound">CatalogoService</ref></type>
        <definition>CatalogoService com.mycompany.bibliotecainds.controller.BibliotecaController.catalogoService</definition>
        <argsstring></argsstring>
        <name>catalogoService</name>
        <qualifiedname>com.mycompany.bibliotecainds.controller.BibliotecaController.catalogoService</qualifiedname>
        <briefdescription>
        </briefdescription>
        <detaileddescription>
        </detaileddescription>
        <inbodydescription>
        </inbodydescription>
        <location file="C:/Users/elena/Documents/NetBeansProjects/BibliotecaInDS/src/main/java/com/mycompany/bibliotecainds/controller/BibliotecaController.java" line="71" column="29" bodyfile="C:/Users/elena/Documents/NetBeansProjects/BibliotecaInDS/src/main/java/com/mycompany/bibliotecainds/controller/BibliotecaController.java" bodystart="71" bodyend="-1"/>
      </memberdef>
      <memberdef kind="variable" id="classcom_1_1mycompany_1_1bibliotecainds_1_1controller_1_1_biblioteca_controller_1a6a5c752c7078827064b26ca5696fd32a" prot="private" static="no" mutable="no">
        <type><ref refid="interfacecom_1_1mycompany_1_1bibliotecainds_1_1service_1_1_utente_service" kindref="compound">UtenteService</ref></type>
        <definition>UtenteService com.mycompany.bibliotecainds.controller.BibliotecaController.utenteService</definition>
        <argsstring></argsstring>
        <name>utenteService</name>
        <qualifiedname>com.mycompany.bibliotecainds.controller.BibliotecaController.utenteService</qualifiedname>
        <briefdescription>
        </briefdescription>
        <detaileddescription>
        </detaileddescription>
        <inbodydescription>
        </inbodydescription>
        <location file="C:/Users/elena/Documents/NetBeansProjects/BibliotecaInDS/src/main/java/com/mycompany/bibliotecainds/controller/BibliotecaController.java" line="72" column="27" bodyfile="C:/Users/elena/Documents/NetBeansProjects/BibliotecaInDS/src/main/java/com/mycompany/bibliotecainds/controller/BibliotecaController.java" bodystart="72" bodyend="-1"/>
      </memberdef>
      <memberdef kind="variable" id="classcom_1_1mycompany_1_1bibliotecainds_1_1controller_1_1_biblioteca_controller_1a18460107e79ceb38231807408479f560" prot="private" static="no" mutable="no">
        <type><ref refid="interfacecom_1_1mycompany_1_1bibliotecainds_1_1service_1_1_prestito_service" kindref="compound">PrestitoService</ref></type>
        <definition>PrestitoService com.mycompany.bibliotecainds.controller.BibliotecaController.prestitoService</definition>
        <argsstring></argsstring>
        <name>prestitoService</name>
        <qualifiedname>com.mycompany.bibliotecainds.controller.BibliotecaController.prestitoService</qualifiedname>
        <briefdescription>
        </briefdescription>
        <detaileddescription>
        </detaileddescription>
        <inbodydescription>
        </inbodydescription>
        <location file="C:/Users/elena/Documents/NetBeansProjects/BibliotecaInDS/src/main/java/com/mycompany/bibliotecainds/controller/BibliotecaController.java" line="73" column="29" bodyfile="C:/Users/elena/Documents/NetBeansProjects/BibliotecaInDS/src/main/java/com/mycompany/bibliotecainds/controller/BibliotecaController.java" bodystart="73" bodyend="-1"/>
      </memberdef>
    </sectiondef>
    <sectiondef kind="public-func">
      <memberdef kind="function" id="classcom_1_1mycompany_1_1bibliotecainds_1_1controller_1_1_biblioteca_controller_1adc63f4ba7700b39f54dbddd53d634cc0" prot="public" static="no" const="no" explicit="no" inline="yes" virt="non-virtual">
        <type>void</type>
        <definition>void com.mycompany.bibliotecainds.controller.BibliotecaController.initialize</definition>
        <argsstring>(URL url, ResourceBundle rb)</argsstring>
        <name>initialize</name>
        <qualifiedname>com.mycompany.bibliotecainds.controller.BibliotecaController.initialize</qualifiedname>
        <param>
          <type>URL</type>
          <declname>url</declname>
        </param>
        <param>
          <type>ResourceBundle</type>
          <declname>rb</declname>
        </param>
        <briefdescription>
<para>Metodo chiamato automaticamente all&apos;avvio. </para>
        </briefdescription>
        <detaileddescription>
<para>Inizializza i servizi, carica i dati da visualizzare nella tabella e configura i servizi <parameterlist kind="param"><parameteritem>
<parameternamelist>
<parametername>url</parametername>
</parameternamelist>
<parameterdescription>
<para>Non utilizzato </para>
</parameterdescription>
</parameteritem>
<parameteritem>
<parameternamelist>
<parametername>rb</parametername>
</parameternamelist>
<parameterdescription>
<para>Non utilizzato </para>
</parameterdescription>
</parameteritem>
</parameterlist>
</para>
        </detaileddescription>
        <inbodydescription>
        </inbodydescription>
        <location file="C:/Users/elena/Documents/NetBeansProjects/BibliotecaInDS/src/main/java/com/mycompany/bibliotecainds/controller/BibliotecaController.java" line="85" column="17" bodyfile="C:/Users/elena/Documents/NetBeansProjects/BibliotecaInDS/src/main/java/com/mycompany/bibliotecainds/controller/BibliotecaController.java" bodystart="85" bodyend="98"/>
      </memberdef>
    </sectiondef>
    <sectiondef kind="private-func">
      <memberdef kind="function" id="classcom_1_1mycompany_1_1bibliotecainds_1_1controller_1_1_biblioteca_controller_1a4570d25e45d7d3ba3bc5ee5e613986c0" prot="private" static="no" const="no" explicit="no" inline="yes" virt="non-virtual">
        <type>void</type>
        <definition>void com.mycompany.bibliotecainds.controller.BibliotecaController.caricaDati</definition>
        <argsstring>()</argsstring>
        <name>caricaDati</name>
        <qualifiedname>com.mycompany.bibliotecainds.controller.BibliotecaController.caricaDati</qualifiedname>
        <briefdescription>
<para>Carica da <ref refid="classcom_1_1mycompany_1_1bibliotecainds_1_1data_1_1_archivio" kindref="compound">Archivio</ref> i dati degli utenti, libri e prestiti. </para>
        </briefdescription>
        <detaileddescription>
<para>Popola le liste presenti nella TableView </para>
        </detaileddescription>
        <inbodydescription>
        </inbodydescription>
        <location file="C:/Users/elena/Documents/NetBeansProjects/BibliotecaInDS/src/main/java/com/mycompany/bibliotecainds/controller/BibliotecaController.java" line="106" column="18" bodyfile="C:/Users/elena/Documents/NetBeansProjects/BibliotecaInDS/src/main/java/com/mycompany/bibliotecainds/controller/BibliotecaController.java" bodystart="106" bodyend="110"/>
      </memberdef>
      <memberdef kind="function" id="classcom_1_1mycompany_1_1bibliotecainds_1_1controller_1_1_biblioteca_controller_1aae47c916e0f199c9492d34a901f508e1" prot="private" static="no" const="no" explicit="no" inline="yes" virt="non-virtual">
        <type>void</type>
        <definition>void com.mycompany.bibliotecainds.controller.BibliotecaController.configuraColonne</definition>
        <argsstring>()</argsstring>
        <name>configuraColonne</name>
        <qualifiedname>com.mycompany.bibliotecainds.controller.BibliotecaController.configuraColonne</qualifiedname>
        <briefdescription>
<para>Configura le colonne della TableView. </para>
        </briefdescription>
        <detaileddescription>
<para>Imposta i valueFactory per mostrare correttamente i dati ed evidenzia i prestiti scaduti </para>
        </detaileddescription>
        <inbodydescription>
        </inbodydescription>
        <location file="C:/Users/elena/Documents/NetBeansProjects/BibliotecaInDS/src/main/java/com/mycompany/bibliotecainds/controller/BibliotecaController.java" line="119" column="18" bodyfile="C:/Users/elena/Documents/NetBeansProjects/BibliotecaInDS/src/main/java/com/mycompany/bibliotecainds/controller/BibliotecaController.java" bodystart="119" bodyend="147"/>
      </memberdef>
      <memberdef kind="function" id="classcom_1_1mycompany_1_1bibliotecainds_1_1controller_1_1_biblioteca_controller_1a88e99221b667bd76eaa46f65cb6eef84" prot="private" static="no" const="no" explicit="no" inline="yes" virt="non-virtual">
        <type>void</type>
        <definition>void com.mycompany.bibliotecainds.controller.BibliotecaController.handleAggiungiLibro</definition>
        <argsstring>(ActionEvent event)</argsstring>
        <name>handleAggiungiLibro</name>
        <qualifiedname>com.mycompany.bibliotecainds.controller.BibliotecaController.handleAggiungiLibro</qualifiedname>
        <param>
          <type>ActionEvent</type>
          <declname>event</declname>
        </param>
        <briefdescription>
<para>Bottone &quot;Aggiungi libro&quot;. </para>
        </briefdescription>
        <detaileddescription>
<para>Legge i dati inseriti nella GUI, crea un nuovo oggetto <ref refid="classcom_1_1mycompany_1_1bibliotecainds_1_1model_1_1_libro" kindref="compound">Libro</ref> e lo aggiunge al catalogo tramite <ref refid="interfacecom_1_1mycompany_1_1bibliotecainds_1_1service_1_1_catalogo_service" kindref="compound">CatalogoService</ref> <parameterlist kind="param"><parameteritem>
<parameternamelist>
<parametername>event</parametername>
</parameternamelist>
<parameterdescription>
<para>Evento generato dal click del bottone </para>
</parameterdescription>
</parameteritem>
</parameterlist>
</para>
        </detaileddescription>
        <inbodydescription>
        </inbodydescription>
        <location file="C:/Users/elena/Documents/NetBeansProjects/BibliotecaInDS/src/main/java/com/mycompany/bibliotecainds/controller/BibliotecaController.java" line="160" column="18" bodyfile="C:/Users/elena/Documents/NetBeansProjects/BibliotecaInDS/src/main/java/com/mycompany/bibliotecainds/controller/BibliotecaController.java" bodystart="160" bodyend="191"/>
      </memberdef>
      <memberdef kind="function" id="classcom_1_1mycompany_1_1bibliotecainds_1_1controller_1_1_biblioteca_controller_1ad8ca66d898d3f9de2d996e58a5f9ea07" prot="private" static="no" const="no" explicit="no" inline="yes" virt="non-virtual">
        <type>void</type>
        <definition>void com.mycompany.bibliotecainds.controller.BibliotecaController.pulisciCampiLibro</definition>
        <argsstring>()</argsstring>
        <name>pulisciCampiLibro</name>
        <qualifiedname>com.mycompany.bibliotecainds.controller.BibliotecaController.pulisciCampiLibro</qualifiedname>
        <briefdescription>
<para>Ripulisce i campi di input relativi ai libri dopo un inserimento. </para>
        </briefdescription>
        <detaileddescription>
        </detaileddescription>
        <inbodydescription>
        </inbodydescription>
        <location file="C:/Users/elena/Documents/NetBeansProjects/BibliotecaInDS/src/main/java/com/mycompany/bibliotecainds/controller/BibliotecaController.java" line="197" column="18" bodyfile="C:/Users/elena/Documents/NetBeansProjects/BibliotecaInDS/src/main/java/com/mycompany/bibliotecainds/controller/BibliotecaController.java" bodystart="197" bodyend="203"/>
      </memberdef>
      <memberdef kind="function" id="classcom_1_1mycompany_1_1bibliotecainds_1_1controller_1_1_biblioteca_controller_1acd8ea6d7552629b322eef17f0e888270" prot="private" static="no" const="no" explicit="no" inline="yes" virt="non-virtual">
        <type>void</type>
        <definition>void com.mycompany.bibliotecainds.controller.BibliotecaController.handleAggiungiUtente</definition>
        <argsstring>(ActionEvent event)</argsstring>
        <name>handleAggiungiUtente</name>
        <qualifiedname>com.mycompany.bibliotecainds.controller.BibliotecaController.handleAggiungiUtente</qualifiedname>
        <param>
          <type>ActionEvent</type>
          <declname>event</declname>
        </param>
        <briefdescription>
        </briefdescription>
        <detaileddescription>
<para>Bottone &quot;Aggiungi utente&quot;</para>
<para>Crea un nuovo utente e lo registra tramite <ref refid="interfacecom_1_1mycompany_1_1bibliotecainds_1_1service_1_1_utente_service" kindref="compound">UtenteService</ref> <parameterlist kind="param"><parameteritem>
<parameternamelist>
<parametername>event</parametername>
</parameternamelist>
<parameterdescription>
<para>Evento generato dal click </para>
</parameterdescription>
</parameteritem>
</parameterlist>
</para>
        </detaileddescription>
        <inbodydescription>
        </inbodydescription>
        <location file="C:/Users/elena/Documents/NetBeansProjects/BibliotecaInDS/src/main/java/com/mycompany/bibliotecainds/controller/BibliotecaController.java" line="215" column="18" bodyfile="C:/Users/elena/Documents/NetBeansProjects/BibliotecaInDS/src/main/java/com/mycompany/bibliotecainds/controller/BibliotecaController.java" bodystart="215" bodyend="239"/>
      </memberdef>
      <memberdef kind="function" id="classcom_1_1mycompany_1_1bibliotecainds_1_1controller_1_1_biblioteca_controller_1a75a30ab10cbe51f0a2e7d23aba7573dc" prot="private" static="no" const="no" explicit="no" inline="yes" virt="non-virtual">
        <type>void</type>
        <definition>void com.mycompany.bibliotecainds.controller.BibliotecaController.pulisciCampiUtente</definition>
        <argsstring>()</argsstring>
        <name>pulisciCampiUtente</name>
        <qualifiedname>com.mycompany.bibliotecainds.controller.BibliotecaController.pulisciCampiUtente</qualifiedname>
        <briefdescription>
<para>Ripulisce i campi relativi all&apos;inserimento di un utente. </para>
        </briefdescription>
        <detaileddescription>
        </detaileddescription>
        <inbodydescription>
        </inbodydescription>
        <location file="C:/Users/elena/Documents/NetBeansProjects/BibliotecaInDS/src/main/java/com/mycompany/bibliotecainds/controller/BibliotecaController.java" line="245" column="18" bodyfile="C:/Users/elena/Documents/NetBeansProjects/BibliotecaInDS/src/main/java/com/mycompany/bibliotecainds/controller/BibliotecaController.java" bodystart="245" bodyend="250"/>
      </memberdef>
      <memberdef kind="function" id="classcom_1_1mycompany_1_1bibliotecainds_1_1controller_1_1_biblioteca_controller_1a1dcaf4777cb3961b1c1497ade5c80a38" prot="private" static="no" const="no" explicit="no" inline="yes" virt="non-virtual">
        <type>void</type>
        <definition>void com.mycompany.bibliotecainds.controller.BibliotecaController.handleNuovoPrestito</definition>
        <argsstring>(ActionEvent event)</argsstring>
        <name>handleNuovoPrestito</name>
        <qualifiedname>com.mycompany.bibliotecainds.controller.BibliotecaController.handleNuovoPrestito</qualifiedname>
        <param>
          <type>ActionEvent</type>
          <declname>event</declname>
        </param>
        <briefdescription>
        </briefdescription>
        <detaileddescription>
<para>Bottone &quot;Nuovo prestito&quot;</para>
<para>Verifica che siano selezionati un libro ed un utente, poi registra un nuovo prestito tramite <ref refid="interfacecom_1_1mycompany_1_1bibliotecainds_1_1service_1_1_prestito_service" kindref="compound">PrestitoService</ref> <parameterlist kind="param"><parameteritem>
<parameternamelist>
<parametername>event</parametername>
</parameternamelist>
<parameterdescription>
<para>Evento generato del click </para>
</parameterdescription>
</parameteritem>
</parameterlist>
</para>
        </detaileddescription>
        <inbodydescription>
        </inbodydescription>
        <location file="C:/Users/elena/Documents/NetBeansProjects/BibliotecaInDS/src/main/java/com/mycompany/bibliotecainds/controller/BibliotecaController.java" line="263" column="18" bodyfile="C:/Users/elena/Documents/NetBeansProjects/BibliotecaInDS/src/main/java/com/mycompany/bibliotecainds/controller/BibliotecaController.java" bodystart="263" bodyend="288"/>
      </memberdef>
      <memberdef kind="function" id="classcom_1_1mycompany_1_1bibliotecainds_1_1controller_1_1_biblioteca_controller_1a93eb58e8b0d9390ef0144da11021396a" prot="private" static="no" const="no" explicit="no" inline="yes" virt="non-virtual">
        <type>void</type>
        <definition>void com.mycompany.bibliotecainds.controller.BibliotecaController.handleRestituzione</definition>
        <argsstring>(ActionEvent event)</argsstring>
        <name>handleRestituzione</name>
        <qualifiedname>com.mycompany.bibliotecainds.controller.BibliotecaController.handleRestituzione</qualifiedname>
        <param>
          <type>ActionEvent</type>
          <declname>event</declname>
        </param>
        <briefdescription>
<para>Bottone &quot;Restituzione&quot;. </para>
        </briefdescription>
        <detaileddescription>
<para>Restituisce il libro associato al prestito selezionato Aggiorna la GUI e i dati persistenti <parameterlist kind="param"><parameteritem>
<parameternamelist>
<parametername>event</parametername>
</parameternamelist>
<parameterdescription>
<para>Evento generato dal click </para>
</parameterdescription>
</parameteritem>
</parameterlist>
</para>
        </detaileddescription>
        <inbodydescription>
        </inbodydescription>
        <location file="C:/Users/elena/Documents/NetBeansProjects/BibliotecaInDS/src/main/java/com/mycompany/bibliotecainds/controller/BibliotecaController.java" line="299" column="18" bodyfile="C:/Users/elena/Documents/NetBeansProjects/BibliotecaInDS/src/main/java/com/mycompany/bibliotecainds/controller/BibliotecaController.java" bodystart="299" bodyend="314"/>
      </memberdef>
      <memberdef kind="function" id="classcom_1_1mycompany_1_1bibliotecainds_1_1controller_1_1_biblioteca_controller_1a39c5c2a9692f948c32f0728a43b13f5b" prot="private" static="no" const="no" explicit="no" inline="yes" virt="non-virtual">
        <type>void</type>
        <definition>void com.mycompany.bibliotecainds.controller.BibliotecaController.handleInfo</definition>
        <argsstring>()</argsstring>
        <name>handleInfo</name>
        <qualifiedname>com.mycompany.bibliotecainds.controller.BibliotecaController.handleInfo</qualifiedname>
        <exceptions> throws IOException </exceptions>
        <briefdescription>
<para>Mostra la schermata informativa secondaria. </para>
        </briefdescription>
        <detaileddescription>
<para><parameterlist kind="exception"><parameteritem>
<parameternamelist>
<parametername>IOException</parametername>
</parameternamelist>
<parameterdescription>
<para>In caso di errore nel caricamento della nuova scena </para>
</parameterdescription>
</parameteritem>
</parameterlist>
</para>
        </detaileddescription>
        <inbodydescription>
        </inbodydescription>
        <location file="C:/Users/elena/Documents/NetBeansProjects/BibliotecaInDS/src/main/java/com/mycompany/bibliotecainds/controller/BibliotecaController.java" line="325" column="18" bodyfile="C:/Users/elena/Documents/NetBeansProjects/BibliotecaInDS/src/main/java/com/mycompany/bibliotecainds/controller/BibliotecaController.java" bodystart="325" bodyend="327"/>
      </memberdef>
      <memberdef kind="function" id="classcom_1_1mycompany_1_1bibliotecainds_1_1controller_1_1_biblioteca_controller_1a4540ffb18e64783590e8089bdab20962" prot="private" static="no" const="no" explicit="no" inline="yes" virt="non-virtual">
        <type>void</type>
        <definition>void com.mycompany.bibliotecainds.controller.BibliotecaController.handleLogout</definition>
        <argsstring>()</argsstring>
        <name>handleLogout</name>
        <qualifiedname>com.mycompany.bibliotecainds.controller.BibliotecaController.handleLogout</qualifiedname>
        <exceptions> throws IOException </exceptions>
        <briefdescription>
<para>Effettua il logout e torna alla schermata di login. </para>
        </briefdescription>
        <detaileddescription>
<para><parameterlist kind="exception"><parameteritem>
<parameternamelist>
<parametername>IOException</parametername>
</parameternamelist>
<parameterdescription>
<para>Se la schermata non può essere caricata </para>
</parameterdescription>
</parameteritem>
</parameterlist>
</para>
        </detaileddescription>
        <inbodydescription>
        </inbodydescription>
        <location file="C:/Users/elena/Documents/NetBeansProjects/BibliotecaInDS/src/main/java/com/mycompany/bibliotecainds/controller/BibliotecaController.java" line="337" column="18" bodyfile="C:/Users/elena/Documents/NetBeansProjects/BibliotecaInDS/src/main/java/com/mycompany/bibliotecainds/controller/BibliotecaController.java" bodystart="337" bodyend="339"/>
      </memberdef>
      <memberdef kind="function" id="classcom_1_1mycompany_1_1bibliotecainds_1_1controller_1_1_biblioteca_controller_1a36bd3ddd1e3e4649c7dfaf9b0eb2430a" prot="private" static="no" const="no" explicit="no" inline="yes" virt="non-virtual">
        <type>void</type>
        <definition>void com.mycompany.bibliotecainds.controller.BibliotecaController.showAlert</definition>
        <argsstring>(String title, String content)</argsstring>
        <name>showAlert</name>
        <qualifiedname>com.mycompany.bibliotecainds.controller.BibliotecaController.showAlert</qualifiedname>
        <param>
          <type>String</type>
          <declname>title</declname>
        </param>
        <param>
          <type>String</type>
          <declname>content</declname>
        </param>
        <briefdescription>
<para>Mostra un popup informativo. </para>
        </briefdescription>
        <detaileddescription>
<para><parameterlist kind="param"><parameteritem>
<parameternamelist>
<parametername>title</parametername>
</parameternamelist>
<parameterdescription>
<para>Titolo della finestra </para>
</parameterdescription>
</parameteritem>
<parameteritem>
<parameternamelist>
<parametername>content</parametername>
</parameternamelist>
<parameterdescription>
<para>Messaggio da visualizzare </para>
</parameterdescription>
</parameteritem>
</parameterlist>
</para>
        </detaileddescription>
        <inbodydescription>
        </inbodydescription>
        <location file="C:/Users/elena/Documents/NetBeansProjects/BibliotecaInDS/src/main/java/com/mycompany/bibliotecainds/controller/BibliotecaController.java" line="348" column="18" bodyfile="C:/Users/elena/Documents/NetBeansProjects/BibliotecaInDS/src/main/java/com/mycompany/bibliotecainds/controller/BibliotecaController.java" bodystart="348" bodyend="354"/>
      </memberdef>
    </sectiondef>
    <briefdescription>
<para>Controller JavaFX che coordina le interazioni fra la GUI e logica applicativa. </para>
    </briefdescription>
    <detaileddescription>
<para>Implementa l&apos;interfacia Initializable e viene richiamato automaticamente al caricamento della scena principale. Gestisce:<itemizedlist>
<listitem><para>Visualizzazione dei dati</para>
</listitem><listitem><para>Inserimento dei libri</para>
</listitem><listitem><para>Inserimento degli utenti</para>
</listitem><listitem><para>Gestione dei prestiti </para>
</listitem></itemizedlist>
</para>
    </detaileddescription>
    <inheritancegraph>
      <node id="2">
        <label>Initializable</label>
      </node>
      <node id="1">
        <label>com.mycompany.bibliotecainds.controller.BibliotecaController</label>
        <link refid="classcom_1_1mycompany_1_1bibliotecainds_1_1controller_1_1_biblioteca_controller"/>
        <childnode refid="2" relation="public-inheritance">
        </childnode>
      </node>
    </inheritancegraph>
    <collaborationgraph>
      <node id="2">
        <label>Initializable</label>
      </node>
      <node id="1">
        <label>com.mycompany.bibliotecainds.controller.BibliotecaController</label>
        <link refid="classcom_1_1mycompany_1_1bibliotecainds_1_1controller_1_1_biblioteca_controller"/>
        <childnode refid="2" relation="public-inheritance">
        </childnode>
      </node>
    </collaborationgraph>
    <location file="C:/Users/elena/Documents/NetBeansProjects/BibliotecaInDS/src/main/java/com/mycompany/bibliotecainds/controller/BibliotecaController.java" line="54" column="7" bodyfile="C:/Users/elena/Documents/NetBeansProjects/BibliotecaInDS/src/main/java/com/mycompany/bibliotecainds/controller/BibliotecaController.java" bodystart="54" bodyend="355"/>
    <listofallmembers>
      <member refid="classcom_1_1mycompany_1_1bibliotecainds_1_1controller_1_1_biblioteca_controller_1a4570d25e45d7d3ba3bc5ee5e613986c0" prot="private" virt="non-virtual"><scope>com::mycompany::bibliotecainds::controller::BibliotecaController</scope><name>caricaDati</name></member>
      <member refid="classcom_1_1mycompany_1_1bibliotecainds_1_1controller_1_1_biblioteca_controller_1ac19a0d66ac09f9267a81b3720bdd4da9" prot="private" virt="non-virtual"><scope>com::mycompany::bibliotecainds::controller::BibliotecaController</scope><name>catalogoService</name></member>
      <member refid="classcom_1_1mycompany_1_1bibliotecainds_1_1controller_1_1_biblioteca_controller_1a1ef82afc3b70daf4410926e735ee30ad" prot="private" virt="non-virtual"><scope>com::mycompany::bibliotecainds::controller::BibliotecaController</scope><name>colAutore</name></member>
      <member refid="classcom_1_1mycompany_1_1bibliotecainds_1_1controller_1_1_biblioteca_controller_1a93ed7dcb4b351c9e677b6e84a9908634" prot="private" virt="non-virtual"><scope>com::mycompany::bibliotecainds::controller::BibliotecaController</scope><name>colCognome</name></member>
      <member refid="classcom_1_1mycompany_1_1bibliotecainds_1_1controller_1_1_biblioteca_controller_1a051bbb1ea7725294e48b2e17f3d8da44" prot="private" virt="non-virtual"><scope>com::mycompany::bibliotecainds::controller::BibliotecaController</scope><name>colCopie</name></member>
      <member refid="classcom_1_1mycompany_1_1bibliotecainds_1_1controller_1_1_biblioteca_controller_1a28a578f0939a75e0034241df4409b3cd" prot="private" virt="non-virtual"><scope>com::mycompany::bibliotecainds::controller::BibliotecaController</scope><name>colMatricola</name></member>
      <member refid="classcom_1_1mycompany_1_1bibliotecainds_1_1controller_1_1_biblioteca_controller_1af27fb12898e86315a9997db189f74389" prot="private" virt="non-virtual"><scope>com::mycompany::bibliotecainds::controller::BibliotecaController</scope><name>colNome</name></member>
      <member refid="classcom_1_1mycompany_1_1bibliotecainds_1_1controller_1_1_biblioteca_controller_1a7791f07a0aae4d2d687488a2c49f37d2" prot="private" virt="non-virtual"><scope>com::mycompany::bibliotecainds::controller::BibliotecaController</scope><name>colPrestitoLibro</name></member>
      <member refid="classcom_1_1mycompany_1_1bibliotecainds_1_1controller_1_1_biblioteca_controller_1ab87a021d18a63f0a918f77810f9ca758" prot="private" virt="non-virtual"><scope>com::mycompany::bibliotecainds::controller::BibliotecaController</scope><name>colPrestitoScadenza</name></member>
      <member refid="classcom_1_1mycompany_1_1bibliotecainds_1_1controller_1_1_biblioteca_controller_1a27230e2cf31a105cc219c88ea31c49d6" prot="private" virt="non-virtual"><scope>com::mycompany::bibliotecainds::controller::BibliotecaController</scope><name>colPrestitoUtente</name></member>
      <member refid="classcom_1_1mycompany_1_1bibliotecainds_1_1controller_1_1_biblioteca_controller_1aaa76619c5a50a542d4bcd5f33cc89f6c" prot="private" virt="non-virtual"><scope>com::mycompany::bibliotecainds::controller::BibliotecaController</scope><name>colTitolo</name></member>
      <member refid="classcom_1_1mycompany_1_1bibliotecainds_1_1controller_1_1_biblioteca_controller_1aae47c916e0f199c9492d34a901f508e1" prot="private" virt="non-virtual"><scope>com::mycompany::bibliotecainds::controller::BibliotecaController</scope><name>configuraColonne</name></member>
      <member refid="classcom_1_1mycompany_1_1bibliotecainds_1_1controller_1_1_biblioteca_controller_1a88e99221b667bd76eaa46f65cb6eef84" prot="private" virt="non-virtual"><scope>com::mycompany::bibliotecainds::controller::BibliotecaController</scope><name>handleAggiungiLibro</name></member>
      <member refid="classcom_1_1mycompany_1_1bibliotecainds_1_1controller_1_1_biblioteca_controller_1acd8ea6d7552629b322eef17f0e888270" prot="private" virt="non-virtual"><scope>com::mycompany::bibliotecainds::controller::BibliotecaController</scope><name>handleAggiungiUtente</name></member>
      <member refid="classcom_1_1mycompany_1_1bibliotecainds_1_1controller_1_1_biblioteca_controller_1a39c5c2a9692f948c32f0728a43b13f5b" prot="private" virt="non-virtual"><scope>com::mycompany::bibliotecainds::controller::BibliotecaController</scope><name>handleInfo</name></member>
      <member refid="classcom_1_1mycompany_1_1bibliotecainds_1_1controller_1_1_biblioteca_controller_1a4540ffb18e64783590e8089bdab20962" prot="private" virt="non-virtual"><scope>com::mycompany::bibliotecainds::controller::BibliotecaController</scope><name>handleLogout</name></member>
      <member refid="classcom_1_1mycompany_1_1bibliotecainds_1_1controller_1_1_biblioteca_controller_1a1dcaf4777cb3961b1c1497ade5c80a38" prot="private" virt="non-virtual"><scope>com::mycompany::bibliotecainds::controller::BibliotecaController</scope><name>handleNuovoPrestito</name></member>
      <member refid="classcom_1_1mycompany_1_1bibliotecainds_1_1controller_1_1_biblioteca_controller_1a93eb58e8b0d9390ef0144da11021396a" prot="private" virt="non-virtual"><scope>com::mycompany::bibliotecainds::controller::BibliotecaController</scope><name>handleRestituzione</name></member>
      <member refid="classcom_1_1mycompany_1_1bibliotecainds_1_1controller_1_1_biblioteca_controller_1adc63f4ba7700b39f54dbddd53d634cc0" prot="public" virt="non-virtual"><scope>com::mycompany::bibliotecainds::controller::BibliotecaController</scope><name>initialize</name></member>
      <member refid="classcom_1_1mycompany_1_1bibliotecainds_1_1controller_1_1_biblioteca_controller_1a1d126acfaf5aa437d8a1ddf2738ffe1f" prot="private" virt="non-virtual"><scope>com::mycompany::bibliotecainds::controller::BibliotecaController</scope><name>observableLibri</name></member>
      <member refid="classcom_1_1mycompany_1_1bibliotecainds_1_1controller_1_1_biblioteca_controller_1a7fdc2dca4925f011bb0085f0658217c4" prot="private" virt="non-virtual"><scope>com::mycompany::bibliotecainds::controller::BibliotecaController</scope><name>observablePrestiti</name></member>
      <member refid="classcom_1_1mycompany_1_1bibliotecainds_1_1controller_1_1_biblioteca_controller_1a3ef82a0c491c5b7ee91c1fb0a07f3259" prot="private" virt="non-virtual"><scope>com::mycompany::bibliotecainds::controller::BibliotecaController</scope><name>observableUtenti</name></member>
      <member refid="classcom_1_1mycompany_1_1bibliotecainds_1_1controller_1_1_biblioteca_controller_1a18460107e79ceb38231807408479f560" prot="private" virt="non-virtual"><scope>com::mycompany::bibliotecainds::controller::BibliotecaController</scope><name>prestitoService</name></member>
      <member refid="classcom_1_1mycompany_1_1bibliotecainds_1_1controller_1_1_biblioteca_controller_1ad8ca66d898d3f9de2d996e58a5f9ea07" prot="private" virt="non-virtual"><scope>com::mycompany::bibliotecainds::controller::BibliotecaController</scope><name>pulisciCampiLibro</name></member>
      <member refid="classcom_1_1mycompany_1_1bibliotecainds_1_1controller_1_1_biblioteca_controller_1a75a30ab10cbe51f0a2e7d23aba7573dc" prot="private" virt="non-virtual"><scope>com::mycompany::bibliotecainds::controller::BibliotecaController</scope><name>pulisciCampiUtente</name></member>
      <member refid="classcom_1_1mycompany_1_1bibliotecainds_1_1controller_1_1_biblioteca_controller_1a36bd3ddd1e3e4649c7dfaf9b0eb2430a" prot="private" virt="non-virtual"><scope>com::mycompany::bibliotecainds::controller::BibliotecaController</scope><name>showAlert</name></member>
      <member refid="classcom_1_1mycompany_1_1bibliotecainds_1_1controller_1_1_biblioteca_controller_1ace8ef0b886dda6c1483b63a7ef255d77" prot="private" virt="non-virtual"><scope>com::mycompany::bibliotecainds::controller::BibliotecaController</scope><name>tabellaLibri</name></member>
      <member refid="classcom_1_1mycompany_1_1bibliotecainds_1_1controller_1_1_biblioteca_controller_1a9d666a646f5391ec0106fa31077f1bd9" prot="private" virt="non-virtual"><scope>com::mycompany::bibliotecainds::controller::BibliotecaController</scope><name>tabellaPrestiti</name></member>
      <member refid="classcom_1_1mycompany_1_1bibliotecainds_1_1controller_1_1_biblioteca_controller_1a705ff09e6b8e904639c0c3e22956cf4c" prot="private" virt="non-virtual"><scope>com::mycompany::bibliotecainds::controller::BibliotecaController</scope><name>tabellaUtenti</name></member>
      <member refid="classcom_1_1mycompany_1_1bibliotecainds_1_1controller_1_1_biblioteca_controller_1aa8190998e3517dfee0e4e85a309f737f" prot="private" virt="non-virtual"><scope>com::mycompany::bibliotecainds::controller::BibliotecaController</scope><name>txtAnno</name></member>
      <member refid="classcom_1_1mycompany_1_1bibliotecainds_1_1controller_1_1_biblioteca_controller_1aa8338447050d57094a143120a5a11956" prot="private" virt="non-virtual"><scope>com::mycompany::bibliotecainds::controller::BibliotecaController</scope><name>txtAutore</name></member>
      <member refid="classcom_1_1mycompany_1_1bibliotecainds_1_1controller_1_1_biblioteca_controller_1a484f6dec248e4bee93d6d669a11f503a" prot="private" virt="non-virtual"><scope>com::mycompany::bibliotecainds::controller::BibliotecaController</scope><name>txtCognomeUtente</name></member>
      <member refid="classcom_1_1mycompany_1_1bibliotecainds_1_1controller_1_1_biblioteca_controller_1adac8bc5d25375945ec4354380461bd1e" prot="private" virt="non-virtual"><scope>com::mycompany::bibliotecainds::controller::BibliotecaController</scope><name>txtCopie</name></member>
      <member refid="classcom_1_1mycompany_1_1bibliotecainds_1_1controller_1_1_biblioteca_controller_1a0ee065844b9adede602bf159bccdda6d" prot="private" virt="non-virtual"><scope>com::mycompany::bibliotecainds::controller::BibliotecaController</scope><name>txtEmail</name></member>
      <member refid="classcom_1_1mycompany_1_1bibliotecainds_1_1controller_1_1_biblioteca_controller_1a4d6a584283ea5f6521d5df7d44c6b3ff" prot="private" virt="non-virtual"><scope>com::mycompany::bibliotecainds::controller::BibliotecaController</scope><name>txtIsbn</name></member>
      <member refid="classcom_1_1mycompany_1_1bibliotecainds_1_1controller_1_1_biblioteca_controller_1a8d0375e4631d8444481d6284d813991b" prot="private" virt="non-virtual"><scope>com::mycompany::bibliotecainds::controller::BibliotecaController</scope><name>txtMatricola</name></member>
      <member refid="classcom_1_1mycompany_1_1bibliotecainds_1_1controller_1_1_biblioteca_controller_1a660fc3982c25e8014ab89a1792d2be69" prot="private" virt="non-virtual"><scope>com::mycompany::bibliotecainds::controller::BibliotecaController</scope><name>txtNomeUtente</name></member>
      <member refid="classcom_1_1mycompany_1_1bibliotecainds_1_1controller_1_1_biblioteca_controller_1a86d32ea4a064c28958752569de484c29" prot="private" virt="non-virtual"><scope>com::mycompany::bibliotecainds::controller::BibliotecaController</scope><name>txtTitolo</name></member>
      <member refid="classcom_1_1mycompany_1_1bibliotecainds_1_1controller_1_1_biblioteca_controller_1a6a5c752c7078827064b26ca5696fd32a" prot="private" virt="non-virtual"><scope>com::mycompany::bibliotecainds::controller::BibliotecaController</scope><name>utenteService</name></member>
    </listofallmembers>
  </compounddef>
</doxygen>
