<?xml version='1.0' encoding='UTF-8' standalone='no'?>
<doxygen xmlns:xsi="http://www.w3.org/2001/XMLSchema-instance" xsi:noNamespaceSchemaLocation="compound.xsd" version="1.15.0" xml:lang="en-US">
  <compounddef id="classcom_1_1mycompany_1_1bibliotecainds_1_1data_1_1_archivio" kind="class" language="Java" prot="public">
    <compoundname>com::mycompany::bibliotecainds::data::Archivio</compoundname>
    <basecompoundref prot="public" virt="non-virtual">Serializable</basecompoundref>
    <sectiondef kind="private-static-attrib">
      <memberdef kind="variable" id="classcom_1_1mycompany_1_1bibliotecainds_1_1data_1_1_archivio_1ae57166b129b02e549cb64a23c4c7e744" prot="private" static="yes" mutable="no">
        <type>final long</type>
        <definition>final long com.mycompany.bibliotecainds.data.Archivio.serialVersionUID</definition>
        <argsstring></argsstring>
        <name>serialVersionUID</name>
        <qualifiedname>com.mycompany.bibliotecainds.data.Archivio.serialVersionUID</qualifiedname>
        <initializer>= 1L</initializer>
        <briefdescription>
<para>Versione della serializzazione. </para>
        </briefdescription>
        <detaileddescription>
        </detaileddescription>
        <inbodydescription>
        </inbodydescription>
        <location file="C:/Users/elena/Documents/NetBeansProjects/BibliotecaInDS/src/main/java/com/mycompany/bibliotecainds/data/Archivio.java" line="33" column="31" bodyfile="C:/Users/elena/Documents/NetBeansProjects/BibliotecaInDS/src/main/java/com/mycompany/bibliotecainds/data/Archivio.java" bodystart="33" bodyend="-1"/>
      </memberdef>
      <memberdef kind="variable" id="classcom_1_1mycompany_1_1bibliotecainds_1_1data_1_1_archivio_1ad1d467b38ec800d91e3072aea0d7f6e0" prot="private" static="yes" mutable="no">
        <type>Archivio</type>
        <definition>Archivio com.mycompany.bibliotecainds.data.Archivio.instance</definition>
        <argsstring></argsstring>
        <name>instance</name>
        <qualifiedname>com.mycompany.bibliotecainds.data.Archivio.instance</qualifiedname>
        <briefdescription>
<para>Istanza unica. </para>
        </briefdescription>
        <detaileddescription>
        </detaileddescription>
        <inbodydescription>
        </inbodydescription>
        <location file="C:/Users/elena/Documents/NetBeansProjects/BibliotecaInDS/src/main/java/com/mycompany/bibliotecainds/data/Archivio.java" line="37" column="29" bodyfile="C:/Users/elena/Documents/NetBeansProjects/BibliotecaInDS/src/main/java/com/mycompany/bibliotecainds/data/Archivio.java" bodystart="37" bodyend="-1"/>
      </memberdef>
    </sectiondef>
    <sectiondef kind="private-attrib">
      <memberdef kind="variable" id="classcom_1_1mycompany_1_1bibliotecainds_1_1data_1_1_archivio_1a3e9cc5f7312bdb2c4c0e4ce0f922d04c" prot="private" static="no" mutable="no">
        <type>List&lt; <ref refid="classcom_1_1mycompany_1_1bibliotecainds_1_1model_1_1_libro" kindref="compound">Libro</ref> &gt;</type>
        <definition>List&lt;Libro&gt; com.mycompany.bibliotecainds.data.Archivio.catalogoLibri</definition>
        <argsstring></argsstring>
        <name>catalogoLibri</name>
        <qualifiedname>com.mycompany.bibliotecainds.data.Archivio.catalogoLibri</qualifiedname>
        <briefdescription>
<para>Lista dei libri presenti nel catalogo. </para>
        </briefdescription>
        <detaileddescription>
        </detaileddescription>
        <inbodydescription>
        </inbodydescription>
        <location file="C:/Users/elena/Documents/NetBeansProjects/BibliotecaInDS/src/main/java/com/mycompany/bibliotecainds/data/Archivio.java" line="34" column="18" bodyfile="C:/Users/elena/Documents/NetBeansProjects/BibliotecaInDS/src/main/java/com/mycompany/bibliotecainds/data/Archivio.java" bodystart="34" bodyend="-1"/>
      </memberdef>
      <memberdef kind="variable" id="classcom_1_1mycompany_1_1bibliotecainds_1_1data_1_1_archivio_1ae12ddde103aabed7e959e9e919d3757f" prot="private" static="no" mutable="no">
        <type>List&lt; <ref refid="classcom_1_1mycompany_1_1bibliotecainds_1_1model_1_1_utente" kindref="compound">Utente</ref> &gt;</type>
        <definition>List&lt;Utente&gt; com.mycompany.bibliotecainds.data.Archivio.registroUtenti</definition>
        <argsstring></argsstring>
        <name>registroUtenti</name>
        <qualifiedname>com.mycompany.bibliotecainds.data.Archivio.registroUtenti</qualifiedname>
        <briefdescription>
<para>Lista degli utenti registrati. </para>
        </briefdescription>
        <detaileddescription>
        </detaileddescription>
        <inbodydescription>
        </inbodydescription>
        <location file="C:/Users/elena/Documents/NetBeansProjects/BibliotecaInDS/src/main/java/com/mycompany/bibliotecainds/data/Archivio.java" line="35" column="18" bodyfile="C:/Users/elena/Documents/NetBeansProjects/BibliotecaInDS/src/main/java/com/mycompany/bibliotecainds/data/Archivio.java" bodystart="35" bodyend="-1"/>
      </memberdef>
      <memberdef kind="variable" id="classcom_1_1mycompany_1_1bibliotecainds_1_1data_1_1_archivio_1acd8c84eb4bcd53ac2327a6d8c1a08a56" prot="private" static="no" mutable="no">
        <type>List&lt; <ref refid="classcom_1_1mycompany_1_1bibliotecainds_1_1model_1_1_prestito" kindref="compound">Prestito</ref> &gt;</type>
        <definition>List&lt;Prestito&gt; com.mycompany.bibliotecainds.data.Archivio.prestitiAttivi</definition>
        <argsstring></argsstring>
        <name>prestitiAttivi</name>
        <qualifiedname>com.mycompany.bibliotecainds.data.Archivio.prestitiAttivi</qualifiedname>
        <briefdescription>
<para>Lista dei prestiti attivi. </para>
        </briefdescription>
        <detaileddescription>
        </detaileddescription>
        <inbodydescription>
        </inbodydescription>
        <location file="C:/Users/elena/Documents/NetBeansProjects/BibliotecaInDS/src/main/java/com/mycompany/bibliotecainds/data/Archivio.java" line="36" column="18" bodyfile="C:/Users/elena/Documents/NetBeansProjects/BibliotecaInDS/src/main/java/com/mycompany/bibliotecainds/data/Archivio.java" bodystart="36" bodyend="-1"/>
      </memberdef>
    </sectiondef>
    <sectiondef kind="private-func">
      <memberdef kind="function" id="classcom_1_1mycompany_1_1bibliotecainds_1_1data_1_1_archivio_1acec239575ba973d7e203bcd0bcf7b182" prot="private" static="no" const="no" explicit="no" inline="yes" virt="non-virtual">
        <type></type>
        <definition>com.mycompany.bibliotecainds.data.Archivio.Archivio</definition>
        <argsstring>()</argsstring>
        <name>Archivio</name>
        <qualifiedname>com.mycompany.bibliotecainds.data.Archivio.Archivio</qualifiedname>
        <briefdescription>
<para>Costruttore privato. </para>
        </briefdescription>
        <detaileddescription>
<para>Inizializza le liste che compongono l&apos;archivio </para>
        </detaileddescription>
        <inbodydescription>
        </inbodydescription>
        <location file="C:/Users/elena/Documents/NetBeansProjects/BibliotecaInDS/src/main/java/com/mycompany/bibliotecainds/data/Archivio.java" line="45" column="13" bodyfile="C:/Users/elena/Documents/NetBeansProjects/BibliotecaInDS/src/main/java/com/mycompany/bibliotecainds/data/Archivio.java" bodystart="45" bodyend="49"/>
      </memberdef>
    </sectiondef>
    <sectiondef kind="public-static-func">
      <memberdef kind="function" id="classcom_1_1mycompany_1_1bibliotecainds_1_1data_1_1_archivio_1acaa052eff6f8c3b47ca522346db3e428" prot="public" static="yes" const="no" explicit="no" inline="yes" virt="non-virtual">
        <type>Archivio</type>
        <definition>static Archivio com.mycompany.bibliotecainds.data.Archivio.getInstance</definition>
        <argsstring>()</argsstring>
        <name>getInstance</name>
        <qualifiedname>com.mycompany.bibliotecainds.data.Archivio.getInstance</qualifiedname>
        <briefdescription>
<para>Restituisce l&apos;unica istanza dell&apos;archivio. </para>
        </briefdescription>
        <detaileddescription>
<para>Se l&apos;istanza ancora non esiste essa viene creata <simplesect kind="return"><para>Istanza unica della classe <ref refid="classcom_1_1mycompany_1_1bibliotecainds_1_1data_1_1_archivio" kindref="compound">Archivio</ref> </para>
</simplesect>
</para>
        </detaileddescription>
        <inbodydescription>
        </inbodydescription>
        <location file="C:/Users/elena/Documents/NetBeansProjects/BibliotecaInDS/src/main/java/com/mycompany/bibliotecainds/data/Archivio.java" line="58" column="28" bodyfile="C:/Users/elena/Documents/NetBeansProjects/BibliotecaInDS/src/main/java/com/mycompany/bibliotecainds/data/Archivio.java" bodystart="58" bodyend="63"/>
      </memberdef>
      <memberdef kind="function" id="classcom_1_1mycompany_1_1bibliotecainds_1_1data_1_1_archivio_1a21f413cf0a7254a71e037fcb9e0c89c6" prot="public" static="yes" const="no" explicit="no" inline="yes" virt="non-virtual">
        <type>void</type>
        <definition>static void com.mycompany.bibliotecainds.data.Archivio.salva</definition>
        <argsstring>(String filePath)</argsstring>
        <name>salva</name>
        <qualifiedname>com.mycompany.bibliotecainds.data.Archivio.salva</qualifiedname>
        <param>
          <type>String</type>
          <declname>filePath</declname>
        </param>
        <briefdescription>
<para>Salva l&apos;intero archivio su file tramite serializzazione. </para>
        </briefdescription>
        <detaileddescription>
<para><parameterlist kind="param"><parameteritem>
<parameternamelist>
<parametername>filePath</parametername>
</parameternamelist>
<parameterdescription>
<para>Percorso del file in cui salvare i dati </para>
</parameterdescription>
</parameteritem>
</parameterlist>
</para>
        </detaileddescription>
        <inbodydescription>
        </inbodydescription>
        <location file="C:/Users/elena/Documents/NetBeansProjects/BibliotecaInDS/src/main/java/com/mycompany/bibliotecainds/data/Archivio.java" line="91" column="24" bodyfile="C:/Users/elena/Documents/NetBeansProjects/BibliotecaInDS/src/main/java/com/mycompany/bibliotecainds/data/Archivio.java" bodystart="91" bodyend="97"/>
      </memberdef>
      <memberdef kind="function" id="classcom_1_1mycompany_1_1bibliotecainds_1_1data_1_1_archivio_1a110abd2d5f9c959761c9fa7c5feabfd2" prot="public" static="yes" const="no" explicit="no" inline="yes" virt="non-virtual">
        <type>void</type>
        <definition>static void com.mycompany.bibliotecainds.data.Archivio.carica</definition>
        <argsstring>(String filePath)</argsstring>
        <name>carica</name>
        <qualifiedname>com.mycompany.bibliotecainds.data.Archivio.carica</qualifiedname>
        <param>
          <type>String</type>
          <declname>filePath</declname>
        </param>
        <briefdescription>
<para>Carica l&apos;intero archivio da un file se esiste. </para>
        </briefdescription>
        <detaileddescription>
<para><parameterlist kind="param"><parameteritem>
<parameternamelist>
<parametername>filePath</parametername>
</parameternamelist>
<parameterdescription>
<para>Percorso del file da cui caricare l&apos;archivio </para>
</parameterdescription>
</parameteritem>
</parameterlist>
</para>
        </detaileddescription>
        <inbodydescription>
        </inbodydescription>
        <location file="C:/Users/elena/Documents/NetBeansProjects/BibliotecaInDS/src/main/java/com/mycompany/bibliotecainds/data/Archivio.java" line="104" column="24" bodyfile="C:/Users/elena/Documents/NetBeansProjects/BibliotecaInDS/src/main/java/com/mycompany/bibliotecainds/data/Archivio.java" bodystart="104" bodyend="113"/>
      </memberdef>
    </sectiondef>
    <sectiondef kind="public-func">
      <memberdef kind="function" id="classcom_1_1mycompany_1_1bibliotecainds_1_1data_1_1_archivio_1a8068ce239f658d0961d8d648b0a6770b" prot="public" static="no" const="no" explicit="no" inline="yes" virt="non-virtual">
        <type>List&lt; <ref refid="classcom_1_1mycompany_1_1bibliotecainds_1_1model_1_1_libro" kindref="compound">Libro</ref> &gt;</type>
        <definition>List&lt; Libro &gt; com.mycompany.bibliotecainds.data.Archivio.getCatalogoLibri</definition>
        <argsstring>()</argsstring>
        <name>getCatalogoLibri</name>
        <qualifiedname>com.mycompany.bibliotecainds.data.Archivio.getCatalogoLibri</qualifiedname>
        <briefdescription>
<para>Restituisce il catalogo dei libri. </para>
        </briefdescription>
        <detaileddescription>
<para><simplesect kind="return"><para>Lista dei libri presenti nell&apos;archivio </para>
</simplesect>
</para>
        </detaileddescription>
        <inbodydescription>
        </inbodydescription>
        <location file="C:/Users/elena/Documents/NetBeansProjects/BibliotecaInDS/src/main/java/com/mycompany/bibliotecainds/data/Archivio.java" line="70" column="17" bodyfile="C:/Users/elena/Documents/NetBeansProjects/BibliotecaInDS/src/main/java/com/mycompany/bibliotecainds/data/Archivio.java" bodystart="70" bodyend="70"/>
      </memberdef>
      <memberdef kind="function" id="classcom_1_1mycompany_1_1bibliotecainds_1_1data_1_1_archivio_1a3249ceee32439b968e8662eaaec83ea7" prot="public" static="no" const="no" explicit="no" inline="yes" virt="non-virtual">
        <type>List&lt; <ref refid="classcom_1_1mycompany_1_1bibliotecainds_1_1model_1_1_utente" kindref="compound">Utente</ref> &gt;</type>
        <definition>List&lt; Utente &gt; com.mycompany.bibliotecainds.data.Archivio.getRegistroUtenti</definition>
        <argsstring>()</argsstring>
        <name>getRegistroUtenti</name>
        <qualifiedname>com.mycompany.bibliotecainds.data.Archivio.getRegistroUtenti</qualifiedname>
        <briefdescription>
<para>Restituisce il registro degli utenti. </para>
        </briefdescription>
        <detaileddescription>
<para><simplesect kind="return"><para>Lista degli utenti registrati </para>
</simplesect>
</para>
        </detaileddescription>
        <inbodydescription>
        </inbodydescription>
        <location file="C:/Users/elena/Documents/NetBeansProjects/BibliotecaInDS/src/main/java/com/mycompany/bibliotecainds/data/Archivio.java" line="77" column="17" bodyfile="C:/Users/elena/Documents/NetBeansProjects/BibliotecaInDS/src/main/java/com/mycompany/bibliotecainds/data/Archivio.java" bodystart="77" bodyend="77"/>
      </memberdef>
      <memberdef kind="function" id="classcom_1_1mycompany_1_1bibliotecainds_1_1data_1_1_archivio_1a44439bec30599028cb3eb338544202ff" prot="public" static="no" const="no" explicit="no" inline="yes" virt="non-virtual">
        <type>List&lt; <ref refid="classcom_1_1mycompany_1_1bibliotecainds_1_1model_1_1_prestito" kindref="compound">Prestito</ref> &gt;</type>
        <definition>List&lt; Prestito &gt; com.mycompany.bibliotecainds.data.Archivio.getPrestitiAttivi</definition>
        <argsstring>()</argsstring>
        <name>getPrestitiAttivi</name>
        <qualifiedname>com.mycompany.bibliotecainds.data.Archivio.getPrestitiAttivi</qualifiedname>
        <briefdescription>
<para>Restituisce la lista di prestiti già attivi. </para>
        </briefdescription>
        <detaileddescription>
<para><simplesect kind="return"><para>Lista di prestiti già attivi </para>
</simplesect>
</para>
        </detaileddescription>
        <inbodydescription>
        </inbodydescription>
        <location file="C:/Users/elena/Documents/NetBeansProjects/BibliotecaInDS/src/main/java/com/mycompany/bibliotecainds/data/Archivio.java" line="84" column="17" bodyfile="C:/Users/elena/Documents/NetBeansProjects/BibliotecaInDS/src/main/java/com/mycompany/bibliotecainds/data/Archivio.java" bodystart="84" bodyend="84"/>
      </memberdef>
    </sectiondef>
    <briefdescription>
<para><ref refid="classcom_1_1mycompany_1_1bibliotecainds_1_1data_1_1_archivio" kindref="compound">Archivio</ref> centrale dei dati della biblioteca. </para>
    </briefdescription>
    <detaileddescription>
<para>Questa classe mantiene: -Il catalogo di libri disponibili -Il registro degli utenti registrati -L&apos;elenco dei prestiti attivi </para>
    </detaileddescription>
    <inheritancegraph>
      <node id="2">
        <label>Serializable</label>
      </node>
      <node id="1">
        <label>com.mycompany.bibliotecainds.data.Archivio</label>
        <link refid="classcom_1_1mycompany_1_1bibliotecainds_1_1data_1_1_archivio"/>
        <childnode refid="2" relation="public-inheritance">
        </childnode>
      </node>
    </inheritancegraph>
    <collaborationgraph>
      <node id="2">
        <label>Serializable</label>
      </node>
      <node id="1">
        <label>com.mycompany.bibliotecainds.data.Archivio</label>
        <link refid="classcom_1_1mycompany_1_1bibliotecainds_1_1data_1_1_archivio"/>
        <childnode refid="2" relation="public-inheritance">
        </childnode>
      </node>
    </collaborationgraph>
    <location file="C:/Users/elena/Documents/NetBeansProjects/BibliotecaInDS/src/main/java/com/mycompany/bibliotecainds/data/Archivio.java" line="32" column="7" bodyfile="C:/Users/elena/Documents/NetBeansProjects/BibliotecaInDS/src/main/java/com/mycompany/bibliotecainds/data/Archivio.java" bodystart="32" bodyend="114"/>
    <listofallmembers>
      <member refid="classcom_1_1mycompany_1_1bibliotecainds_1_1data_1_1_archivio_1acec239575ba973d7e203bcd0bcf7b182" prot="private" virt="non-virtual"><scope>com::mycompany::bibliotecainds::data::Archivio</scope><name>Archivio</name></member>
      <member refid="classcom_1_1mycompany_1_1bibliotecainds_1_1data_1_1_archivio_1a110abd2d5f9c959761c9fa7c5feabfd2" prot="public" virt="non-virtual"><scope>com::mycompany::bibliotecainds::data::Archivio</scope><name>carica</name></member>
      <member refid="classcom_1_1mycompany_1_1bibliotecainds_1_1data_1_1_archivio_1a3e9cc5f7312bdb2c4c0e4ce0f922d04c" prot="private" virt="non-virtual"><scope>com::mycompany::bibliotecainds::data::Archivio</scope><name>catalogoLibri</name></member>
      <member refid="classcom_1_1mycompany_1_1bibliotecainds_1_1data_1_1_archivio_1a8068ce239f658d0961d8d648b0a6770b" prot="public" virt="non-virtual"><scope>com::mycompany::bibliotecainds::data::Archivio</scope><name>getCatalogoLibri</name></member>
      <member refid="classcom_1_1mycompany_1_1bibliotecainds_1_1data_1_1_archivio_1acaa052eff6f8c3b47ca522346db3e428" prot="public" virt="non-virtual"><scope>com::mycompany::bibliotecainds::data::Archivio</scope><name>getInstance</name></member>
      <member refid="classcom_1_1mycompany_1_1bibliotecainds_1_1data_1_1_archivio_1a44439bec30599028cb3eb338544202ff" prot="public" virt="non-virtual"><scope>com::mycompany::bibliotecainds::data::Archivio</scope><name>getPrestitiAttivi</name></member>
      <member refid="classcom_1_1mycompany_1_1bibliotecainds_1_1data_1_1_archivio_1a3249ceee32439b968e8662eaaec83ea7" prot="public" virt="non-virtual"><scope>com::mycompany::bibliotecainds::data::Archivio</scope><name>getRegistroUtenti</name></member>
      <member refid="classcom_1_1mycompany_1_1bibliotecainds_1_1data_1_1_archivio_1ad1d467b38ec800d91e3072aea0d7f6e0" prot="private" virt="non-virtual"><scope>com::mycompany::bibliotecainds::data::Archivio</scope><name>instance</name></member>
      <member refid="classcom_1_1mycompany_1_1bibliotecainds_1_1data_1_1_archivio_1acd8c84eb4bcd53ac2327a6d8c1a08a56" prot="private" virt="non-virtual"><scope>com::mycompany::bibliotecainds::data::Archivio</scope><name>prestitiAttivi</name></member>
      <member refid="classcom_1_1mycompany_1_1bibliotecainds_1_1data_1_1_archivio_1ae12ddde103aabed7e959e9e919d3757f" prot="private" virt="non-virtual"><scope>com::mycompany::bibliotecainds::data::Archivio</scope><name>registroUtenti</name></member>
      <member refid="classcom_1_1mycompany_1_1bibliotecainds_1_1data_1_1_archivio_1a21f413cf0a7254a71e037fcb9e0c89c6" prot="public" virt="non-virtual"><scope>com::mycompany::bibliotecainds::data::Archivio</scope><name>salva</name></member>
      <member refid="classcom_1_1mycompany_1_1bibliotecainds_1_1data_1_1_archivio_1ae57166b129b02e549cb64a23c4c7e744" prot="private" virt="non-virtual"><scope>com::mycompany::bibliotecainds::data::Archivio</scope><name>serialVersionUID</name></member>
    </listofallmembers>
  </compounddef>
</doxygen>
