<?xml version='1.0' encoding='UTF-8' standalone='no'?>
<doxygen xmlns:xsi="http://www.w3.org/2001/XMLSchema-instance" xsi:noNamespaceSchemaLocation="compound.xsd" version="1.15.0" xml:lang="en-US">
  <compounddef id="classcom_1_1mycompany_1_1bibliotecainds_1_1service_1_1_catalogo_service_impl" kind="class" language="Java" prot="public">
    <compoundname>com::mycompany::bibliotecainds::service::CatalogoServiceImpl</compoundname>
    <basecompoundref refid="interfacecom_1_1mycompany_1_1bibliotecainds_1_1service_1_1_catalogo_service" prot="public" virt="non-virtual">com.mycompany.bibliotecainds.service.CatalogoService</basecompoundref>
    <sectiondef kind="public-func">
      <memberdef kind="function" id="classcom_1_1mycompany_1_1bibliotecainds_1_1service_1_1_catalogo_service_impl_1ae9f85228131bc9a6e9f570a4f06be2a5" prot="public" static="no" const="no" explicit="no" inline="yes" virt="non-virtual">
        <type>void</type>
        <definition>void com.mycompany.bibliotecainds.service.CatalogoServiceImpl.aggiungiLibro</definition>
        <argsstring>(Libro nuovoLibro)</argsstring>
        <name>aggiungiLibro</name>
        <qualifiedname>com.mycompany.bibliotecainds.service.CatalogoServiceImpl.aggiungiLibro</qualifiedname>
        <reimplements refid="interfacecom_1_1mycompany_1_1bibliotecainds_1_1service_1_1_catalogo_service_1a4d23edc092ddd891b4c0eddc4adeef14">aggiungiLibro</reimplements>
        <param>
          <type><ref refid="classcom_1_1mycompany_1_1bibliotecainds_1_1model_1_1_libro" kindref="compound">Libro</ref></type>
          <declname>nuovoLibro</declname>
        </param>
        <exceptions> throws Exception </exceptions>
        <briefdescription>
<para>Aggiunge un nuovo libro al catalogo. </para>
        </briefdescription>
        <detaileddescription>
<para>Verifica che non esista già un libro con lo stesso codice ISBN.</para>
<para><parameterlist kind="param"><parameteritem>
<parameternamelist>
<parametername>nuovoLibro</parametername>
</parameternamelist>
<parameterdescription>
<para><ref refid="classcom_1_1mycompany_1_1bibliotecainds_1_1model_1_1_libro" kindref="compound">Libro</ref> da aggiungere. </para>
</parameterdescription>
</parameteritem>
</parameterlist>
<parameterlist kind="exception"><parameteritem>
<parameternamelist>
<parametername>Exception</parametername>
</parameternamelist>
<parameterdescription>
<para>Se esiste già un libro con lo stesso ISBN. </para>
</parameterdescription>
</parameteritem>
</parameterlist>
</para>
        </detaileddescription>
        <inbodydescription>
        </inbodydescription>
        <location file="C:/Users/elena/Documents/NetBeansProjects/BibliotecaInDS/src/main/java/com/mycompany/bibliotecainds/service/CatalogoServiceImpl.java" line="44" column="17" bodyfile="C:/Users/elena/Documents/NetBeansProjects/BibliotecaInDS/src/main/java/com/mycompany/bibliotecainds/service/CatalogoServiceImpl.java" bodystart="44" bodyend="53"/>
      </memberdef>
      <memberdef kind="function" id="classcom_1_1mycompany_1_1bibliotecainds_1_1service_1_1_catalogo_service_impl_1a9919de4c9c6b6f856bf3eee055dd3260" prot="public" static="no" const="no" explicit="no" inline="yes" virt="non-virtual">
        <type>void</type>
        <definition>void com.mycompany.bibliotecainds.service.CatalogoServiceImpl.rimuoviLibro</definition>
        <argsstring>(Libro libro)</argsstring>
        <name>rimuoviLibro</name>
        <qualifiedname>com.mycompany.bibliotecainds.service.CatalogoServiceImpl.rimuoviLibro</qualifiedname>
        <reimplements refid="interfacecom_1_1mycompany_1_1bibliotecainds_1_1service_1_1_catalogo_service_1ab33a1f5f790bddd6d38bab68f8dad1f3">rimuoviLibro</reimplements>
        <param>
          <type><ref refid="classcom_1_1mycompany_1_1bibliotecainds_1_1model_1_1_libro" kindref="compound">Libro</ref></type>
          <declname>libro</declname>
        </param>
        <exceptions> throws Exception </exceptions>
        <briefdescription>
<para>Rimuove un libro dal catalogo. </para>
        </briefdescription>
        <detaileddescription>
<para><parameterlist kind="param"><parameteritem>
<parameternamelist>
<parametername>libro</parametername>
</parameternamelist>
<parameterdescription>
<para><ref refid="classcom_1_1mycompany_1_1bibliotecainds_1_1model_1_1_libro" kindref="compound">Libro</ref> da rimuovere. </para>
</parameterdescription>
</parameteritem>
</parameterlist>
<parameterlist kind="exception"><parameteritem>
<parameternamelist>
<parametername>Exception</parametername>
</parameternamelist>
<parameterdescription>
<para>Se il libro non può essere rimosso. </para>
</parameterdescription>
</parameteritem>
</parameterlist>
</para>
        </detaileddescription>
        <inbodydescription>
        </inbodydescription>
        <location file="C:/Users/elena/Documents/NetBeansProjects/BibliotecaInDS/src/main/java/com/mycompany/bibliotecainds/service/CatalogoServiceImpl.java" line="62" column="17" bodyfile="C:/Users/elena/Documents/NetBeansProjects/BibliotecaInDS/src/main/java/com/mycompany/bibliotecainds/service/CatalogoServiceImpl.java" bodystart="62" bodyend="64"/>
      </memberdef>
      <memberdef kind="function" id="classcom_1_1mycompany_1_1bibliotecainds_1_1service_1_1_catalogo_service_impl_1ae0111f9592b3108effc1a7b86e57d8fc" prot="public" static="no" const="no" explicit="no" inline="yes" virt="non-virtual">
        <type>List&lt; <ref refid="classcom_1_1mycompany_1_1bibliotecainds_1_1model_1_1_libro" kindref="compound">Libro</ref> &gt;</type>
        <definition>List&lt; Libro &gt; com.mycompany.bibliotecainds.service.CatalogoServiceImpl.cercaLibri</definition>
        <argsstring>(String query)</argsstring>
        <name>cercaLibri</name>
        <qualifiedname>com.mycompany.bibliotecainds.service.CatalogoServiceImpl.cercaLibri</qualifiedname>
        <reimplements refid="interfacecom_1_1mycompany_1_1bibliotecainds_1_1service_1_1_catalogo_service_1a17f4e07247be8d9df568b0deb2d0e764">cercaLibri</reimplements>
        <param>
          <type>String</type>
          <declname>query</declname>
        </param>
        <briefdescription>
<para>Cerca libri nel catalogo in base a una stringa. </para>
        </briefdescription>
        <detaileddescription>
<para>La ricerca avviene su:<itemizedlist>
<listitem><para>Titolo</para>
</listitem><listitem><para>Nome degli autori</para>
</listitem><listitem><para>Codice ISBN</para>
</listitem></itemizedlist>
</para>
<para>Se la query è vuota o nulla, restituisce l&apos;intero catalogo.</para>
<para><parameterlist kind="param"><parameteritem>
<parameternamelist>
<parametername>query</parametername>
</parameternamelist>
<parameterdescription>
<para>La stringa da cercare (titolo, ISBN, autore). </para>
</parameterdescription>
</parameteritem>
</parameterlist>
<simplesect kind="return"><para>Lista di libri che corrispondono ai criteri di ricerca. </para>
</simplesect>
</para>
        </detaileddescription>
        <inbodydescription>
        </inbodydescription>
        <location file="C:/Users/elena/Documents/NetBeansProjects/BibliotecaInDS/src/main/java/com/mycompany/bibliotecainds/service/CatalogoServiceImpl.java" line="80" column="17" bodyfile="C:/Users/elena/Documents/NetBeansProjects/BibliotecaInDS/src/main/java/com/mycompany/bibliotecainds/service/CatalogoServiceImpl.java" bodystart="80" bodyend="92"/>
      </memberdef>
      <memberdef kind="function" id="classcom_1_1mycompany_1_1bibliotecainds_1_1service_1_1_catalogo_service_impl_1a88da4d247e88a5166dcf016a3a1e1376" prot="public" static="no" const="no" explicit="no" inline="yes" virt="non-virtual">
        <type>List&lt; <ref refid="classcom_1_1mycompany_1_1bibliotecainds_1_1model_1_1_libro" kindref="compound">Libro</ref> &gt;</type>
        <definition>List&lt; Libro &gt; com.mycompany.bibliotecainds.service.CatalogoServiceImpl.getCatalogo</definition>
        <argsstring>()</argsstring>
        <name>getCatalogo</name>
        <qualifiedname>com.mycompany.bibliotecainds.service.CatalogoServiceImpl.getCatalogo</qualifiedname>
        <reimplements refid="interfacecom_1_1mycompany_1_1bibliotecainds_1_1service_1_1_catalogo_service_1a283c66edcb13116c4e21c76d2f1ace96">getCatalogo</reimplements>
        <briefdescription>
<para>Restituisce l&apos;intero catalogo di libri. </para>
        </briefdescription>
        <detaileddescription>
<para><simplesect kind="return"><para>Lista che contiene tutti i libri in archivio. </para>
</simplesect>
</para>
        </detaileddescription>
        <inbodydescription>
        </inbodydescription>
        <location file="C:/Users/elena/Documents/NetBeansProjects/BibliotecaInDS/src/main/java/com/mycompany/bibliotecainds/service/CatalogoServiceImpl.java" line="100" column="17" bodyfile="C:/Users/elena/Documents/NetBeansProjects/BibliotecaInDS/src/main/java/com/mycompany/bibliotecainds/service/CatalogoServiceImpl.java" bodystart="100" bodyend="102"/>
      </memberdef>
    </sectiondef>
    <briefdescription>
<para>Implementazione dell&apos;interfaccia <ref refid="interfacecom_1_1mycompany_1_1bibliotecainds_1_1service_1_1_catalogo_service" kindref="compound">CatalogoService</ref>. </para>
    </briefdescription>
    <detaileddescription>
<para>Questa classe si occupa della logica di gestione del catalogo dei libri. Include controlli su ISBN duplicati, rimozione di libri e ricerca tramite titolo, codice ISBN o autore. </para>
    </detaileddescription>
    <inheritancegraph>
      <node id="1">
        <label>com.mycompany.bibliotecainds.service.CatalogoServiceImpl</label>
        <link refid="classcom_1_1mycompany_1_1bibliotecainds_1_1service_1_1_catalogo_service_impl"/>
        <childnode refid="2" relation="public-inheritance">
        </childnode>
      </node>
      <node id="2">
        <label>com.mycompany.bibliotecainds.service.CatalogoService</label>
        <link refid="interfacecom_1_1mycompany_1_1bibliotecainds_1_1service_1_1_catalogo_service"/>
      </node>
    </inheritancegraph>
    <collaborationgraph>
      <node id="1">
        <label>com.mycompany.bibliotecainds.service.CatalogoServiceImpl</label>
        <link refid="classcom_1_1mycompany_1_1bibliotecainds_1_1service_1_1_catalogo_service_impl"/>
        <childnode refid="2" relation="public-inheritance">
        </childnode>
      </node>
      <node id="2">
        <label>com.mycompany.bibliotecainds.service.CatalogoService</label>
        <link refid="interfacecom_1_1mycompany_1_1bibliotecainds_1_1service_1_1_catalogo_service"/>
      </node>
    </collaborationgraph>
    <location file="C:/Users/elena/Documents/NetBeansProjects/BibliotecaInDS/src/main/java/com/mycompany/bibliotecainds/service/CatalogoServiceImpl.java" line="33" column="7" bodyfile="C:/Users/elena/Documents/NetBeansProjects/BibliotecaInDS/src/main/java/com/mycompany/bibliotecainds/service/CatalogoServiceImpl.java" bodystart="33" bodyend="103"/>
    <listofallmembers>
      <member refid="classcom_1_1mycompany_1_1bibliotecainds_1_1service_1_1_catalogo_service_impl_1ae9f85228131bc9a6e9f570a4f06be2a5" prot="public" virt="non-virtual"><scope>com::mycompany::bibliotecainds::service::CatalogoServiceImpl</scope><name>aggiungiLibro</name></member>
      <member refid="classcom_1_1mycompany_1_1bibliotecainds_1_1service_1_1_catalogo_service_impl_1ae0111f9592b3108effc1a7b86e57d8fc" prot="public" virt="non-virtual"><scope>com::mycompany::bibliotecainds::service::CatalogoServiceImpl</scope><name>cercaLibri</name></member>
      <member refid="classcom_1_1mycompany_1_1bibliotecainds_1_1service_1_1_catalogo_service_impl_1a88da4d247e88a5166dcf016a3a1e1376" prot="public" virt="non-virtual"><scope>com::mycompany::bibliotecainds::service::CatalogoServiceImpl</scope><name>getCatalogo</name></member>
      <member refid="classcom_1_1mycompany_1_1bibliotecainds_1_1service_1_1_catalogo_service_impl_1a9919de4c9c6b6f856bf3eee055dd3260" prot="public" virt="non-virtual"><scope>com::mycompany::bibliotecainds::service::CatalogoServiceImpl</scope><name>rimuoviLibro</name></member>
    </listofallmembers>
  </compounddef>
</doxygen>
