<?xml version='1.0' encoding='UTF-8' standalone='no'?>
<doxygen xmlns:xsi="http://www.w3.org/2001/XMLSchema-instance" xsi:noNamespaceSchemaLocation="compound.xsd" version="1.15.0" xml:lang="en-US">
  <compounddef id="classcom_1_1mycompany_1_1bibliotecainds_1_1model_1_1_libro" kind="class" language="Java" prot="public">
    <compoundname>com::mycompany::bibliotecainds::model::Libro</compoundname>
    <basecompoundref prot="public" virt="non-virtual">Serializable</basecompoundref>
    <sectiondef kind="private-attrib">
      <memberdef kind="variable" id="classcom_1_1mycompany_1_1bibliotecainds_1_1model_1_1_libro_1ac6f81bbbfdad2991599c4314fd9efc87" prot="private" static="no" mutable="no">
        <type>String</type>
        <definition>String com.mycompany.bibliotecainds.model.Libro.titolo</definition>
        <argsstring></argsstring>
        <name>titolo</name>
        <qualifiedname>com.mycompany.bibliotecainds.model.Libro.titolo</qualifiedname>
        <briefdescription>
<para>Titolo del libro. </para>
        </briefdescription>
        <detaileddescription>
        </detaileddescription>
        <inbodydescription>
        </inbodydescription>
        <location file="C:/Users/elena/Documents/NetBeansProjects/BibliotecaInDS/src/main/java/com/mycompany/bibliotecainds/model/Libro.java" line="28" column="20" bodyfile="C:/Users/elena/Documents/NetBeansProjects/BibliotecaInDS/src/main/java/com/mycompany/bibliotecainds/model/Libro.java" bodystart="28" bodyend="-1"/>
      </memberdef>
      <memberdef kind="variable" id="classcom_1_1mycompany_1_1bibliotecainds_1_1model_1_1_libro_1af21e0ad6ca399c0b4ac1358e246e387a" prot="private" static="no" mutable="no">
        <type>List&lt; String &gt;</type>
        <definition>List&lt;String&gt; com.mycompany.bibliotecainds.model.Libro.autori</definition>
        <argsstring></argsstring>
        <name>autori</name>
        <qualifiedname>com.mycompany.bibliotecainds.model.Libro.autori</qualifiedname>
        <briefdescription>
<para>Lista degli autori. </para>
        </briefdescription>
        <detaileddescription>
        </detaileddescription>
        <inbodydescription>
        </inbodydescription>
        <location file="C:/Users/elena/Documents/NetBeansProjects/BibliotecaInDS/src/main/java/com/mycompany/bibliotecainds/model/Libro.java" line="29" column="18" bodyfile="C:/Users/elena/Documents/NetBeansProjects/BibliotecaInDS/src/main/java/com/mycompany/bibliotecainds/model/Libro.java" bodystart="29" bodyend="-1"/>
      </memberdef>
      <memberdef kind="variable" id="classcom_1_1mycompany_1_1bibliotecainds_1_1model_1_1_libro_1a236c12cd727d266bf0a258bd72b7a381" prot="private" static="no" mutable="no">
        <type>int</type>
        <definition>int com.mycompany.bibliotecainds.model.Libro.anno</definition>
        <argsstring></argsstring>
        <name>anno</name>
        <qualifiedname>com.mycompany.bibliotecainds.model.Libro.anno</qualifiedname>
        <briefdescription>
<para>Anno di pubblicazione. </para>
        </briefdescription>
        <detaileddescription>
        </detaileddescription>
        <inbodydescription>
        </inbodydescription>
        <location file="C:/Users/elena/Documents/NetBeansProjects/BibliotecaInDS/src/main/java/com/mycompany/bibliotecainds/model/Libro.java" line="30" column="17" bodyfile="C:/Users/elena/Documents/NetBeansProjects/BibliotecaInDS/src/main/java/com/mycompany/bibliotecainds/model/Libro.java" bodystart="30" bodyend="-1"/>
      </memberdef>
      <memberdef kind="variable" id="classcom_1_1mycompany_1_1bibliotecainds_1_1model_1_1_libro_1a34c1df0d659531447be4cbde4982c29e" prot="private" static="no" mutable="no">
        <type>String</type>
        <definition>String com.mycompany.bibliotecainds.model.Libro.isbn</definition>
        <argsstring></argsstring>
        <name>isbn</name>
        <qualifiedname>com.mycompany.bibliotecainds.model.Libro.isbn</qualifiedname>
        <briefdescription>
<para>Codice identificativo unico assegnato ad ogni libro pubblicato. </para>
        </briefdescription>
        <detaileddescription>
        </detaileddescription>
        <inbodydescription>
        </inbodydescription>
        <location file="C:/Users/elena/Documents/NetBeansProjects/BibliotecaInDS/src/main/java/com/mycompany/bibliotecainds/model/Libro.java" line="31" column="20" bodyfile="C:/Users/elena/Documents/NetBeansProjects/BibliotecaInDS/src/main/java/com/mycompany/bibliotecainds/model/Libro.java" bodystart="31" bodyend="-1"/>
      </memberdef>
      <memberdef kind="variable" id="classcom_1_1mycompany_1_1bibliotecainds_1_1model_1_1_libro_1a6f0f6ccd9043bac23010d85a8d42806e" prot="private" static="no" mutable="no">
        <type>int</type>
        <definition>int com.mycompany.bibliotecainds.model.Libro.copie</definition>
        <argsstring></argsstring>
        <name>copie</name>
        <qualifiedname>com.mycompany.bibliotecainds.model.Libro.copie</qualifiedname>
        <briefdescription>
<para>Numero di copie presenti in biblioteca. </para>
        </briefdescription>
        <detaileddescription>
        </detaileddescription>
        <inbodydescription>
        </inbodydescription>
        <location file="C:/Users/elena/Documents/NetBeansProjects/BibliotecaInDS/src/main/java/com/mycompany/bibliotecainds/model/Libro.java" line="32" column="17" bodyfile="C:/Users/elena/Documents/NetBeansProjects/BibliotecaInDS/src/main/java/com/mycompany/bibliotecainds/model/Libro.java" bodystart="32" bodyend="-1"/>
      </memberdef>
    </sectiondef>
    <sectiondef kind="public-func">
      <memberdef kind="function" id="classcom_1_1mycompany_1_1bibliotecainds_1_1model_1_1_libro_1a145b77d72de27208d15eed3918bd2dd3" prot="public" static="no" const="no" explicit="no" inline="yes" virt="non-virtual">
        <type></type>
        <definition>com.mycompany.bibliotecainds.model.Libro.Libro</definition>
        <argsstring>(String titolo, List&lt; String &gt; autori, int anno, String isbn, int copie)</argsstring>
        <name>Libro</name>
        <qualifiedname>com.mycompany.bibliotecainds.model.Libro.Libro</qualifiedname>
        <param>
          <type>String</type>
          <declname>titolo</declname>
        </param>
        <param>
          <type>List&lt; String &gt;</type>
          <declname>autori</declname>
        </param>
        <param>
          <type>int</type>
          <declname>anno</declname>
        </param>
        <param>
          <type>String</type>
          <declname>isbn</declname>
        </param>
        <param>
          <type>int</type>
          <declname>copie</declname>
        </param>
        <briefdescription>
<para>Costruttore della classe utente. </para>
        </briefdescription>
        <detaileddescription>
<para>Crea un nuovo utente inizializzando i dati personali e la lista dei prestiti.</para>
<para><parameterlist kind="param"><parameteritem>
<parameternamelist>
<parametername>titolo</parametername>
</parameternamelist>
<parameterdescription>
<para>titolo del libro </para>
</parameterdescription>
</parameteritem>
<parameteritem>
<parameternamelist>
<parametername>autori</parametername>
</parameternamelist>
<parameterdescription>
<para>lista di autori del libro </para>
</parameterdescription>
</parameteritem>
<parameteritem>
<parameternamelist>
<parametername>anno</parametername>
</parameternamelist>
<parameterdescription>
<para>anno di pubblicazione </para>
</parameterdescription>
</parameteritem>
<parameteritem>
<parameternamelist>
<parametername>isbn</parametername>
</parameternamelist>
<parameterdescription>
<para>codice isbn del libro </para>
</parameterdescription>
</parameteritem>
<parameteritem>
<parameternamelist>
<parametername>copie</parametername>
</parameternamelist>
<parameterdescription>
<para>copie presenti del libro in biblioteca </para>
</parameterdescription>
</parameteritem>
</parameterlist>
</para>
        </detaileddescription>
        <inbodydescription>
        </inbodydescription>
        <location file="C:/Users/elena/Documents/NetBeansProjects/BibliotecaInDS/src/main/java/com/mycompany/bibliotecainds/model/Libro.java" line="46" column="12" bodyfile="C:/Users/elena/Documents/NetBeansProjects/BibliotecaInDS/src/main/java/com/mycompany/bibliotecainds/model/Libro.java" bodystart="46" bodyend="52"/>
      </memberdef>
      <memberdef kind="function" id="classcom_1_1mycompany_1_1bibliotecainds_1_1model_1_1_libro_1a9ba9faa94c4bb979fa6d64e462bd8091" prot="public" static="no" const="no" explicit="no" inline="yes" virt="non-virtual">
        <type>String</type>
        <definition>String com.mycompany.bibliotecainds.model.Libro.getTitolo</definition>
        <argsstring>()</argsstring>
        <name>getTitolo</name>
        <qualifiedname>com.mycompany.bibliotecainds.model.Libro.getTitolo</qualifiedname>
        <briefdescription>
<para>restituisce il titolo del libro </para>
        </briefdescription>
        <detaileddescription>
<para><simplesect kind="return"><para>Titolo </para>
</simplesect>
</para>
        </detaileddescription>
        <inbodydescription>
        </inbodydescription>
        <location file="C:/Users/elena/Documents/NetBeansProjects/BibliotecaInDS/src/main/java/com/mycompany/bibliotecainds/model/Libro.java" line="57" column="19" bodyfile="C:/Users/elena/Documents/NetBeansProjects/BibliotecaInDS/src/main/java/com/mycompany/bibliotecainds/model/Libro.java" bodystart="57" bodyend="57"/>
      </memberdef>
      <memberdef kind="function" id="classcom_1_1mycompany_1_1bibliotecainds_1_1model_1_1_libro_1a4afa8f08054a441a5c886548287b5281" prot="public" static="no" const="no" explicit="no" inline="yes" virt="non-virtual">
        <type>List&lt; String &gt;</type>
        <definition>List&lt; String &gt; com.mycompany.bibliotecainds.model.Libro.getAutori</definition>
        <argsstring>()</argsstring>
        <name>getAutori</name>
        <qualifiedname>com.mycompany.bibliotecainds.model.Libro.getAutori</qualifiedname>
        <briefdescription>
<para>restituisce la lista degli autori del libro </para>
        </briefdescription>
        <detaileddescription>
<para><simplesect kind="return"><para>lista di autori </para>
</simplesect>
</para>
        </detaileddescription>
        <inbodydescription>
        </inbodydescription>
        <location file="C:/Users/elena/Documents/NetBeansProjects/BibliotecaInDS/src/main/java/com/mycompany/bibliotecainds/model/Libro.java" line="64" column="17" bodyfile="C:/Users/elena/Documents/NetBeansProjects/BibliotecaInDS/src/main/java/com/mycompany/bibliotecainds/model/Libro.java" bodystart="64" bodyend="64"/>
      </memberdef>
      <memberdef kind="function" id="classcom_1_1mycompany_1_1bibliotecainds_1_1model_1_1_libro_1a13d866b08b88ba932bd9250b717d8d0c" prot="public" static="no" const="no" explicit="no" inline="yes" virt="non-virtual">
        <type>int</type>
        <definition>int com.mycompany.bibliotecainds.model.Libro.getAnno</definition>
        <argsstring>()</argsstring>
        <name>getAnno</name>
        <qualifiedname>com.mycompany.bibliotecainds.model.Libro.getAnno</qualifiedname>
        <briefdescription>
<para>restituisce l&apos;anno di pubblicazione </para>
        </briefdescription>
        <detaileddescription>
<para><simplesect kind="return"><para>anno di pubblicazione </para>
</simplesect>
</para>
        </detaileddescription>
        <inbodydescription>
        </inbodydescription>
        <location file="C:/Users/elena/Documents/NetBeansProjects/BibliotecaInDS/src/main/java/com/mycompany/bibliotecainds/model/Libro.java" line="71" column="16" bodyfile="C:/Users/elena/Documents/NetBeansProjects/BibliotecaInDS/src/main/java/com/mycompany/bibliotecainds/model/Libro.java" bodystart="71" bodyend="71"/>
      </memberdef>
      <memberdef kind="function" id="classcom_1_1mycompany_1_1bibliotecainds_1_1model_1_1_libro_1ae80a0a99d5de1f7d0caa6afb4a3fc56c" prot="public" static="no" const="no" explicit="no" inline="yes" virt="non-virtual">
        <type>String</type>
        <definition>String com.mycompany.bibliotecainds.model.Libro.getIsbn</definition>
        <argsstring>()</argsstring>
        <name>getIsbn</name>
        <qualifiedname>com.mycompany.bibliotecainds.model.Libro.getIsbn</qualifiedname>
        <briefdescription>
<para>restituisce il codice isbn del libro </para>
        </briefdescription>
        <detaileddescription>
<para><simplesect kind="return"><para>ISBN </para>
</simplesect>
</para>
        </detaileddescription>
        <inbodydescription>
        </inbodydescription>
        <location file="C:/Users/elena/Documents/NetBeansProjects/BibliotecaInDS/src/main/java/com/mycompany/bibliotecainds/model/Libro.java" line="78" column="19" bodyfile="C:/Users/elena/Documents/NetBeansProjects/BibliotecaInDS/src/main/java/com/mycompany/bibliotecainds/model/Libro.java" bodystart="78" bodyend="78"/>
      </memberdef>
      <memberdef kind="function" id="classcom_1_1mycompany_1_1bibliotecainds_1_1model_1_1_libro_1aebb2b946723faa42c699b631356b6b64" prot="public" static="no" const="no" explicit="no" inline="yes" virt="non-virtual">
        <type>int</type>
        <definition>int com.mycompany.bibliotecainds.model.Libro.getCopieDisponibili</definition>
        <argsstring>()</argsstring>
        <name>getCopieDisponibili</name>
        <qualifiedname>com.mycompany.bibliotecainds.model.Libro.getCopieDisponibili</qualifiedname>
        <briefdescription>
<para>restituisce il numero di copie disponibili </para>
        </briefdescription>
        <detaileddescription>
<para><simplesect kind="return"><para>Numero </para>
</simplesect>
</para>
        </detaileddescription>
        <inbodydescription>
        </inbodydescription>
        <location file="C:/Users/elena/Documents/NetBeansProjects/BibliotecaInDS/src/main/java/com/mycompany/bibliotecainds/model/Libro.java" line="85" column="16" bodyfile="C:/Users/elena/Documents/NetBeansProjects/BibliotecaInDS/src/main/java/com/mycompany/bibliotecainds/model/Libro.java" bodystart="85" bodyend="85"/>
      </memberdef>
      <memberdef kind="function" id="classcom_1_1mycompany_1_1bibliotecainds_1_1model_1_1_libro_1a0963b8727d2aea8e510e3ee1f323a935" prot="public" static="no" const="no" explicit="no" inline="yes" virt="non-virtual">
        <type>void</type>
        <definition>void com.mycompany.bibliotecainds.model.Libro.decrementaCopie</definition>
        <argsstring>()</argsstring>
        <name>decrementaCopie</name>
        <qualifiedname>com.mycompany.bibliotecainds.model.Libro.decrementaCopie</qualifiedname>
        <briefdescription>
<para>Decrementa il numero di copie disponibili. </para>
        </briefdescription>
        <detaileddescription>
<para>viene utilizzato quando un libro viene preso in prestito </para>
        </detaileddescription>
        <inbodydescription>
        </inbodydescription>
        <location file="C:/Users/elena/Documents/NetBeansProjects/BibliotecaInDS/src/main/java/com/mycompany/bibliotecainds/model/Libro.java" line="93" column="17" bodyfile="C:/Users/elena/Documents/NetBeansProjects/BibliotecaInDS/src/main/java/com/mycompany/bibliotecainds/model/Libro.java" bodystart="93" bodyend="93"/>
      </memberdef>
      <memberdef kind="function" id="classcom_1_1mycompany_1_1bibliotecainds_1_1model_1_1_libro_1aca41b8f1712337dae471ee939002a5c7" prot="public" static="no" const="no" explicit="no" inline="yes" virt="non-virtual">
        <type>void</type>
        <definition>void com.mycompany.bibliotecainds.model.Libro.incrementaCopie</definition>
        <argsstring>()</argsstring>
        <name>incrementaCopie</name>
        <qualifiedname>com.mycompany.bibliotecainds.model.Libro.incrementaCopie</qualifiedname>
        <briefdescription>
<para>incrementa il numero di copie disponibili </para>
        </briefdescription>
        <detaileddescription>
<para>viene utilizzato quando un libro viene restituito o aggiunto al catalogo </para>
        </detaileddescription>
        <inbodydescription>
        </inbodydescription>
        <location file="C:/Users/elena/Documents/NetBeansProjects/BibliotecaInDS/src/main/java/com/mycompany/bibliotecainds/model/Libro.java" line="101" column="17" bodyfile="C:/Users/elena/Documents/NetBeansProjects/BibliotecaInDS/src/main/java/com/mycompany/bibliotecainds/model/Libro.java" bodystart="101" bodyend="101"/>
      </memberdef>
    </sectiondef>
    <briefdescription>
<para>Modello che rappresenta le caratteristiche principali del libro. </para>
    </briefdescription>
    <detaileddescription>
<para>un oggetto <ref refid="classcom_1_1mycompany_1_1bibliotecainds_1_1model_1_1_libro" kindref="compound">Libro</ref> contiene tutti i dati di esso ovvero, titolo, anno di pubblicazione, codice isbn, il numero di copie presenti nella biblioteca e una lista degli autori. </para>
    </detaileddescription>
    <inheritancegraph>
      <node id="2">
        <label>Serializable</label>
      </node>
      <node id="1">
        <label>com.mycompany.bibliotecainds.model.Libro</label>
        <link refid="classcom_1_1mycompany_1_1bibliotecainds_1_1model_1_1_libro"/>
        <childnode refid="2" relation="public-inheritance">
        </childnode>
      </node>
    </inheritancegraph>
    <collaborationgraph>
      <node id="2">
        <label>Serializable</label>
      </node>
      <node id="1">
        <label>com.mycompany.bibliotecainds.model.Libro</label>
        <link refid="classcom_1_1mycompany_1_1bibliotecainds_1_1model_1_1_libro"/>
        <childnode refid="2" relation="public-inheritance">
        </childnode>
      </node>
    </collaborationgraph>
    <location file="C:/Users/elena/Documents/NetBeansProjects/BibliotecaInDS/src/main/java/com/mycompany/bibliotecainds/model/Libro.java" line="27" column="7" bodyfile="C:/Users/elena/Documents/NetBeansProjects/BibliotecaInDS/src/main/java/com/mycompany/bibliotecainds/model/Libro.java" bodystart="27" bodyend="103"/>
    <listofallmembers>
      <member refid="classcom_1_1mycompany_1_1bibliotecainds_1_1model_1_1_libro_1a236c12cd727d266bf0a258bd72b7a381" prot="private" virt="non-virtual"><scope>com::mycompany::bibliotecainds::model::Libro</scope><name>anno</name></member>
      <member refid="classcom_1_1mycompany_1_1bibliotecainds_1_1model_1_1_libro_1af21e0ad6ca399c0b4ac1358e246e387a" prot="private" virt="non-virtual"><scope>com::mycompany::bibliotecainds::model::Libro</scope><name>autori</name></member>
      <member refid="classcom_1_1mycompany_1_1bibliotecainds_1_1model_1_1_libro_1a6f0f6ccd9043bac23010d85a8d42806e" prot="private" virt="non-virtual"><scope>com::mycompany::bibliotecainds::model::Libro</scope><name>copie</name></member>
      <member refid="classcom_1_1mycompany_1_1bibliotecainds_1_1model_1_1_libro_1a0963b8727d2aea8e510e3ee1f323a935" prot="public" virt="non-virtual"><scope>com::mycompany::bibliotecainds::model::Libro</scope><name>decrementaCopie</name></member>
      <member refid="classcom_1_1mycompany_1_1bibliotecainds_1_1model_1_1_libro_1a13d866b08b88ba932bd9250b717d8d0c" prot="public" virt="non-virtual"><scope>com::mycompany::bibliotecainds::model::Libro</scope><name>getAnno</name></member>
      <member refid="classcom_1_1mycompany_1_1bibliotecainds_1_1model_1_1_libro_1a4afa8f08054a441a5c886548287b5281" prot="public" virt="non-virtual"><scope>com::mycompany::bibliotecainds::model::Libro</scope><name>getAutori</name></member>
      <member refid="classcom_1_1mycompany_1_1bibliotecainds_1_1model_1_1_libro_1aebb2b946723faa42c699b631356b6b64" prot="public" virt="non-virtual"><scope>com::mycompany::bibliotecainds::model::Libro</scope><name>getCopieDisponibili</name></member>
      <member refid="classcom_1_1mycompany_1_1bibliotecainds_1_1model_1_1_libro_1ae80a0a99d5de1f7d0caa6afb4a3fc56c" prot="public" virt="non-virtual"><scope>com::mycompany::bibliotecainds::model::Libro</scope><name>getIsbn</name></member>
      <member refid="classcom_1_1mycompany_1_1bibliotecainds_1_1model_1_1_libro_1a9ba9faa94c4bb979fa6d64e462bd8091" prot="public" virt="non-virtual"><scope>com::mycompany::bibliotecainds::model::Libro</scope><name>getTitolo</name></member>
      <member refid="classcom_1_1mycompany_1_1bibliotecainds_1_1model_1_1_libro_1aca41b8f1712337dae471ee939002a5c7" prot="public" virt="non-virtual"><scope>com::mycompany::bibliotecainds::model::Libro</scope><name>incrementaCopie</name></member>
      <member refid="classcom_1_1mycompany_1_1bibliotecainds_1_1model_1_1_libro_1a34c1df0d659531447be4cbde4982c29e" prot="private" virt="non-virtual"><scope>com::mycompany::bibliotecainds::model::Libro</scope><name>isbn</name></member>
      <member refid="classcom_1_1mycompany_1_1bibliotecainds_1_1model_1_1_libro_1a145b77d72de27208d15eed3918bd2dd3" prot="public" virt="non-virtual"><scope>com::mycompany::bibliotecainds::model::Libro</scope><name>Libro</name></member>
      <member refid="classcom_1_1mycompany_1_1bibliotecainds_1_1model_1_1_libro_1ac6f81bbbfdad2991599c4314fd9efc87" prot="private" virt="non-virtual"><scope>com::mycompany::bibliotecainds::model::Libro</scope><name>titolo</name></member>
    </listofallmembers>
  </compounddef>
</doxygen>
