<?xml version='1.0' encoding='UTF-8' standalone='no'?>
<doxygen xmlns:xsi="http://www.w3.org/2001/XMLSchema-instance" xsi:noNamespaceSchemaLocation="compound.xsd" version="1.15.0" xml:lang="en-US">
  <compounddef id="classcom_1_1mycompany_1_1bibliotecainds_1_1model_1_1_prestito" kind="class" language="Java" prot="public">
    <compoundname>com::mycompany::bibliotecainds::model::Prestito</compoundname>
    <basecompoundref prot="public" virt="non-virtual">Serializable</basecompoundref>
    <sectiondef kind="private-attrib">
      <memberdef kind="variable" id="classcom_1_1mycompany_1_1bibliotecainds_1_1model_1_1_prestito_1ad16da46d26bbd71e77d2112cc6a9c232" prot="private" static="no" mutable="no">
        <type><ref refid="classcom_1_1mycompany_1_1bibliotecainds_1_1model_1_1_libro" kindref="compound">Libro</ref></type>
        <definition>Libro com.mycompany.bibliotecainds.model.Prestito.libro</definition>
        <argsstring></argsstring>
        <name>libro</name>
        <qualifiedname>com.mycompany.bibliotecainds.model.Prestito.libro</qualifiedname>
        <briefdescription>
<para><ref refid="classcom_1_1mycompany_1_1bibliotecainds_1_1model_1_1_libro" kindref="compound">Libro</ref> oggetto del prestito. </para>
        </briefdescription>
        <detaileddescription>
        </detaileddescription>
        <inbodydescription>
        </inbodydescription>
        <location file="C:/Users/elena/Documents/NetBeansProjects/BibliotecaInDS/src/main/java/com/mycompany/bibliotecainds/model/Prestito.java" line="30" column="19" bodyfile="C:/Users/elena/Documents/NetBeansProjects/BibliotecaInDS/src/main/java/com/mycompany/bibliotecainds/model/Prestito.java" bodystart="30" bodyend="-1"/>
      </memberdef>
      <memberdef kind="variable" id="classcom_1_1mycompany_1_1bibliotecainds_1_1model_1_1_prestito_1aac54351b4e681108a78a2d9932081bab" prot="private" static="no" mutable="no">
        <type>LocalDate</type>
        <definition>LocalDate com.mycompany.bibliotecainds.model.Prestito.dataPrestito</definition>
        <argsstring></argsstring>
        <name>dataPrestito</name>
        <qualifiedname>com.mycompany.bibliotecainds.model.Prestito.dataPrestito</qualifiedname>
        <briefdescription>
<para>Data del prestito. </para>
        </briefdescription>
        <detaileddescription>
        </detaileddescription>
        <inbodydescription>
        </inbodydescription>
        <location file="C:/Users/elena/Documents/NetBeansProjects/BibliotecaInDS/src/main/java/com/mycompany/bibliotecainds/model/Prestito.java" line="31" column="23" bodyfile="C:/Users/elena/Documents/NetBeansProjects/BibliotecaInDS/src/main/java/com/mycompany/bibliotecainds/model/Prestito.java" bodystart="31" bodyend="-1"/>
      </memberdef>
      <memberdef kind="variable" id="classcom_1_1mycompany_1_1bibliotecainds_1_1model_1_1_prestito_1a5b8b4a28c0748c700cc96add99666d5e" prot="private" static="no" mutable="no">
        <type>LocalDate</type>
        <definition>LocalDate com.mycompany.bibliotecainds.model.Prestito.dataScadenza</definition>
        <argsstring></argsstring>
        <name>dataScadenza</name>
        <qualifiedname>com.mycompany.bibliotecainds.model.Prestito.dataScadenza</qualifiedname>
        <briefdescription>
<para>Data di scadenza del prestito. </para>
        </briefdescription>
        <detaileddescription>
        </detaileddescription>
        <inbodydescription>
        </inbodydescription>
        <location file="C:/Users/elena/Documents/NetBeansProjects/BibliotecaInDS/src/main/java/com/mycompany/bibliotecainds/model/Prestito.java" line="32" column="23" bodyfile="C:/Users/elena/Documents/NetBeansProjects/BibliotecaInDS/src/main/java/com/mycompany/bibliotecainds/model/Prestito.java" bodystart="32" bodyend="-1"/>
      </memberdef>
      <memberdef kind="variable" id="classcom_1_1mycompany_1_1bibliotecainds_1_1model_1_1_prestito_1a792078c1890c6492b1d61db8f688b391" prot="private" static="no" mutable="no">
        <type><ref refid="classcom_1_1mycompany_1_1bibliotecainds_1_1model_1_1_utente" kindref="compound">Utente</ref></type>
        <definition>Utente com.mycompany.bibliotecainds.model.Prestito.utente</definition>
        <argsstring></argsstring>
        <name>utente</name>
        <qualifiedname>com.mycompany.bibliotecainds.model.Prestito.utente</qualifiedname>
        <briefdescription>
<para><ref refid="classcom_1_1mycompany_1_1bibliotecainds_1_1model_1_1_utente" kindref="compound">Utente</ref> che ha ricevuto il prestito. </para>
        </briefdescription>
        <detaileddescription>
        </detaileddescription>
        <inbodydescription>
        </inbodydescription>
        <location file="C:/Users/elena/Documents/NetBeansProjects/BibliotecaInDS/src/main/java/com/mycompany/bibliotecainds/model/Prestito.java" line="33" column="20" bodyfile="C:/Users/elena/Documents/NetBeansProjects/BibliotecaInDS/src/main/java/com/mycompany/bibliotecainds/model/Prestito.java" bodystart="33" bodyend="-1"/>
      </memberdef>
    </sectiondef>
    <sectiondef kind="public-func">
      <memberdef kind="function" id="classcom_1_1mycompany_1_1bibliotecainds_1_1model_1_1_prestito_1a15af9a316b19f17cebbf736a1fed1d10" prot="public" static="no" const="no" explicit="no" inline="yes" virt="non-virtual">
        <type></type>
        <definition>com.mycompany.bibliotecainds.model.Prestito.Prestito</definition>
        <argsstring>(Libro libro, LocalDate dataPrestito, Utente utente)</argsstring>
        <name>Prestito</name>
        <qualifiedname>com.mycompany.bibliotecainds.model.Prestito.Prestito</qualifiedname>
        <param>
          <type><ref refid="classcom_1_1mycompany_1_1bibliotecainds_1_1model_1_1_libro" kindref="compound">Libro</ref></type>
          <declname>libro</declname>
        </param>
        <param>
          <type>LocalDate</type>
          <declname>dataPrestito</declname>
        </param>
        <param>
          <type><ref refid="classcom_1_1mycompany_1_1bibliotecainds_1_1model_1_1_utente" kindref="compound">Utente</ref></type>
          <declname>utente</declname>
        </param>
        <briefdescription>
<para>Costruttore della classe prestito. </para>
        </briefdescription>
        <detaileddescription>
<para>Inizializza un nuovo prestito impostando automaticamente la data di scadenza</para>
<para><parameterlist kind="param"><parameteritem>
<parameternamelist>
<parametername>libro</parametername>
</parameternamelist>
<parameterdescription>
<para><ref refid="classcom_1_1mycompany_1_1bibliotecainds_1_1model_1_1_libro" kindref="compound">Libro</ref> che è stato prestato </para>
</parameterdescription>
</parameteritem>
<parameteritem>
<parameternamelist>
<parametername>dataPrestito</parametername>
</parameternamelist>
<parameterdescription>
<para>Data in cui è stato effettuato il prestito </para>
</parameterdescription>
</parameteritem>
<parameteritem>
<parameternamelist>
<parametername>utente</parametername>
</parameternamelist>
<parameterdescription>
<para><ref refid="classcom_1_1mycompany_1_1bibliotecainds_1_1model_1_1_utente" kindref="compound">Utente</ref> che ha ricevuto il prestito </para>
</parameterdescription>
</parameteritem>
</parameterlist>
</para>
        </detaileddescription>
        <inbodydescription>
        </inbodydescription>
        <location file="C:/Users/elena/Documents/NetBeansProjects/BibliotecaInDS/src/main/java/com/mycompany/bibliotecainds/model/Prestito.java" line="45" column="12" bodyfile="C:/Users/elena/Documents/NetBeansProjects/BibliotecaInDS/src/main/java/com/mycompany/bibliotecainds/model/Prestito.java" bodystart="45" bodyend="50"/>
      </memberdef>
      <memberdef kind="function" id="classcom_1_1mycompany_1_1bibliotecainds_1_1model_1_1_prestito_1a10842162cc219283443f5670c979712f" prot="public" static="no" const="no" explicit="no" inline="yes" virt="non-virtual">
        <type><ref refid="classcom_1_1mycompany_1_1bibliotecainds_1_1model_1_1_libro" kindref="compound">Libro</ref></type>
        <definition>Libro com.mycompany.bibliotecainds.model.Prestito.getLibro</definition>
        <argsstring>()</argsstring>
        <name>getLibro</name>
        <qualifiedname>com.mycompany.bibliotecainds.model.Prestito.getLibro</qualifiedname>
        <briefdescription>
<para>Restituisce il libro preso in prestito. </para>
        </briefdescription>
        <detaileddescription>
<para><simplesect kind="return"><para><ref refid="classcom_1_1mycompany_1_1bibliotecainds_1_1model_1_1_libro" kindref="compound">Libro</ref> preso in prestito </para>
</simplesect>
</para>
        </detaileddescription>
        <inbodydescription>
        </inbodydescription>
        <location file="C:/Users/elena/Documents/NetBeansProjects/BibliotecaInDS/src/main/java/com/mycompany/bibliotecainds/model/Prestito.java" line="57" column="18" bodyfile="C:/Users/elena/Documents/NetBeansProjects/BibliotecaInDS/src/main/java/com/mycompany/bibliotecainds/model/Prestito.java" bodystart="57" bodyend="57"/>
      </memberdef>
      <memberdef kind="function" id="classcom_1_1mycompany_1_1bibliotecainds_1_1model_1_1_prestito_1a25c2fd38504e1ec885d7fb6303e6ed0e" prot="public" static="no" const="no" explicit="no" inline="yes" virt="non-virtual">
        <type>LocalDate</type>
        <definition>LocalDate com.mycompany.bibliotecainds.model.Prestito.getDataPrestito</definition>
        <argsstring>()</argsstring>
        <name>getDataPrestito</name>
        <qualifiedname>com.mycompany.bibliotecainds.model.Prestito.getDataPrestito</qualifiedname>
        <briefdescription>
<para>Restituisce la data in cui è stato effettuato il prestito. </para>
        </briefdescription>
        <detaileddescription>
<para><simplesect kind="return"><para>Data del prestito </para>
</simplesect>
</para>
        </detaileddescription>
        <inbodydescription>
        </inbodydescription>
        <location file="C:/Users/elena/Documents/NetBeansProjects/BibliotecaInDS/src/main/java/com/mycompany/bibliotecainds/model/Prestito.java" line="64" column="22" bodyfile="C:/Users/elena/Documents/NetBeansProjects/BibliotecaInDS/src/main/java/com/mycompany/bibliotecainds/model/Prestito.java" bodystart="64" bodyend="64"/>
      </memberdef>
      <memberdef kind="function" id="classcom_1_1mycompany_1_1bibliotecainds_1_1model_1_1_prestito_1a22bd887b4d9101fdf94627bc2e8d740e" prot="public" static="no" const="no" explicit="no" inline="yes" virt="non-virtual">
        <type><ref refid="classcom_1_1mycompany_1_1bibliotecainds_1_1model_1_1_utente" kindref="compound">Utente</ref></type>
        <definition>Utente com.mycompany.bibliotecainds.model.Prestito.getUtente</definition>
        <argsstring>()</argsstring>
        <name>getUtente</name>
        <qualifiedname>com.mycompany.bibliotecainds.model.Prestito.getUtente</qualifiedname>
        <briefdescription>
<para>Restituisce l&apos;utente che ha chiesto il prestito. </para>
        </briefdescription>
        <detaileddescription>
<para><simplesect kind="return"><para><ref refid="classcom_1_1mycompany_1_1bibliotecainds_1_1model_1_1_utente" kindref="compound">Utente</ref> </para>
</simplesect>
</para>
        </detaileddescription>
        <inbodydescription>
        </inbodydescription>
        <location file="C:/Users/elena/Documents/NetBeansProjects/BibliotecaInDS/src/main/java/com/mycompany/bibliotecainds/model/Prestito.java" line="71" column="19" bodyfile="C:/Users/elena/Documents/NetBeansProjects/BibliotecaInDS/src/main/java/com/mycompany/bibliotecainds/model/Prestito.java" bodystart="71" bodyend="71"/>
      </memberdef>
      <memberdef kind="function" id="classcom_1_1mycompany_1_1bibliotecainds_1_1model_1_1_prestito_1a999196d55409727117987306faa4814e" prot="public" static="no" const="no" explicit="no" inline="yes" virt="non-virtual">
        <type>LocalDate</type>
        <definition>LocalDate com.mycompany.bibliotecainds.model.Prestito.getDataScadenza</definition>
        <argsstring>()</argsstring>
        <name>getDataScadenza</name>
        <qualifiedname>com.mycompany.bibliotecainds.model.Prestito.getDataScadenza</qualifiedname>
        <briefdescription>
<para>Restituisce la data di scadenza del prestito. </para>
        </briefdescription>
        <detaileddescription>
<para><simplesect kind="return"><para>Data di scadenza prestito </para>
</simplesect>
</para>
        </detaileddescription>
        <inbodydescription>
        </inbodydescription>
        <location file="C:/Users/elena/Documents/NetBeansProjects/BibliotecaInDS/src/main/java/com/mycompany/bibliotecainds/model/Prestito.java" line="78" column="22" bodyfile="C:/Users/elena/Documents/NetBeansProjects/BibliotecaInDS/src/main/java/com/mycompany/bibliotecainds/model/Prestito.java" bodystart="78" bodyend="78"/>
      </memberdef>
      <memberdef kind="function" id="classcom_1_1mycompany_1_1bibliotecainds_1_1model_1_1_prestito_1a07f4004219667a409904f7d883e04fa6" prot="public" static="no" const="no" explicit="no" inline="yes" virt="non-virtual">
        <type>boolean</type>
        <definition>boolean com.mycompany.bibliotecainds.model.Prestito.isScaduto</definition>
        <argsstring>()</argsstring>
        <name>isScaduto</name>
        <qualifiedname>com.mycompany.bibliotecainds.model.Prestito.isScaduto</qualifiedname>
        <briefdescription>
<para>Verifica se il prestito è scaduto. </para>
        </briefdescription>
        <detaileddescription>
<para>Controlla se la data attuale è successiva alla data di scadenza prevista</para>
<para><simplesect kind="return"><para>true se il prestito è scaduto, false altrimenti </para>
</simplesect>
</para>
        </detaileddescription>
        <inbodydescription>
        </inbodydescription>
        <location file="C:/Users/elena/Documents/NetBeansProjects/BibliotecaInDS/src/main/java/com/mycompany/bibliotecainds/model/Prestito.java" line="88" column="20" bodyfile="C:/Users/elena/Documents/NetBeansProjects/BibliotecaInDS/src/main/java/com/mycompany/bibliotecainds/model/Prestito.java" bodystart="88" bodyend="90"/>
      </memberdef>
    </sectiondef>
    <briefdescription>
<para>Rappresenta il prestito di un libro effettuato ad un utente. </para>
    </briefdescription>
    <detaileddescription>
<para>Contiene tutte le informazioni relative al prestito di un libro </para>
    </detaileddescription>
    <inheritancegraph>
      <node id="2">
        <label>Serializable</label>
      </node>
      <node id="1">
        <label>com.mycompany.bibliotecainds.model.Prestito</label>
        <link refid="classcom_1_1mycompany_1_1bibliotecainds_1_1model_1_1_prestito"/>
        <childnode refid="2" relation="public-inheritance">
        </childnode>
      </node>
    </inheritancegraph>
    <collaborationgraph>
      <node id="2">
        <label>Serializable</label>
      </node>
      <node id="1">
        <label>com.mycompany.bibliotecainds.model.Prestito</label>
        <link refid="classcom_1_1mycompany_1_1bibliotecainds_1_1model_1_1_prestito"/>
        <childnode refid="2" relation="public-inheritance">
        </childnode>
      </node>
    </collaborationgraph>
    <location file="C:/Users/elena/Documents/NetBeansProjects/BibliotecaInDS/src/main/java/com/mycompany/bibliotecainds/model/Prestito.java" line="29" column="7" bodyfile="C:/Users/elena/Documents/NetBeansProjects/BibliotecaInDS/src/main/java/com/mycompany/bibliotecainds/model/Prestito.java" bodystart="29" bodyend="91"/>
    <listofallmembers>
      <member refid="classcom_1_1mycompany_1_1bibliotecainds_1_1model_1_1_prestito_1aac54351b4e681108a78a2d9932081bab" prot="private" virt="non-virtual"><scope>com::mycompany::bibliotecainds::model::Prestito</scope><name>dataPrestito</name></member>
      <member refid="classcom_1_1mycompany_1_1bibliotecainds_1_1model_1_1_prestito_1a5b8b4a28c0748c700cc96add99666d5e" prot="private" virt="non-virtual"><scope>com::mycompany::bibliotecainds::model::Prestito</scope><name>dataScadenza</name></member>
      <member refid="classcom_1_1mycompany_1_1bibliotecainds_1_1model_1_1_prestito_1a25c2fd38504e1ec885d7fb6303e6ed0e" prot="public" virt="non-virtual"><scope>com::mycompany::bibliotecainds::model::Prestito</scope><name>getDataPrestito</name></member>
      <member refid="classcom_1_1mycompany_1_1bibliotecainds_1_1model_1_1_prestito_1a999196d55409727117987306faa4814e" prot="public" virt="non-virtual"><scope>com::mycompany::bibliotecainds::model::Prestito</scope><name>getDataScadenza</name></member>
      <member refid="classcom_1_1mycompany_1_1bibliotecainds_1_1model_1_1_prestito_1a10842162cc219283443f5670c979712f" prot="public" virt="non-virtual"><scope>com::mycompany::bibliotecainds::model::Prestito</scope><name>getLibro</name></member>
      <member refid="classcom_1_1mycompany_1_1bibliotecainds_1_1model_1_1_prestito_1a22bd887b4d9101fdf94627bc2e8d740e" prot="public" virt="non-virtual"><scope>com::mycompany::bibliotecainds::model::Prestito</scope><name>getUtente</name></member>
      <member refid="classcom_1_1mycompany_1_1bibliotecainds_1_1model_1_1_prestito_1a07f4004219667a409904f7d883e04fa6" prot="public" virt="non-virtual"><scope>com::mycompany::bibliotecainds::model::Prestito</scope><name>isScaduto</name></member>
      <member refid="classcom_1_1mycompany_1_1bibliotecainds_1_1model_1_1_prestito_1ad16da46d26bbd71e77d2112cc6a9c232" prot="private" virt="non-virtual"><scope>com::mycompany::bibliotecainds::model::Prestito</scope><name>libro</name></member>
      <member refid="classcom_1_1mycompany_1_1bibliotecainds_1_1model_1_1_prestito_1a15af9a316b19f17cebbf736a1fed1d10" prot="public" virt="non-virtual"><scope>com::mycompany::bibliotecainds::model::Prestito</scope><name>Prestito</name></member>
      <member refid="classcom_1_1mycompany_1_1bibliotecainds_1_1model_1_1_prestito_1a792078c1890c6492b1d61db8f688b391" prot="private" virt="non-virtual"><scope>com::mycompany::bibliotecainds::model::Prestito</scope><name>utente</name></member>
    </listofallmembers>
  </compounddef>
</doxygen>
