<?xml version='1.0' encoding='UTF-8' standalone='no'?>
<doxygen xmlns:xsi="http://www.w3.org/2001/XMLSchema-instance" xsi:noNamespaceSchemaLocation="compound.xsd" version="1.15.0" xml:lang="en-US">
  <compounddef id="dir_76498e43d3722c6ebc0e1265f616ab07" kind="dir">
    <compoundname>C:/Users/elena/Documents/NetBeansProjects</compoundname>
    <innerdir refid="dir_59d285ebc438f285600daa770798819c">C:/Users/elena/Documents/NetBeansProjects/BibliotecaInDS</innerdir>
    <briefdescription>
    </briefdescription>
    <detaileddescription>
    </detaileddescription>
    <location file="C:/Users/elena/Documents/NetBeansProjects/"/>
  </compounddef>
</doxygen>
