<?xml version='1.0' encoding='UTF-8' standalone='no'?>
<doxygen xmlns:xsi="http://www.w3.org/2001/XMLSchema-instance" xsi:noNamespaceSchemaLocation="compound.xsd" version="1.15.0" xml:lang="en-US">
  <compounddef id="dir_59d285ebc438f285600daa770798819c" kind="dir">
    <compoundname>C:/Users/elena/Documents/NetBeansProjects/BibliotecaInDS</compoundname>
    <innerdir refid="dir_4df5f4b88c99742d57fe966fc2c45c01">C:/Users/elena/Documents/NetBeansProjects/BibliotecaInDS/requisiti</innerdir>
    <innerdir refid="dir_658658860447febac7b9366b05d71b47">C:/Users/elena/Documents/NetBeansProjects/BibliotecaInDS/src</innerdir>
    <briefdescription>
    </briefdescription>
    <detaileddescription>
    </detaileddescription>
    <location file="C:/Users/elena/Documents/NetBeansProjects/BibliotecaInDS/"/>
  </compounddef>
</doxygen>
