<?xml version='1.0' encoding='UTF-8' standalone='no'?>
<doxygen xmlns:xsi="http://www.w3.org/2001/XMLSchema-instance" xsi:noNamespaceSchemaLocation="compound.xsd" version="1.15.0" xml:lang="en-US">
  <compounddef id="dir_76d2104cdbbba1e83ca33e237be8b962" kind="dir">
    <compoundname>C:/Users/elena/Documents/NetBeansProjects/BibliotecaInDS/src/main/java/com/mycompany/bibliotecainds/service</compoundname>
    <innerfile refid="_catalogo_service_8java">CatalogoService.java</innerfile>
    <innerfile refid="_catalogo_service_impl_8java">CatalogoServiceImpl.java</innerfile>
    <innerfile refid="_prestito_service_8java">PrestitoService.java</innerfile>
    <innerfile refid="_prestito_service_impl_8java">PrestitoServiceImpl.java</innerfile>
    <innerfile refid="_utente_service_8java">UtenteService.java</innerfile>
    <innerfile refid="_utente_service_impl_8java">UtenteServiceImpl.java</innerfile>
    <briefdescription>
    </briefdescription>
    <detaileddescription>
    </detaileddescription>
    <location file="C:/Users/elena/Documents/NetBeansProjects/BibliotecaInDS/src/main/java/com/mycompany/bibliotecainds/service/"/>
  </compounddef>
</doxygen>
