<?xml version='1.0' encoding='UTF-8' standalone='no'?>
<doxygen xmlns:xsi="http://www.w3.org/2001/XMLSchema-instance" xsi:noNamespaceSchemaLocation="compound.xsd" version="1.15.0" xml:lang="en-US">
  <compounddef id="dir_c1e9fd52cb99b0d0d24e01efba8f2919" kind="dir">
    <compoundname>C:/Users/elena/Documents/NetBeansProjects/BibliotecaInDS/src/main/java/com/mycompany/bibliotecainds/controller</compoundname>
    <innerfile refid="_biblioteca_controller_8java">BibliotecaController.java</innerfile>
    <innerfile refid="_login_controller_8java">LoginController.java</innerfile>
    <innerfile refid="_secondary_controller_8java">SecondaryController.java</innerfile>
    <briefdescription>
    </briefdescription>
    <detaileddescription>
    </detaileddescription>
    <location file="C:/Users/elena/Documents/NetBeansProjects/BibliotecaInDS/src/main/java/com/mycompany/bibliotecainds/controller/"/>
  </compounddef>
</doxygen>
