<?xml version='1.0' encoding='UTF-8' standalone='no'?>
<doxygen xmlns:xsi="http://www.w3.org/2001/XMLSchema-instance" xsi:noNamespaceSchemaLocation="compound.xsd" version="1.15.0" xml:lang="en-US">
  <compounddef id="dir_bc61504f47b87320119b308ff098d1d3" kind="dir">
    <compoundname>C:/Users/elena/Documents/NetBeansProjects/BibliotecaInDS/src/main/java/com/mycompany/bibliotecainds</compoundname>
    <innerdir refid="dir_c1e9fd52cb99b0d0d24e01efba8f2919">C:/Users/elena/Documents/NetBeansProjects/BibliotecaInDS/src/main/java/com/mycompany/bibliotecainds/controller</innerdir>
    <innerdir refid="dir_400ae34fe1bfd4ed8caff76997d28104">C:/Users/elena/Documents/NetBeansProjects/BibliotecaInDS/src/main/java/com/mycompany/bibliotecainds/data</innerdir>
    <innerdir refid="dir_2da9207acdf46ab1793e511976ae5593">C:/Users/elena/Documents/NetBeansProjects/BibliotecaInDS/src/main/java/com/mycompany/bibliotecainds/model</innerdir>
    <innerdir refid="dir_76d2104cdbbba1e83ca33e237be8b962">C:/Users/elena/Documents/NetBeansProjects/BibliotecaInDS/src/main/java/com/mycompany/bibliotecainds/service</innerdir>
    <innerfile refid="_app_8java">App.java</innerfile>
    <briefdescription>
    </briefdescription>
    <detaileddescription>
    </detaileddescription>
    <location file="C:/Users/elena/Documents/NetBeansProjects/BibliotecaInDS/src/main/java/com/mycompany/bibliotecainds/"/>
  </compounddef>
</doxygen>
