<?xml version='1.0' encoding='UTF-8' standalone='no'?>
<doxygen xmlns:xsi="http://www.w3.org/2001/XMLSchema-instance" xsi:noNamespaceSchemaLocation="compound.xsd" version="1.15.0" xml:lang="en-US">
  <compounddef id="dir_2da9207acdf46ab1793e511976ae5593" kind="dir">
    <compoundname>C:/Users/elena/Documents/NetBeansProjects/BibliotecaInDS/src/main/java/com/mycompany/bibliotecainds/model</compoundname>
    <innerfile refid="_libro_8java">Libro.java</innerfile>
    <innerfile refid="_personale_8java">Personale.java</innerfile>
    <innerfile refid="_prestito_8java">Prestito.java</innerfile>
    <innerfile refid="_utente_8java">Utente.java</innerfile>
    <briefdescription>
    </briefdescription>
    <detaileddescription>
    </detaileddescription>
    <location file="C:/Users/elena/Documents/NetBeansProjects/BibliotecaInDS/src/main/java/com/mycompany/bibliotecainds/model/"/>
  </compounddef>
</doxygen>
