<?xml version='1.0' encoding='UTF-8' standalone='no'?>
<doxygen xmlns:xsi="http://www.w3.org/2001/XMLSchema-instance" xsi:noNamespaceSchemaLocation="compound.xsd" version="1.15.0" xml:lang="en-US">
  <compounddef id="dir_bd3d41f0d825574fb5d27b2495453f2d" kind="dir">
    <compoundname>C:/Users/elena/Documents/NetBeansProjects/BibliotecaInDS/src/main/java</compoundname>
    <innerdir refid="dir_7b9452bfa1d04c8b68e35db63651c67b">C:/Users/elena/Documents/NetBeansProjects/BibliotecaInDS/src/main/java/com</innerdir>
    <innerfile refid="module-info_8java">module-info.java</innerfile>
    <briefdescription>
    </briefdescription>
    <detaileddescription>
    </detaileddescription>
    <location file="C:/Users/elena/Documents/NetBeansProjects/BibliotecaInDS/src/main/java/"/>
  </compounddef>
</doxygen>
