<?xml version='1.0' encoding='UTF-8' standalone='no'?>
<doxygen xmlns:xsi="http://www.w3.org/2001/XMLSchema-instance" xsi:noNamespaceSchemaLocation="compound.xsd" version="1.15.0" xml:lang="en-US">
  <compounddef id="dir_658658860447febac7b9366b05d71b47" kind="dir">
    <compoundname>C:/Users/elena/Documents/NetBeansProjects/BibliotecaInDS/src</compoundname>
    <innerdir refid="dir_f3b4e990ae3aad5a0ab40fe7c8d29a3e">C:/Users/elena/Documents/NetBeansProjects/BibliotecaInDS/src/main</innerdir>
    <briefdescription>
    </briefdescription>
    <detaileddescription>
    </detaileddescription>
    <location file="C:/Users/elena/Documents/NetBeansProjects/BibliotecaInDS/src/"/>
  </compounddef>
</doxygen>
