<?xml version='1.0' encoding='UTF-8' standalone='no'?>
<doxygen xmlns:xsi="http://www.w3.org/2001/XMLSchema-instance" xsi:noNamespaceSchemaLocation="compound.xsd" version="1.15.0" xml:lang="en-US">
  <compounddef id="dir_7b9452bfa1d04c8b68e35db63651c67b" kind="dir">
    <compoundname>C:/Users/elena/Documents/NetBeansProjects/BibliotecaInDS/src/main/java/com</compoundname>
    <innerdir refid="dir_102725a2348e6bd2cf0d4897249d489f">C:/Users/elena/Documents/NetBeansProjects/BibliotecaInDS/src/main/java/com/mycompany</innerdir>
    <briefdescription>
    </briefdescription>
    <detaileddescription>
    </detaileddescription>
    <location file="C:/Users/elena/Documents/NetBeansProjects/BibliotecaInDS/src/main/java/com/"/>
  </compounddef>
</doxygen>
