<?xml version='1.0' encoding='UTF-8' standalone='no'?>
<doxygen xmlns:xsi="http://www.w3.org/2001/XMLSchema-instance" xsi:noNamespaceSchemaLocation="compound.xsd" version="1.15.0" xml:lang="en-US">
  <compounddef id="dir_f396504afdc959660871b003fa10164d" kind="dir">
    <compoundname>C:/Users/elena/Documents</compoundname>
    <innerdir refid="dir_76498e43d3722c6ebc0e1265f616ab07">C:/Users/elena/Documents/NetBeansProjects</innerdir>
    <briefdescription>
    </briefdescription>
    <detaileddescription>
    </detaileddescription>
    <location file="C:/Users/elena/Documents/"/>
  </compounddef>
</doxygen>
