<?xml version='1.0' encoding='UTF-8' standalone='no'?>
<doxygenindex xmlns:xsi="http://www.w3.org/2001/XMLSchema-instance" xsi:noNamespaceSchemaLocation="index.xsd" version="1.15.0" xml:lang="en-US">
  <compound refid="classcom_1_1mycompany_1_1bibliotecainds_1_1_app" kind="class"><name>com::mycompany::bibliotecainds::App</name>
    <member refid="classcom_1_1mycompany_1_1bibliotecainds_1_1_app_1a9889f22348807506e3b94b07b4eeb2f6" kind="variable"><name>scene</name></member>
    <member refid="classcom_1_1mycompany_1_1bibliotecainds_1_1_app_1a00fa4013bfb9ab8600b535b84be0718a" kind="function"><name>start</name></member>
    <member refid="classcom_1_1mycompany_1_1bibliotecainds_1_1_app_1a5984302de55d4df09b9bef4a51383cac" kind="function"><name>setRoot</name></member>
    <member refid="classcom_1_1mycompany_1_1bibliotecainds_1_1_app_1a4c5544b255925eb82114fe161d54d588" kind="function"><name>main</name></member>
    <member refid="classcom_1_1mycompany_1_1bibliotecainds_1_1_app_1a0effd331d2699332b0f24dd55673d221" kind="function"><name>loadFXML</name></member>
  </compound>
  <compound refid="classcom_1_1mycompany_1_1bibliotecainds_1_1data_1_1_archivio" kind="class"><name>com::mycompany::bibliotecainds::data::Archivio</name>
    <member refid="classcom_1_1mycompany_1_1bibliotecainds_1_1data_1_1_archivio_1ae57166b129b02e549cb64a23c4c7e744" kind="variable"><name>serialVersionUID</name></member>
    <member refid="classcom_1_1mycompany_1_1bibliotecainds_1_1data_1_1_archivio_1ad1d467b38ec800d91e3072aea0d7f6e0" kind="variable"><name>instance</name></member>
    <member refid="classcom_1_1mycompany_1_1bibliotecainds_1_1data_1_1_archivio_1a3e9cc5f7312bdb2c4c0e4ce0f922d04c" kind="variable"><name>catalogoLibri</name></member>
    <member refid="classcom_1_1mycompany_1_1bibliotecainds_1_1data_1_1_archivio_1ae12ddde103aabed7e959e9e919d3757f" kind="variable"><name>registroUtenti</name></member>
    <member refid="classcom_1_1mycompany_1_1bibliotecainds_1_1data_1_1_archivio_1acd8c84eb4bcd53ac2327a6d8c1a08a56" kind="variable"><name>prestitiAttivi</name></member>
    <member refid="classcom_1_1mycompany_1_1bibliotecainds_1_1data_1_1_archivio_1acec239575ba973d7e203bcd0bcf7b182" kind="function"><name>Archivio</name></member>
    <member refid="classcom_1_1mycompany_1_1bibliotecainds_1_1data_1_1_archivio_1acaa052eff6f8c3b47ca522346db3e428" kind="function"><name>getInstance</name></member>
    <member refid="classcom_1_1mycompany_1_1bibliotecainds_1_1data_1_1_archivio_1a21f413cf0a7254a71e037fcb9e0c89c6" kind="function"><name>salva</name></member>
    <member refid="classcom_1_1mycompany_1_1bibliotecainds_1_1data_1_1_archivio_1a110abd2d5f9c959761c9fa7c5feabfd2" kind="function"><name>carica</name></member>
    <member refid="classcom_1_1mycompany_1_1bibliotecainds_1_1data_1_1_archivio_1a8068ce239f658d0961d8d648b0a6770b" kind="function"><name>getCatalogoLibri</name></member>
    <member refid="classcom_1_1mycompany_1_1bibliotecainds_1_1data_1_1_archivio_1a3249ceee32439b968e8662eaaec83ea7" kind="function"><name>getRegistroUtenti</name></member>
    <member refid="classcom_1_1mycompany_1_1bibliotecainds_1_1data_1_1_archivio_1a44439bec30599028cb3eb338544202ff" kind="function"><name>getPrestitiAttivi</name></member>
  </compound>
  <compound refid="classcom_1_1mycompany_1_1bibliotecainds_1_1controller_1_1_biblioteca_controller" kind="class"><name>com::mycompany::bibliotecainds::controller::BibliotecaController</name>
    <member refid="classcom_1_1mycompany_1_1bibliotecainds_1_1controller_1_1_biblioteca_controller_1ace8ef0b886dda6c1483b63a7ef255d77" kind="variable"><name>tabellaLibri</name></member>
    <member refid="classcom_1_1mycompany_1_1bibliotecainds_1_1controller_1_1_biblioteca_controller_1aaa76619c5a50a542d4bcd5f33cc89f6c" kind="variable"><name>colTitolo</name></member>
    <member refid="classcom_1_1mycompany_1_1bibliotecainds_1_1controller_1_1_biblioteca_controller_1a1ef82afc3b70daf4410926e735ee30ad" kind="variable"><name>colAutore</name></member>
    <member refid="classcom_1_1mycompany_1_1bibliotecainds_1_1controller_1_1_biblioteca_controller_1a051bbb1ea7725294e48b2e17f3d8da44" kind="variable"><name>colCopie</name></member>
    <member refid="classcom_1_1mycompany_1_1bibliotecainds_1_1controller_1_1_biblioteca_controller_1a86d32ea4a064c28958752569de484c29" kind="variable"><name>txtTitolo</name></member>
    <member refid="classcom_1_1mycompany_1_1bibliotecainds_1_1controller_1_1_biblioteca_controller_1aa8338447050d57094a143120a5a11956" kind="variable"><name>txtAutore</name></member>
    <member refid="classcom_1_1mycompany_1_1bibliotecainds_1_1controller_1_1_biblioteca_controller_1aa8190998e3517dfee0e4e85a309f737f" kind="variable"><name>txtAnno</name></member>
    <member refid="classcom_1_1mycompany_1_1bibliotecainds_1_1controller_1_1_biblioteca_controller_1a4d6a584283ea5f6521d5df7d44c6b3ff" kind="variable"><name>txtIsbn</name></member>
    <member refid="classcom_1_1mycompany_1_1bibliotecainds_1_1controller_1_1_biblioteca_controller_1adac8bc5d25375945ec4354380461bd1e" kind="variable"><name>txtCopie</name></member>
    <member refid="classcom_1_1mycompany_1_1bibliotecainds_1_1controller_1_1_biblioteca_controller_1a705ff09e6b8e904639c0c3e22956cf4c" kind="variable"><name>tabellaUtenti</name></member>
    <member refid="classcom_1_1mycompany_1_1bibliotecainds_1_1controller_1_1_biblioteca_controller_1af27fb12898e86315a9997db189f74389" kind="variable"><name>colNome</name></member>
    <member refid="classcom_1_1mycompany_1_1bibliotecainds_1_1controller_1_1_biblioteca_controller_1a93ed7dcb4b351c9e677b6e84a9908634" kind="variable"><name>colCognome</name></member>
    <member refid="classcom_1_1mycompany_1_1bibliotecainds_1_1controller_1_1_biblioteca_controller_1a28a578f0939a75e0034241df4409b3cd" kind="variable"><name>colMatricola</name></member>
    <member refid="classcom_1_1mycompany_1_1bibliotecainds_1_1controller_1_1_biblioteca_controller_1a660fc3982c25e8014ab89a1792d2be69" kind="variable"><name>txtNomeUtente</name></member>
    <member refid="classcom_1_1mycompany_1_1bibliotecainds_1_1controller_1_1_biblioteca_controller_1a484f6dec248e4bee93d6d669a11f503a" kind="variable"><name>txtCognomeUtente</name></member>
    <member refid="classcom_1_1mycompany_1_1bibliotecainds_1_1controller_1_1_biblioteca_controller_1a8d0375e4631d8444481d6284d813991b" kind="variable"><name>txtMatricola</name></member>
    <member refid="classcom_1_1mycompany_1_1bibliotecainds_1_1controller_1_1_biblioteca_controller_1a0ee065844b9adede602bf159bccdda6d" kind="variable"><name>txtEmail</name></member>
    <member refid="classcom_1_1mycompany_1_1bibliotecainds_1_1controller_1_1_biblioteca_controller_1a9d666a646f5391ec0106fa31077f1bd9" kind="variable"><name>tabellaPrestiti</name></member>
    <member refid="classcom_1_1mycompany_1_1bibliotecainds_1_1controller_1_1_biblioteca_controller_1a7791f07a0aae4d2d687488a2c49f37d2" kind="variable"><name>colPrestitoLibro</name></member>
    <member refid="classcom_1_1mycompany_1_1bibliotecainds_1_1controller_1_1_biblioteca_controller_1a27230e2cf31a105cc219c88ea31c49d6" kind="variable"><name>colPrestitoUtente</name></member>
    <member refid="classcom_1_1mycompany_1_1bibliotecainds_1_1controller_1_1_biblioteca_controller_1ab87a021d18a63f0a918f77810f9ca758" kind="variable"><name>colPrestitoScadenza</name></member>
    <member refid="classcom_1_1mycompany_1_1bibliotecainds_1_1controller_1_1_biblioteca_controller_1a1d126acfaf5aa437d8a1ddf2738ffe1f" kind="variable"><name>observableLibri</name></member>
    <member refid="classcom_1_1mycompany_1_1bibliotecainds_1_1controller_1_1_biblioteca_controller_1a3ef82a0c491c5b7ee91c1fb0a07f3259" kind="variable"><name>observableUtenti</name></member>
    <member refid="classcom_1_1mycompany_1_1bibliotecainds_1_1controller_1_1_biblioteca_controller_1a7fdc2dca4925f011bb0085f0658217c4" kind="variable"><name>observablePrestiti</name></member>
    <member refid="classcom_1_1mycompany_1_1bibliotecainds_1_1controller_1_1_biblioteca_controller_1ac19a0d66ac09f9267a81b3720bdd4da9" kind="variable"><name>catalogoService</name></member>
    <member refid="classcom_1_1mycompany_1_1bibliotecainds_1_1controller_1_1_biblioteca_controller_1a6a5c752c7078827064b26ca5696fd32a" kind="variable"><name>utenteService</name></member>
    <member refid="classcom_1_1mycompany_1_1bibliotecainds_1_1controller_1_1_biblioteca_controller_1a18460107e79ceb38231807408479f560" kind="variable"><name>prestitoService</name></member>
    <member refid="classcom_1_1mycompany_1_1bibliotecainds_1_1controller_1_1_biblioteca_controller_1adc63f4ba7700b39f54dbddd53d634cc0" kind="function"><name>initialize</name></member>
    <member refid="classcom_1_1mycompany_1_1bibliotecainds_1_1controller_1_1_biblioteca_controller_1a4570d25e45d7d3ba3bc5ee5e613986c0" kind="function"><name>caricaDati</name></member>
    <member refid="classcom_1_1mycompany_1_1bibliotecainds_1_1controller_1_1_biblioteca_controller_1aae47c916e0f199c9492d34a901f508e1" kind="function"><name>configuraColonne</name></member>
    <member refid="classcom_1_1mycompany_1_1bibliotecainds_1_1controller_1_1_biblioteca_controller_1a88e99221b667bd76eaa46f65cb6eef84" kind="function"><name>handleAggiungiLibro</name></member>
    <member refid="classcom_1_1mycompany_1_1bibliotecainds_1_1controller_1_1_biblioteca_controller_1ad8ca66d898d3f9de2d996e58a5f9ea07" kind="function"><name>pulisciCampiLibro</name></member>
    <member refid="classcom_1_1mycompany_1_1bibliotecainds_1_1controller_1_1_biblioteca_controller_1acd8ea6d7552629b322eef17f0e888270" kind="function"><name>handleAggiungiUtente</name></member>
    <member refid="classcom_1_1mycompany_1_1bibliotecainds_1_1controller_1_1_biblioteca_controller_1a75a30ab10cbe51f0a2e7d23aba7573dc" kind="function"><name>pulisciCampiUtente</name></member>
    <member refid="classcom_1_1mycompany_1_1bibliotecainds_1_1controller_1_1_biblioteca_controller_1a1dcaf4777cb3961b1c1497ade5c80a38" kind="function"><name>handleNuovoPrestito</name></member>
    <member refid="classcom_1_1mycompany_1_1bibliotecainds_1_1controller_1_1_biblioteca_controller_1a93eb58e8b0d9390ef0144da11021396a" kind="function"><name>handleRestituzione</name></member>
    <member refid="classcom_1_1mycompany_1_1bibliotecainds_1_1controller_1_1_biblioteca_controller_1a39c5c2a9692f948c32f0728a43b13f5b" kind="function"><name>handleInfo</name></member>
    <member refid="classcom_1_1mycompany_1_1bibliotecainds_1_1controller_1_1_biblioteca_controller_1a4540ffb18e64783590e8089bdab20962" kind="function"><name>handleLogout</name></member>
    <member refid="classcom_1_1mycompany_1_1bibliotecainds_1_1controller_1_1_biblioteca_controller_1a36bd3ddd1e3e4649c7dfaf9b0eb2430a" kind="function"><name>showAlert</name></member>
  </compound>
  <compound refid="interfacecom_1_1mycompany_1_1bibliotecainds_1_1service_1_1_catalogo_service" kind="interface"><name>com::mycompany::bibliotecainds::service::CatalogoService</name>
    <member refid="interfacecom_1_1mycompany_1_1bibliotecainds_1_1service_1_1_catalogo_service_1a4d23edc092ddd891b4c0eddc4adeef14" kind="function"><name>aggiungiLibro</name></member>
    <member refid="interfacecom_1_1mycompany_1_1bibliotecainds_1_1service_1_1_catalogo_service_1ab33a1f5f790bddd6d38bab68f8dad1f3" kind="function"><name>rimuoviLibro</name></member>
    <member refid="interfacecom_1_1mycompany_1_1bibliotecainds_1_1service_1_1_catalogo_service_1a17f4e07247be8d9df568b0deb2d0e764" kind="function"><name>cercaLibri</name></member>
    <member refid="interfacecom_1_1mycompany_1_1bibliotecainds_1_1service_1_1_catalogo_service_1a283c66edcb13116c4e21c76d2f1ace96" kind="function"><name>getCatalogo</name></member>
  </compound>
  <compound refid="classcom_1_1mycompany_1_1bibliotecainds_1_1service_1_1_catalogo_service_impl" kind="class"><name>com::mycompany::bibliotecainds::service::CatalogoServiceImpl</name>
    <member refid="classcom_1_1mycompany_1_1bibliotecainds_1_1service_1_1_catalogo_service_impl_1ae9f85228131bc9a6e9f570a4f06be2a5" kind="function"><name>aggiungiLibro</name></member>
    <member refid="classcom_1_1mycompany_1_1bibliotecainds_1_1service_1_1_catalogo_service_impl_1a9919de4c9c6b6f856bf3eee055dd3260" kind="function"><name>rimuoviLibro</name></member>
    <member refid="classcom_1_1mycompany_1_1bibliotecainds_1_1service_1_1_catalogo_service_impl_1ae0111f9592b3108effc1a7b86e57d8fc" kind="function"><name>cercaLibri</name></member>
    <member refid="classcom_1_1mycompany_1_1bibliotecainds_1_1service_1_1_catalogo_service_impl_1a88da4d247e88a5166dcf016a3a1e1376" kind="function"><name>getCatalogo</name></member>
  </compound>
  <compound refid="classcom_1_1mycompany_1_1bibliotecainds_1_1model_1_1_libro" kind="class"><name>com::mycompany::bibliotecainds::model::Libro</name>
    <member refid="classcom_1_1mycompany_1_1bibliotecainds_1_1model_1_1_libro_1ac6f81bbbfdad2991599c4314fd9efc87" kind="variable"><name>titolo</name></member>
    <member refid="classcom_1_1mycompany_1_1bibliotecainds_1_1model_1_1_libro_1af21e0ad6ca399c0b4ac1358e246e387a" kind="variable"><name>autori</name></member>
    <member refid="classcom_1_1mycompany_1_1bibliotecainds_1_1model_1_1_libro_1a236c12cd727d266bf0a258bd72b7a381" kind="variable"><name>anno</name></member>
    <member refid="classcom_1_1mycompany_1_1bibliotecainds_1_1model_1_1_libro_1a34c1df0d659531447be4cbde4982c29e" kind="variable"><name>isbn</name></member>
    <member refid="classcom_1_1mycompany_1_1bibliotecainds_1_1model_1_1_libro_1a6f0f6ccd9043bac23010d85a8d42806e" kind="variable"><name>copie</name></member>
    <member refid="classcom_1_1mycompany_1_1bibliotecainds_1_1model_1_1_libro_1a145b77d72de27208d15eed3918bd2dd3" kind="function"><name>Libro</name></member>
    <member refid="classcom_1_1mycompany_1_1bibliotecainds_1_1model_1_1_libro_1a9ba9faa94c4bb979fa6d64e462bd8091" kind="function"><name>getTitolo</name></member>
    <member refid="classcom_1_1mycompany_1_1bibliotecainds_1_1model_1_1_libro_1a4afa8f08054a441a5c886548287b5281" kind="function"><name>getAutori</name></member>
    <member refid="classcom_1_1mycompany_1_1bibliotecainds_1_1model_1_1_libro_1a13d866b08b88ba932bd9250b717d8d0c" kind="function"><name>getAnno</name></member>
    <member refid="classcom_1_1mycompany_1_1bibliotecainds_1_1model_1_1_libro_1ae80a0a99d5de1f7d0caa6afb4a3fc56c" kind="function"><name>getIsbn</name></member>
    <member refid="classcom_1_1mycompany_1_1bibliotecainds_1_1model_1_1_libro_1aebb2b946723faa42c699b631356b6b64" kind="function"><name>getCopieDisponibili</name></member>
    <member refid="classcom_1_1mycompany_1_1bibliotecainds_1_1model_1_1_libro_1a0963b8727d2aea8e510e3ee1f323a935" kind="function"><name>decrementaCopie</name></member>
    <member refid="classcom_1_1mycompany_1_1bibliotecainds_1_1model_1_1_libro_1aca41b8f1712337dae471ee939002a5c7" kind="function"><name>incrementaCopie</name></member>
  </compound>
  <compound refid="classcom_1_1mycompany_1_1bibliotecainds_1_1controller_1_1_login_controller" kind="class"><name>com::mycompany::bibliotecainds::controller::LoginController</name>
    <member refid="classcom_1_1mycompany_1_1bibliotecainds_1_1controller_1_1_login_controller_1ac168fd94bef13f0822312fd321ebc859" kind="variable"><name>txtEmail</name></member>
    <member refid="classcom_1_1mycompany_1_1bibliotecainds_1_1controller_1_1_login_controller_1a3a36cba063625f1b0a55ca2f0d0b7a6f" kind="variable"><name>txtPassword</name></member>
    <member refid="classcom_1_1mycompany_1_1bibliotecainds_1_1controller_1_1_login_controller_1aa01b4df0ac04b8da09c3de8772501812" kind="variable"><name>lblErrore</name></member>
    <member refid="classcom_1_1mycompany_1_1bibliotecainds_1_1controller_1_1_login_controller_1afb6bbb879d04dd307e350fdcca025b5c" kind="function"><name>handleLogin</name></member>
  </compound>
  <compound refid="classcom_1_1mycompany_1_1bibliotecainds_1_1model_1_1_personale" kind="class"><name>com::mycompany::bibliotecainds::model::Personale</name>
    <member refid="classcom_1_1mycompany_1_1bibliotecainds_1_1model_1_1_personale_1ab12e30d4c6deaba7f9f5448690cf98fc" kind="variable"><name>email</name></member>
    <member refid="classcom_1_1mycompany_1_1bibliotecainds_1_1model_1_1_personale_1ab3681d9536f3eb8b1b3713c023a92b4d" kind="variable"><name>password</name></member>
    <member refid="classcom_1_1mycompany_1_1bibliotecainds_1_1model_1_1_personale_1ab4f783d9aedeef4bf5b9f02494f434b4" kind="function"><name>Personale</name></member>
    <member refid="classcom_1_1mycompany_1_1bibliotecainds_1_1model_1_1_personale_1aa7c7ba37f551509dd7082a9635adead6" kind="function"><name>getEmail</name></member>
    <member refid="classcom_1_1mycompany_1_1bibliotecainds_1_1model_1_1_personale_1acb127af8037c0a69ac061c836448a7b2" kind="function"><name>getPassword</name></member>
    <member refid="classcom_1_1mycompany_1_1bibliotecainds_1_1model_1_1_personale_1a37d11e30a6872aa478686b8f24342901" kind="function"><name>modificaCatalogo</name></member>
    <member refid="classcom_1_1mycompany_1_1bibliotecainds_1_1model_1_1_personale_1a5630efc93f5dde3e06ab5af9f018ef6b" kind="function"><name>gestisciUtenti</name></member>
  </compound>
  <compound refid="classcom_1_1mycompany_1_1bibliotecainds_1_1model_1_1_prestito" kind="class"><name>com::mycompany::bibliotecainds::model::Prestito</name>
    <member refid="classcom_1_1mycompany_1_1bibliotecainds_1_1model_1_1_prestito_1ad16da46d26bbd71e77d2112cc6a9c232" kind="variable"><name>libro</name></member>
    <member refid="classcom_1_1mycompany_1_1bibliotecainds_1_1model_1_1_prestito_1aac54351b4e681108a78a2d9932081bab" kind="variable"><name>dataPrestito</name></member>
    <member refid="classcom_1_1mycompany_1_1bibliotecainds_1_1model_1_1_prestito_1a5b8b4a28c0748c700cc96add99666d5e" kind="variable"><name>dataScadenza</name></member>
    <member refid="classcom_1_1mycompany_1_1bibliotecainds_1_1model_1_1_prestito_1a792078c1890c6492b1d61db8f688b391" kind="variable"><name>utente</name></member>
    <member refid="classcom_1_1mycompany_1_1bibliotecainds_1_1model_1_1_prestito_1a15af9a316b19f17cebbf736a1fed1d10" kind="function"><name>Prestito</name></member>
    <member refid="classcom_1_1mycompany_1_1bibliotecainds_1_1model_1_1_prestito_1a10842162cc219283443f5670c979712f" kind="function"><name>getLibro</name></member>
    <member refid="classcom_1_1mycompany_1_1bibliotecainds_1_1model_1_1_prestito_1a25c2fd38504e1ec885d7fb6303e6ed0e" kind="function"><name>getDataPrestito</name></member>
    <member refid="classcom_1_1mycompany_1_1bibliotecainds_1_1model_1_1_prestito_1a22bd887b4d9101fdf94627bc2e8d740e" kind="function"><name>getUtente</name></member>
    <member refid="classcom_1_1mycompany_1_1bibliotecainds_1_1model_1_1_prestito_1a999196d55409727117987306faa4814e" kind="function"><name>getDataScadenza</name></member>
    <member refid="classcom_1_1mycompany_1_1bibliotecainds_1_1model_1_1_prestito_1a07f4004219667a409904f7d883e04fa6" kind="function"><name>isScaduto</name></member>
  </compound>
  <compound refid="interfacecom_1_1mycompany_1_1bibliotecainds_1_1service_1_1_prestito_service" kind="interface"><name>com::mycompany::bibliotecainds::service::PrestitoService</name>
    <member refid="interfacecom_1_1mycompany_1_1bibliotecainds_1_1service_1_1_prestito_service_1a772cae0e8a2c627cadda93076cc3bfbf" kind="function"><name>registraPrestito</name></member>
    <member refid="interfacecom_1_1mycompany_1_1bibliotecainds_1_1service_1_1_prestito_service_1a29209b7f9ed198ff8904dada023ab6de" kind="function"><name>restituisciPrestito</name></member>
  </compound>
  <compound refid="classcom_1_1mycompany_1_1bibliotecainds_1_1service_1_1_prestito_service_impl" kind="class"><name>com::mycompany::bibliotecainds::service::PrestitoServiceImpl</name>
    <member refid="classcom_1_1mycompany_1_1bibliotecainds_1_1service_1_1_prestito_service_impl_1af18131d6e27c9d919067c9339b5c32da" kind="function"><name>registraPrestito</name></member>
    <member refid="classcom_1_1mycompany_1_1bibliotecainds_1_1service_1_1_prestito_service_impl_1a42c66647d40d6da1c56836aedc3c4175" kind="function"><name>restituisciPrestito</name></member>
  </compound>
  <compound refid="classcom_1_1mycompany_1_1bibliotecainds_1_1controller_1_1_secondary_controller" kind="class"><name>com::mycompany::bibliotecainds::controller::SecondaryController</name>
    <member refid="classcom_1_1mycompany_1_1bibliotecainds_1_1controller_1_1_secondary_controller_1a7afa31fa74adb8e21bdff6c0e7d72aef" kind="function"><name>switchToPrimary</name></member>
  </compound>
  <compound refid="classcom_1_1mycompany_1_1bibliotecainds_1_1model_1_1_utente" kind="class"><name>com::mycompany::bibliotecainds::model::Utente</name>
    <member refid="classcom_1_1mycompany_1_1bibliotecainds_1_1model_1_1_utente_1a6fedeeca56a51a66dce1cdea8542583b" kind="variable"><name>nome</name></member>
    <member refid="classcom_1_1mycompany_1_1bibliotecainds_1_1model_1_1_utente_1a7f2452843f3463ba28d342345b9eed02" kind="variable"><name>cognome</name></member>
    <member refid="classcom_1_1mycompany_1_1bibliotecainds_1_1model_1_1_utente_1a92649a7cac98b9fec4e0df77c7d2b9f3" kind="variable"><name>matricola</name></member>
    <member refid="classcom_1_1mycompany_1_1bibliotecainds_1_1model_1_1_utente_1a461d35c81741e977c24151c3cee3c413" kind="variable"><name>email</name></member>
    <member refid="classcom_1_1mycompany_1_1bibliotecainds_1_1model_1_1_utente_1a5a5d617e7997704b180b0e57229965e1" kind="variable"><name>listaPrestiti</name></member>
    <member refid="classcom_1_1mycompany_1_1bibliotecainds_1_1model_1_1_utente_1a5ebb02ef99e0bd805fa7205818f9f393" kind="function"><name>Utente</name></member>
    <member refid="classcom_1_1mycompany_1_1bibliotecainds_1_1model_1_1_utente_1a627b2f3e3dada16b51c83db50099d316" kind="function"><name>getNome</name></member>
    <member refid="classcom_1_1mycompany_1_1bibliotecainds_1_1model_1_1_utente_1a2f40ae0ec99fab48ad76f74ee8c3a8c5" kind="function"><name>getCognome</name></member>
    <member refid="classcom_1_1mycompany_1_1bibliotecainds_1_1model_1_1_utente_1a0a5e49024018d181d405ef03295fb67d" kind="function"><name>getMatricola</name></member>
    <member refid="classcom_1_1mycompany_1_1bibliotecainds_1_1model_1_1_utente_1a7c7dc35a12f95d71380bdb0db92234d9" kind="function"><name>getEmail</name></member>
    <member refid="classcom_1_1mycompany_1_1bibliotecainds_1_1model_1_1_utente_1a813a19e39fadcf3f713b191002b096a7" kind="function"><name>getListaPrestiti</name></member>
    <member refid="classcom_1_1mycompany_1_1bibliotecainds_1_1model_1_1_utente_1ac19da60ad838339cc489f57ec7e4f7e9" kind="function"><name>concediPrestito</name></member>
    <member refid="classcom_1_1mycompany_1_1bibliotecainds_1_1model_1_1_utente_1aa3810b3a9ed1ad2cc03e560a8649c8d4" kind="function"><name>aggiungiPrestito</name></member>
    <member refid="classcom_1_1mycompany_1_1bibliotecainds_1_1model_1_1_utente_1a9cf7b5122caef8470b89e134f1484cc5" kind="function"><name>rimuoviPrestito</name></member>
  </compound>
  <compound refid="interfacecom_1_1mycompany_1_1bibliotecainds_1_1service_1_1_utente_service" kind="interface"><name>com::mycompany::bibliotecainds::service::UtenteService</name>
    <member refid="interfacecom_1_1mycompany_1_1bibliotecainds_1_1service_1_1_utente_service_1a9cc9e0a5e2dd3bea58d1ef7cea1aa8e6" kind="function"><name>registraUtente</name></member>
    <member refid="interfacecom_1_1mycompany_1_1bibliotecainds_1_1service_1_1_utente_service_1a65c2adf7da22fe352d9368a1d90820c8" kind="function"><name>rimuoviUtente</name></member>
    <member refid="interfacecom_1_1mycompany_1_1bibliotecainds_1_1service_1_1_utente_service_1a2894a3a5a7a34303556087a7d86c4743" kind="function"><name>cercaUtente</name></member>
    <member refid="interfacecom_1_1mycompany_1_1bibliotecainds_1_1service_1_1_utente_service_1a2f3c0f96d8e912d47628e2a9cedb2218" kind="function"><name>getListaUtenti</name></member>
  </compound>
  <compound refid="classcom_1_1mycompany_1_1bibliotecainds_1_1service_1_1_utente_service_impl" kind="class"><name>com::mycompany::bibliotecainds::service::UtenteServiceImpl</name>
    <member refid="classcom_1_1mycompany_1_1bibliotecainds_1_1service_1_1_utente_service_impl_1a2252cf79dbb0aa9ff8d37b578eeb91fb" kind="function"><name>registraUtente</name></member>
    <member refid="classcom_1_1mycompany_1_1bibliotecainds_1_1service_1_1_utente_service_impl_1ac81f4046043078ab53e3a2f8cb3a84a0" kind="function"><name>rimuoviUtente</name></member>
    <member refid="classcom_1_1mycompany_1_1bibliotecainds_1_1service_1_1_utente_service_impl_1a825788d143c90498e15f1c04763d1228" kind="function"><name>cercaUtente</name></member>
    <member refid="classcom_1_1mycompany_1_1bibliotecainds_1_1service_1_1_utente_service_impl_1a447a25343f30efd1872822d58f9aa68e" kind="function"><name>getListaUtenti</name></member>
  </compound>
  <compound refid="namespacecom" kind="namespace"><name>com</name>
  </compound>
  <compound refid="namespacecom_1_1mycompany" kind="namespace"><name>com::mycompany</name>
  </compound>
  <compound refid="namespacecom_1_1mycompany_1_1bibliotecainds" kind="namespace"><name>com::mycompany::bibliotecainds</name>
  </compound>
  <compound refid="namespacecom_1_1mycompany_1_1bibliotecainds_1_1controller" kind="namespace"><name>com::mycompany::bibliotecainds::controller</name>
  </compound>
  <compound refid="namespacecom_1_1mycompany_1_1bibliotecainds_1_1data" kind="namespace"><name>com::mycompany::bibliotecainds::data</name>
  </compound>
  <compound refid="namespacecom_1_1mycompany_1_1bibliotecainds_1_1model" kind="namespace"><name>com::mycompany::bibliotecainds::model</name>
  </compound>
  <compound refid="namespacecom_1_1mycompany_1_1bibliotecainds_1_1service" kind="namespace"><name>com::mycompany::bibliotecainds::service</name>
  </compound>
  <compound refid="namespacejava_1_1io" kind="namespace"><name>java::io</name>
  </compound>
  <compound refid="namespacejava_1_1lang" kind="namespace"><name>java::lang</name>
  </compound>
  <compound refid="namespacejavafx_1_1scene_1_1control" kind="namespace"><name>javafx::scene::control</name>
  </compound>
  <compound refid="_r_e_a_d_m_e_8md" kind="file"><name>README.md</name>
  </compound>
  <compound refid="_app_8java" kind="file"><name>App.java</name>
  </compound>
  <compound refid="_biblioteca_controller_8java" kind="file"><name>BibliotecaController.java</name>
  </compound>
  <compound refid="_login_controller_8java" kind="file"><name>LoginController.java</name>
  </compound>
  <compound refid="_secondary_controller_8java" kind="file"><name>SecondaryController.java</name>
  </compound>
  <compound refid="_archivio_8java" kind="file"><name>Archivio.java</name>
  </compound>
  <compound refid="_libro_8java" kind="file"><name>Libro.java</name>
  </compound>
  <compound refid="_personale_8java" kind="file"><name>Personale.java</name>
  </compound>
  <compound refid="_prestito_8java" kind="file"><name>Prestito.java</name>
  </compound>
  <compound refid="_utente_8java" kind="file"><name>Utente.java</name>
  </compound>
  <compound refid="_catalogo_service_8java" kind="file"><name>CatalogoService.java</name>
  </compound>
  <compound refid="_catalogo_service_impl_8java" kind="file"><name>CatalogoServiceImpl.java</name>
  </compound>
  <compound refid="_prestito_service_8java" kind="file"><name>PrestitoService.java</name>
  </compound>
  <compound refid="_prestito_service_impl_8java" kind="file"><name>PrestitoServiceImpl.java</name>
  </compound>
  <compound refid="_utente_service_8java" kind="file"><name>UtenteService.java</name>
  </compound>
  <compound refid="_utente_service_impl_8java" kind="file"><name>UtenteServiceImpl.java</name>
  </compound>
  <compound refid="module-info_8java" kind="file"><name>module-info.java</name>
  </compound>
  <compound refid="dir_59d285ebc438f285600daa770798819c" kind="dir"><name>C:/Users/elena/Documents/NetBeansProjects/BibliotecaInDS</name>
  </compound>
  <compound refid="dir_bc61504f47b87320119b308ff098d1d3" kind="dir"><name>C:/Users/elena/Documents/NetBeansProjects/BibliotecaInDS/src/main/java/com/mycompany/bibliotecainds</name>
  </compound>
  <compound refid="dir_7b9452bfa1d04c8b68e35db63651c67b" kind="dir"><name>C:/Users/elena/Documents/NetBeansProjects/BibliotecaInDS/src/main/java/com</name>
  </compound>
  <compound refid="dir_c1e9fd52cb99b0d0d24e01efba8f2919" kind="dir"><name>C:/Users/elena/Documents/NetBeansProjects/BibliotecaInDS/src/main/java/com/mycompany/bibliotecainds/controller</name>
  </compound>
  <compound refid="dir_400ae34fe1bfd4ed8caff76997d28104" kind="dir"><name>C:/Users/elena/Documents/NetBeansProjects/BibliotecaInDS/src/main/java/com/mycompany/bibliotecainds/data</name>
  </compound>
  <compound refid="dir_f396504afdc959660871b003fa10164d" kind="dir"><name>C:/Users/elena/Documents</name>
  </compound>
  <compound refid="dir_bd3d41f0d825574fb5d27b2495453f2d" kind="dir"><name>C:/Users/elena/Documents/NetBeansProjects/BibliotecaInDS/src/main/java</name>
  </compound>
  <compound refid="dir_f3b4e990ae3aad5a0ab40fe7c8d29a3e" kind="dir"><name>C:/Users/elena/Documents/NetBeansProjects/BibliotecaInDS/src/main</name>
  </compound>
  <compound refid="dir_2da9207acdf46ab1793e511976ae5593" kind="dir"><name>C:/Users/elena/Documents/NetBeansProjects/BibliotecaInDS/src/main/java/com/mycompany/bibliotecainds/model</name>
  </compound>
  <compound refid="dir_102725a2348e6bd2cf0d4897249d489f" kind="dir"><name>C:/Users/elena/Documents/NetBeansProjects/BibliotecaInDS/src/main/java/com/mycompany</name>
  </compound>
  <compound refid="dir_76498e43d3722c6ebc0e1265f616ab07" kind="dir"><name>C:/Users/elena/Documents/NetBeansProjects</name>
  </compound>
  <compound refid="dir_4df5f4b88c99742d57fe966fc2c45c01" kind="dir"><name>C:/Users/elena/Documents/NetBeansProjects/BibliotecaInDS/requisiti</name>
  </compound>
  <compound refid="dir_76d2104cdbbba1e83ca33e237be8b962" kind="dir"><name>C:/Users/elena/Documents/NetBeansProjects/BibliotecaInDS/src/main/java/com/mycompany/bibliotecainds/service</name>
  </compound>
  <compound refid="dir_658658860447febac7b9366b05d71b47" kind="dir"><name>C:/Users/elena/Documents/NetBeansProjects/BibliotecaInDS/src</name>
  </compound>
</doxygenindex>
