<?xml version='1.0' encoding='UTF-8' standalone='no'?>
<doxygen xmlns:xsi="http://www.w3.org/2001/XMLSchema-instance" xsi:noNamespaceSchemaLocation="compound.xsd" version="1.15.0" xml:lang="en-US">
  <compounddef id="interfacecom_1_1mycompany_1_1bibliotecainds_1_1service_1_1_catalogo_service" kind="interface" language="Java" prot="public">
    <compoundname>com::mycompany::bibliotecainds::service::CatalogoService</compoundname>
    <derivedcompoundref refid="classcom_1_1mycompany_1_1bibliotecainds_1_1service_1_1_catalogo_service_impl" prot="public" virt="non-virtual">com.mycompany.bibliotecainds.service.CatalogoServiceImpl</derivedcompoundref>
    <sectiondef kind="public-func">
      <memberdef kind="function" id="interfacecom_1_1mycompany_1_1bibliotecainds_1_1service_1_1_catalogo_service_1a4d23edc092ddd891b4c0eddc4adeef14" prot="public" static="no" const="no" explicit="no" inline="no" virt="non-virtual">
        <type>void</type>
        <definition>void com.mycompany.bibliotecainds.service.CatalogoService.aggiungiLibro</definition>
        <argsstring>(Libro libro)</argsstring>
        <name>aggiungiLibro</name>
        <qualifiedname>com.mycompany.bibliotecainds.service.CatalogoService.aggiungiLibro</qualifiedname>
        <reimplementedby refid="classcom_1_1mycompany_1_1bibliotecainds_1_1service_1_1_catalogo_service_impl_1ae9f85228131bc9a6e9f570a4f06be2a5">aggiungiLibro</reimplementedby>
        <param>
          <type><ref refid="classcom_1_1mycompany_1_1bibliotecainds_1_1model_1_1_libro" kindref="compound">Libro</ref></type>
          <declname>libro</declname>
        </param>
        <exceptions> throws Exception</exceptions>
        <briefdescription>
<para>Aggiunge un libro al catalogo. </para>
        </briefdescription>
        <detaileddescription>
<para><parameterlist kind="param"><parameteritem>
<parameternamelist>
<parametername>libro</parametername>
</parameternamelist>
<parameterdescription>
<para><ref refid="classcom_1_1mycompany_1_1bibliotecainds_1_1model_1_1_libro" kindref="compound">Libro</ref> da aggiungere </para>
</parameterdescription>
</parameteritem>
</parameterlist>
<parameterlist kind="exception"><parameteritem>
<parameternamelist>
<parametername>Exception</parametername>
</parameternamelist>
<parameterdescription>
<para>Se il libro non può essere aggiunto, ad esempio se è già presente nel catalogo oppure si verifica un errore di salvataggio </para>
</parameterdescription>
</parameteritem>
</parameterlist>
</para>
        </detaileddescription>
        <inbodydescription>
        </inbodydescription>
        <location file="C:/Users/elena/Documents/NetBeansProjects/BibliotecaInDS/src/main/java/com/mycompany/bibliotecainds/service/CatalogoService.java" line="34" column="17"/>
      </memberdef>
      <memberdef kind="function" id="interfacecom_1_1mycompany_1_1bibliotecainds_1_1service_1_1_catalogo_service_1ab33a1f5f790bddd6d38bab68f8dad1f3" prot="public" static="no" const="no" explicit="no" inline="no" virt="non-virtual">
        <type>void</type>
        <definition>void com.mycompany.bibliotecainds.service.CatalogoService.rimuoviLibro</definition>
        <argsstring>(Libro libro)</argsstring>
        <name>rimuoviLibro</name>
        <qualifiedname>com.mycompany.bibliotecainds.service.CatalogoService.rimuoviLibro</qualifiedname>
        <reimplementedby refid="classcom_1_1mycompany_1_1bibliotecainds_1_1service_1_1_catalogo_service_impl_1a9919de4c9c6b6f856bf3eee055dd3260">rimuoviLibro</reimplementedby>
        <param>
          <type><ref refid="classcom_1_1mycompany_1_1bibliotecainds_1_1model_1_1_libro" kindref="compound">Libro</ref></type>
          <declname>libro</declname>
        </param>
        <exceptions> throws Exception</exceptions>
        <briefdescription>
<para>Rimuove un libro dal catalogo. </para>
        </briefdescription>
        <detaileddescription>
<para><parameterlist kind="param"><parameteritem>
<parameternamelist>
<parametername>libro</parametername>
</parameternamelist>
<parameterdescription>
<para><ref refid="classcom_1_1mycompany_1_1bibliotecainds_1_1model_1_1_libro" kindref="compound">Libro</ref> da rimuovere </para>
</parameterdescription>
</parameteritem>
</parameterlist>
<parameterlist kind="exception"><parameteritem>
<parameternamelist>
<parametername>Exception</parametername>
</parameternamelist>
<parameterdescription>
<para>Se il libro non può essere rimosso, ad esempio se non c&apos;è nel catalogo </para>
</parameterdescription>
</parameteritem>
</parameterlist>
</para>
        </detaileddescription>
        <inbodydescription>
        </inbodydescription>
        <location file="C:/Users/elena/Documents/NetBeansProjects/BibliotecaInDS/src/main/java/com/mycompany/bibliotecainds/service/CatalogoService.java" line="41" column="17"/>
      </memberdef>
      <memberdef kind="function" id="interfacecom_1_1mycompany_1_1bibliotecainds_1_1service_1_1_catalogo_service_1a17f4e07247be8d9df568b0deb2d0e764" prot="public" static="no" const="no" explicit="no" inline="no" virt="non-virtual">
        <type>List&lt; <ref refid="classcom_1_1mycompany_1_1bibliotecainds_1_1model_1_1_libro" kindref="compound">Libro</ref> &gt;</type>
        <definition>List&lt; Libro &gt; com.mycompany.bibliotecainds.service.CatalogoService.cercaLibri</definition>
        <argsstring>(String l)</argsstring>
        <name>cercaLibri</name>
        <qualifiedname>com.mycompany.bibliotecainds.service.CatalogoService.cercaLibri</qualifiedname>
        <reimplementedby refid="classcom_1_1mycompany_1_1bibliotecainds_1_1service_1_1_catalogo_service_impl_1ae0111f9592b3108effc1a7b86e57d8fc">cercaLibri</reimplementedby>
        <param>
          <type>String</type>
          <declname>l</declname>
        </param>
        <briefdescription>
<para>Cerca un libro nel catalogo in base ad una stringa. </para>
        </briefdescription>
        <detaileddescription>
<para>Esegue la ricerca del libro in base al nome dell&apos;autore, al titolo o ad esempio tramite il codice ISBN <parameterlist kind="param"><parameteritem>
<parameternamelist>
<parametername>l</parametername>
</parameternamelist>
<parameterdescription>
<para>La stringa di ricerca </para>
</parameterdescription>
</parameteritem>
</parameterlist>
<simplesect kind="return"><para>Una lista di libri corrispondenti ai criteri di ricerca </para>
</simplesect>
</para>
        </detaileddescription>
        <inbodydescription>
        </inbodydescription>
        <location file="C:/Users/elena/Documents/NetBeansProjects/BibliotecaInDS/src/main/java/com/mycompany/bibliotecainds/service/CatalogoService.java" line="51" column="17"/>
      </memberdef>
      <memberdef kind="function" id="interfacecom_1_1mycompany_1_1bibliotecainds_1_1service_1_1_catalogo_service_1a283c66edcb13116c4e21c76d2f1ace96" prot="public" static="no" const="no" explicit="no" inline="no" virt="non-virtual">
        <type>List&lt; <ref refid="classcom_1_1mycompany_1_1bibliotecainds_1_1model_1_1_libro" kindref="compound">Libro</ref> &gt;</type>
        <definition>List&lt; Libro &gt; com.mycompany.bibliotecainds.service.CatalogoService.getCatalogo</definition>
        <argsstring>()</argsstring>
        <name>getCatalogo</name>
        <qualifiedname>com.mycompany.bibliotecainds.service.CatalogoService.getCatalogo</qualifiedname>
        <reimplementedby refid="classcom_1_1mycompany_1_1bibliotecainds_1_1service_1_1_catalogo_service_impl_1a88da4d247e88a5166dcf016a3a1e1376">getCatalogo</reimplementedby>
        <briefdescription>
<para>Restituisce l&apos;intero catalogo di libri. </para>
        </briefdescription>
        <detaileddescription>
<para><simplesect kind="return"><para>Una lista contenente tutti i libri nel catalogo </para>
</simplesect>
</para>
        </detaileddescription>
        <inbodydescription>
        </inbodydescription>
        <location file="C:/Users/elena/Documents/NetBeansProjects/BibliotecaInDS/src/main/java/com/mycompany/bibliotecainds/service/CatalogoService.java" line="57" column="17"/>
      </memberdef>
    </sectiondef>
    <briefdescription>
<para>Servizio per la gestione del catalogo Questa interfaccia fornisce i metodi per aggiungere, rimuovere e cercare libri nel catalogo della biblioteca. </para>
    </briefdescription>
    <detaileddescription>
    </detaileddescription>
    <inheritancegraph>
      <node id="1">
        <label>com.mycompany.bibliotecainds.service.CatalogoService</label>
        <link refid="interfacecom_1_1mycompany_1_1bibliotecainds_1_1service_1_1_catalogo_service"/>
      </node>
      <node id="2">
        <label>com.mycompany.bibliotecainds.service.CatalogoServiceImpl</label>
        <link refid="classcom_1_1mycompany_1_1bibliotecainds_1_1service_1_1_catalogo_service_impl"/>
        <childnode refid="1" relation="public-inheritance">
        </childnode>
      </node>
    </inheritancegraph>
    <location file="C:/Users/elena/Documents/NetBeansProjects/BibliotecaInDS/src/main/java/com/mycompany/bibliotecainds/service/CatalogoService.java" line="26" column="18" bodyfile="C:/Users/elena/Documents/NetBeansProjects/BibliotecaInDS/src/main/java/com/mycompany/bibliotecainds/service/CatalogoService.java" bodystart="26" bodyend="59"/>
    <listofallmembers>
      <member refid="interfacecom_1_1mycompany_1_1bibliotecainds_1_1service_1_1_catalogo_service_1a4d23edc092ddd891b4c0eddc4adeef14" prot="public" virt="non-virtual"><scope>com::mycompany::bibliotecainds::service::CatalogoService</scope><name>aggiungiLibro</name></member>
      <member refid="interfacecom_1_1mycompany_1_1bibliotecainds_1_1service_1_1_catalogo_service_1a17f4e07247be8d9df568b0deb2d0e764" prot="public" virt="non-virtual"><scope>com::mycompany::bibliotecainds::service::CatalogoService</scope><name>cercaLibri</name></member>
      <member refid="interfacecom_1_1mycompany_1_1bibliotecainds_1_1service_1_1_catalogo_service_1a283c66edcb13116c4e21c76d2f1ace96" prot="public" virt="non-virtual"><scope>com::mycompany::bibliotecainds::service::CatalogoService</scope><name>getCatalogo</name></member>
      <member refid="interfacecom_1_1mycompany_1_1bibliotecainds_1_1service_1_1_catalogo_service_1ab33a1f5f790bddd6d38bab68f8dad1f3" prot="public" virt="non-virtual"><scope>com::mycompany::bibliotecainds::service::CatalogoService</scope><name>rimuoviLibro</name></member>
    </listofallmembers>
  </compounddef>
</doxygen>
