<?xml version='1.0' encoding='UTF-8' standalone='no'?>
<doxygen xmlns:xsi="http://www.w3.org/2001/XMLSchema-instance" xsi:noNamespaceSchemaLocation="compound.xsd" version="1.15.0" xml:lang="en-US">
  <compounddef id="interfacecom_1_1mycompany_1_1bibliotecainds_1_1service_1_1_prestito_service" kind="interface" language="Java" prot="public">
    <compoundname>com::mycompany::bibliotecainds::service::PrestitoService</compoundname>
    <derivedcompoundref refid="classcom_1_1mycompany_1_1bibliotecainds_1_1service_1_1_prestito_service_impl" prot="public" virt="non-virtual">com.mycompany.bibliotecainds.service.PrestitoServiceImpl</derivedcompoundref>
    <sectiondef kind="public-func">
      <memberdef kind="function" id="interfacecom_1_1mycompany_1_1bibliotecainds_1_1service_1_1_prestito_service_1a772cae0e8a2c627cadda93076cc3bfbf" prot="public" static="no" const="no" explicit="no" inline="no" virt="non-virtual">
        <type>boolean</type>
        <definition>boolean com.mycompany.bibliotecainds.service.PrestitoService.registraPrestito</definition>
        <argsstring>(Utente utente, Libro libro)</argsstring>
        <name>registraPrestito</name>
        <qualifiedname>com.mycompany.bibliotecainds.service.PrestitoService.registraPrestito</qualifiedname>
        <reimplementedby refid="classcom_1_1mycompany_1_1bibliotecainds_1_1service_1_1_prestito_service_impl_1af18131d6e27c9d919067c9339b5c32da">registraPrestito</reimplementedby>
        <param>
          <type><ref refid="classcom_1_1mycompany_1_1bibliotecainds_1_1model_1_1_utente" kindref="compound">Utente</ref></type>
          <declname>utente</declname>
        </param>
        <param>
          <type><ref refid="classcom_1_1mycompany_1_1bibliotecainds_1_1model_1_1_libro" kindref="compound">Libro</ref></type>
          <declname>libro</declname>
        </param>
        <exceptions> throws Exception</exceptions>
        <briefdescription>
<para>Registra un nuovo prestito. </para>
        </briefdescription>
        <detaileddescription>
<para><parameterlist kind="param"><parameteritem>
<parameternamelist>
<parametername>utente</parametername>
</parameternamelist>
<parameterdescription>
<para><ref refid="classcom_1_1mycompany_1_1bibliotecainds_1_1model_1_1_utente" kindref="compound">Utente</ref> a cui viene effettuato il prestito </para>
</parameterdescription>
</parameteritem>
<parameteritem>
<parameternamelist>
<parametername>libro</parametername>
</parameternamelist>
<parameterdescription>
<para><ref refid="classcom_1_1mycompany_1_1bibliotecainds_1_1model_1_1_libro" kindref="compound">Libro</ref> dato in prestito </para>
</parameterdescription>
</parameteritem>
</parameterlist>
<simplesect kind="return"><para>true se il prestito è stato registrato correttamente, altrimenti false </para>
</simplesect>
<parameterlist kind="exception"><parameteritem>
<parameternamelist>
<parametername>Exception</parametername>
</parameternamelist>
<parameterdescription>
<para>Se il prestito non può essere effettuato (libro già prestato, numero di prestiti massimo raggiunto) </para>
</parameterdescription>
</parameteritem>
</parameterlist>
</para>
        </detaileddescription>
        <inbodydescription>
        </inbodydescription>
        <location file="C:/Users/elena/Documents/NetBeansProjects/BibliotecaInDS/src/main/java/com/mycompany/bibliotecainds/service/PrestitoService.java" line="39" column="20"/>
      </memberdef>
      <memberdef kind="function" id="interfacecom_1_1mycompany_1_1bibliotecainds_1_1service_1_1_prestito_service_1a29209b7f9ed198ff8904dada023ab6de" prot="public" static="no" const="no" explicit="no" inline="no" virt="non-virtual">
        <type>void</type>
        <definition>void com.mycompany.bibliotecainds.service.PrestitoService.restituisciPrestito</definition>
        <argsstring>(Prestito prestito)</argsstring>
        <name>restituisciPrestito</name>
        <qualifiedname>com.mycompany.bibliotecainds.service.PrestitoService.restituisciPrestito</qualifiedname>
        <reimplementedby refid="classcom_1_1mycompany_1_1bibliotecainds_1_1service_1_1_prestito_service_impl_1a42c66647d40d6da1c56836aedc3c4175">restituisciPrestito</reimplementedby>
        <param>
          <type><ref refid="classcom_1_1mycompany_1_1bibliotecainds_1_1model_1_1_prestito" kindref="compound">Prestito</ref></type>
          <declname>prestito</declname>
        </param>
        <briefdescription>
<para>Registra la restituzione di un prestito. </para>
        </briefdescription>
        <detaileddescription>
<para>Questo metodo aggiorna lo stato del libro indicando se è stato restituito <parameterlist kind="param"><parameteritem>
<parameternamelist>
<parametername>prestito</parametername>
</parameternamelist>
<parameterdescription>
<para><ref refid="classcom_1_1mycompany_1_1bibliotecainds_1_1model_1_1_prestito" kindref="compound">Prestito</ref> da restituire </para>
</parameterdescription>
</parameteritem>
</parameterlist>
</para>
        </detaileddescription>
        <inbodydescription>
        </inbodydescription>
        <location file="C:/Users/elena/Documents/NetBeansProjects/BibliotecaInDS/src/main/java/com/mycompany/bibliotecainds/service/PrestitoService.java" line="48" column="17"/>
      </memberdef>
    </sectiondef>
    <briefdescription>
<para>Servizio per la gestione dei prestiti. </para>
    </briefdescription>
    <detaileddescription>
<para>Fornisce i metodi necessari per il prestito e la restituzione dei libri </para>
    </detaileddescription>
    <inheritancegraph>
      <node id="1">
        <label>com.mycompany.bibliotecainds.service.PrestitoService</label>
        <link refid="interfacecom_1_1mycompany_1_1bibliotecainds_1_1service_1_1_prestito_service"/>
      </node>
      <node id="2">
        <label>com.mycompany.bibliotecainds.service.PrestitoServiceImpl</label>
        <link refid="classcom_1_1mycompany_1_1bibliotecainds_1_1service_1_1_prestito_service_impl"/>
        <childnode refid="1" relation="public-inheritance">
        </childnode>
      </node>
    </inheritancegraph>
    <location file="C:/Users/elena/Documents/NetBeansProjects/BibliotecaInDS/src/main/java/com/mycompany/bibliotecainds/service/PrestitoService.java" line="28" column="18" bodyfile="C:/Users/elena/Documents/NetBeansProjects/BibliotecaInDS/src/main/java/com/mycompany/bibliotecainds/service/PrestitoService.java" bodystart="28" bodyend="49"/>
    <listofallmembers>
      <member refid="interfacecom_1_1mycompany_1_1bibliotecainds_1_1service_1_1_prestito_service_1a772cae0e8a2c627cadda93076cc3bfbf" prot="public" virt="non-virtual"><scope>com::mycompany::bibliotecainds::service::PrestitoService</scope><name>registraPrestito</name></member>
      <member refid="interfacecom_1_1mycompany_1_1bibliotecainds_1_1service_1_1_prestito_service_1a29209b7f9ed198ff8904dada023ab6de" prot="public" virt="non-virtual"><scope>com::mycompany::bibliotecainds::service::PrestitoService</scope><name>restituisciPrestito</name></member>
    </listofallmembers>
  </compounddef>
</doxygen>
