<?xml version='1.0' encoding='UTF-8' standalone='no'?>
<doxygen xmlns:xsi="http://www.w3.org/2001/XMLSchema-instance" xsi:noNamespaceSchemaLocation="compound.xsd" version="1.15.0" xml:lang="en-US">
  <compounddef id="interfacecom_1_1mycompany_1_1bibliotecainds_1_1service_1_1_utente_service" kind="interface" language="Java" prot="public">
    <compoundname>com::mycompany::bibliotecainds::service::UtenteService</compoundname>
    <derivedcompoundref refid="classcom_1_1mycompany_1_1bibliotecainds_1_1service_1_1_utente_service_impl" prot="public" virt="non-virtual">com.mycompany.bibliotecainds.service.UtenteServiceImpl</derivedcompoundref>
    <sectiondef kind="public-func">
      <memberdef kind="function" id="interfacecom_1_1mycompany_1_1bibliotecainds_1_1service_1_1_utente_service_1a9cc9e0a5e2dd3bea58d1ef7cea1aa8e6" prot="public" static="no" const="no" explicit="no" inline="no" virt="non-virtual">
        <type>void</type>
        <definition>void com.mycompany.bibliotecainds.service.UtenteService.registraUtente</definition>
        <argsstring>(Utente u)</argsstring>
        <name>registraUtente</name>
        <qualifiedname>com.mycompany.bibliotecainds.service.UtenteService.registraUtente</qualifiedname>
        <reimplementedby refid="classcom_1_1mycompany_1_1bibliotecainds_1_1service_1_1_utente_service_impl_1a2252cf79dbb0aa9ff8d37b578eeb91fb">registraUtente</reimplementedby>
        <param>
          <type><ref refid="classcom_1_1mycompany_1_1bibliotecainds_1_1model_1_1_utente" kindref="compound">Utente</ref></type>
          <declname>u</declname>
        </param>
        <exceptions> throws Exception</exceptions>
        <briefdescription>
<para>Registra un nuovo utente nel sistema. </para>
        </briefdescription>
        <detaileddescription>
<para><parameterlist kind="param"><parameteritem>
<parameternamelist>
<parametername>u</parametername>
</parameternamelist>
<parameterdescription>
<para><ref refid="classcom_1_1mycompany_1_1bibliotecainds_1_1model_1_1_utente" kindref="compound">Utente</ref> da aggiungere. </para>
</parameterdescription>
</parameteritem>
</parameterlist>
<parameterlist kind="exception"><parameteritem>
<parameternamelist>
<parametername>Exception</parametername>
</parameternamelist>
<parameterdescription>
<para>Se l’utente è già presente o i dati non risultano validi. </para>
</parameterdescription>
</parameteritem>
</parameterlist>
</para>
        </detaileddescription>
        <inbodydescription>
        </inbodydescription>
        <location file="C:/Users/elena/Documents/NetBeansProjects/BibliotecaInDS/src/main/java/com/mycompany/bibliotecainds/service/UtenteService.java" line="37" column="17"/>
      </memberdef>
      <memberdef kind="function" id="interfacecom_1_1mycompany_1_1bibliotecainds_1_1service_1_1_utente_service_1a65c2adf7da22fe352d9368a1d90820c8" prot="public" static="no" const="no" explicit="no" inline="no" virt="non-virtual">
        <type>void</type>
        <definition>void com.mycompany.bibliotecainds.service.UtenteService.rimuoviUtente</definition>
        <argsstring>(Utente u)</argsstring>
        <name>rimuoviUtente</name>
        <qualifiedname>com.mycompany.bibliotecainds.service.UtenteService.rimuoviUtente</qualifiedname>
        <reimplementedby refid="classcom_1_1mycompany_1_1bibliotecainds_1_1service_1_1_utente_service_impl_1ac81f4046043078ab53e3a2f8cb3a84a0">rimuoviUtente</reimplementedby>
        <param>
          <type><ref refid="classcom_1_1mycompany_1_1bibliotecainds_1_1model_1_1_utente" kindref="compound">Utente</ref></type>
          <declname>u</declname>
        </param>
        <exceptions> throws Exception</exceptions>
        <briefdescription>
<para>Rimuove un utente registrato. </para>
        </briefdescription>
        <detaileddescription>
<para><parameterlist kind="param"><parameteritem>
<parameternamelist>
<parametername>u</parametername>
</parameternamelist>
<parameterdescription>
<para><ref refid="classcom_1_1mycompany_1_1bibliotecainds_1_1model_1_1_utente" kindref="compound">Utente</ref> da eliminare. </para>
</parameterdescription>
</parameteritem>
</parameterlist>
<parameterlist kind="exception"><parameteritem>
<parameternamelist>
<parametername>Exception</parametername>
</parameternamelist>
<parameterdescription>
<para>Se l’utente non è presente o non può essere rimosso. </para>
</parameterdescription>
</parameteritem>
</parameterlist>
</para>
        </detaileddescription>
        <inbodydescription>
        </inbodydescription>
        <location file="C:/Users/elena/Documents/NetBeansProjects/BibliotecaInDS/src/main/java/com/mycompany/bibliotecainds/service/UtenteService.java" line="44" column="17"/>
      </memberdef>
      <memberdef kind="function" id="interfacecom_1_1mycompany_1_1bibliotecainds_1_1service_1_1_utente_service_1a2894a3a5a7a34303556087a7d86c4743" prot="public" static="no" const="no" explicit="no" inline="no" virt="non-virtual">
        <type>List&lt; <ref refid="classcom_1_1mycompany_1_1bibliotecainds_1_1model_1_1_utente" kindref="compound">Utente</ref> &gt;</type>
        <definition>List&lt; Utente &gt; com.mycompany.bibliotecainds.service.UtenteService.cercaUtente</definition>
        <argsstring>(String q)</argsstring>
        <name>cercaUtente</name>
        <qualifiedname>com.mycompany.bibliotecainds.service.UtenteService.cercaUtente</qualifiedname>
        <reimplementedby refid="classcom_1_1mycompany_1_1bibliotecainds_1_1service_1_1_utente_service_impl_1a825788d143c90498e15f1c04763d1228">cercaUtente</reimplementedby>
        <param>
          <type>String</type>
          <declname>q</declname>
        </param>
        <briefdescription>
<para>Cerca utenti tramite parola chiave. </para>
        </briefdescription>
        <detaileddescription>
<para>Può essere utilizzata per ricerca tramite nome, cognome o altri attributi implementati nella logica di ricerca.</para>
<para><parameterlist kind="param"><parameteritem>
<parameternamelist>
<parametername>q</parametername>
</parameternamelist>
<parameterdescription>
<para>Query o stringa da confrontare. </para>
</parameterdescription>
</parameteritem>
</parameterlist>
<simplesect kind="return"><para>Lista di utenti corrispondenti al criterio fornito. </para>
</simplesect>
</para>
        </detaileddescription>
        <inbodydescription>
        </inbodydescription>
        <location file="C:/Users/elena/Documents/NetBeansProjects/BibliotecaInDS/src/main/java/com/mycompany/bibliotecainds/service/UtenteService.java" line="54" column="17"/>
      </memberdef>
      <memberdef kind="function" id="interfacecom_1_1mycompany_1_1bibliotecainds_1_1service_1_1_utente_service_1a2f3c0f96d8e912d47628e2a9cedb2218" prot="public" static="no" const="no" explicit="no" inline="no" virt="non-virtual">
        <type>List&lt; <ref refid="classcom_1_1mycompany_1_1bibliotecainds_1_1model_1_1_utente" kindref="compound">Utente</ref> &gt;</type>
        <definition>List&lt; Utente &gt; com.mycompany.bibliotecainds.service.UtenteService.getListaUtenti</definition>
        <argsstring>()</argsstring>
        <name>getListaUtenti</name>
        <qualifiedname>com.mycompany.bibliotecainds.service.UtenteService.getListaUtenti</qualifiedname>
        <reimplementedby refid="classcom_1_1mycompany_1_1bibliotecainds_1_1service_1_1_utente_service_impl_1a447a25343f30efd1872822d58f9aa68e">getListaUtenti</reimplementedby>
        <briefdescription>
<para>Restituisce la lista di tutti gli utenti registrati. </para>
        </briefdescription>
        <detaileddescription>
<para><simplesect kind="return"><para>Lista completa degli utenti presenti nel sistema. </para>
</simplesect>
</para>
        </detaileddescription>
        <inbodydescription>
        </inbodydescription>
        <location file="C:/Users/elena/Documents/NetBeansProjects/BibliotecaInDS/src/main/java/com/mycompany/bibliotecainds/service/UtenteService.java" line="60" column="17"/>
      </memberdef>
    </sectiondef>
    <briefdescription>
<para>Definisce le operazioni base per la gestione degli utenti. </para>
    </briefdescription>
    <detaileddescription>
<para>Le classi che implementano questa interfaccia si occuperanno delle operazioni di persistenza, controllo e manipolazione dei dati utente </para>
    </detaileddescription>
    <inheritancegraph>
      <node id="1">
        <label>com.mycompany.bibliotecainds.service.UtenteService</label>
        <link refid="interfacecom_1_1mycompany_1_1bibliotecainds_1_1service_1_1_utente_service"/>
      </node>
      <node id="2">
        <label>com.mycompany.bibliotecainds.service.UtenteServiceImpl</label>
        <link refid="classcom_1_1mycompany_1_1bibliotecainds_1_1service_1_1_utente_service_impl"/>
        <childnode refid="1" relation="public-inheritance">
        </childnode>
      </node>
    </inheritancegraph>
    <location file="C:/Users/elena/Documents/NetBeansProjects/BibliotecaInDS/src/main/java/com/mycompany/bibliotecainds/service/UtenteService.java" line="30" column="18" bodyfile="C:/Users/elena/Documents/NetBeansProjects/BibliotecaInDS/src/main/java/com/mycompany/bibliotecainds/service/UtenteService.java" bodystart="30" bodyend="61"/>
    <listofallmembers>
      <member refid="interfacecom_1_1mycompany_1_1bibliotecainds_1_1service_1_1_utente_service_1a2894a3a5a7a34303556087a7d86c4743" prot="public" virt="non-virtual"><scope>com::mycompany::bibliotecainds::service::UtenteService</scope><name>cercaUtente</name></member>
      <member refid="interfacecom_1_1mycompany_1_1bibliotecainds_1_1service_1_1_utente_service_1a2f3c0f96d8e912d47628e2a9cedb2218" prot="public" virt="non-virtual"><scope>com::mycompany::bibliotecainds::service::UtenteService</scope><name>getListaUtenti</name></member>
      <member refid="interfacecom_1_1mycompany_1_1bibliotecainds_1_1service_1_1_utente_service_1a9cc9e0a5e2dd3bea58d1ef7cea1aa8e6" prot="public" virt="non-virtual"><scope>com::mycompany::bibliotecainds::service::UtenteService</scope><name>registraUtente</name></member>
      <member refid="interfacecom_1_1mycompany_1_1bibliotecainds_1_1service_1_1_utente_service_1a65c2adf7da22fe352d9368a1d90820c8" prot="public" virt="non-virtual"><scope>com::mycompany::bibliotecainds::service::UtenteService</scope><name>rimuoviUtente</name></member>
    </listofallmembers>
  </compounddef>
</doxygen>
