<?xml version='1.0' encoding='UTF-8' standalone='no'?>
<doxygen xmlns:xsi="http://www.w3.org/2001/XMLSchema-instance" xsi:noNamespaceSchemaLocation="compound.xsd" version="1.15.0" xml:lang="en-US">
  <compounddef id="module-info_8java" kind="file" language="Java">
    <compoundname>module-info.java</compoundname>
    <briefdescription>
    </briefdescription>
    <detaileddescription>
    </detaileddescription>
    <programlisting>
<codeline lineno="1"><highlight class="comment">/*<sp/>doesn&apos;t<sp/>work<sp/>with<sp/>source<sp/>level<sp/>1.8:</highlight></codeline>
<codeline lineno="2"><highlight class="comment">module<sp/>com.mycompany.bibliotecainds<sp/>{</highlight></codeline>
<codeline lineno="3"><highlight class="comment"><sp/><sp/><sp/><sp/>requires<sp/>javafx.controls;</highlight></codeline>
<codeline lineno="4"><highlight class="comment"><sp/><sp/><sp/><sp/>requires<sp/>javafx.fxml;</highlight></codeline>
<codeline lineno="5"><highlight class="comment"></highlight></codeline>
<codeline lineno="6"><highlight class="comment"><sp/><sp/><sp/><sp/>opens<sp/>com.mycompany.bibliotecainds<sp/>to<sp/>javafx.fxml;</highlight></codeline>
<codeline lineno="7"><highlight class="comment"><sp/><sp/><sp/><sp/>exports<sp/>com.mycompany.bibliotecainds;</highlight></codeline>
<codeline lineno="8"><highlight class="comment">}</highlight></codeline>
<codeline lineno="9"><highlight class="comment">*/</highlight><highlight class="normal"></highlight></codeline>
    </programlisting>
    <location file="C:/Users/elena/Documents/NetBeansProjects/BibliotecaInDS/src/main/java/module-info.java"/>
  </compounddef>
</doxygen>
