<?xml version='1.0' encoding='UTF-8' standalone='no'?>
<doxygen xmlns:xsi="http://www.w3.org/2001/XMLSchema-instance" xsi:noNamespaceSchemaLocation="compound.xsd" version="1.15.0" xml:lang="en-US">
  <compounddef id="namespacecom_1_1mycompany_1_1bibliotecainds_1_1data" kind="namespace" language="Java">
    <compoundname>com::mycompany::bibliotecainds::data</compoundname>
    <innerclass refid="classcom_1_1mycompany_1_1bibliotecainds_1_1data_1_1_archivio" prot="public">com::mycompany::bibliotecainds::data::Archivio</innerclass>
    <briefdescription>
    </briefdescription>
    <detaileddescription>
    </detaileddescription>
    <location file="C:/Users/elena/Documents/NetBeansProjects/BibliotecaInDS/src/main/java/com/mycompany/bibliotecainds/data/Archivio.java" line="13" column="15"/>
  </compounddef>
</doxygen>
