<?xml version='1.0' encoding='UTF-8' standalone='no'?>
<doxygen xmlns:xsi="http://www.w3.org/2001/XMLSchema-instance" xsi:noNamespaceSchemaLocation="compound.xsd" version="1.15.0" xml:lang="en-US">
  <compounddef id="namespacecom_1_1mycompany_1_1bibliotecainds_1_1controller" kind="namespace" language="Java">
    <compoundname>com::mycompany::bibliotecainds::controller</compoundname>
    <innerclass refid="classcom_1_1mycompany_1_1bibliotecainds_1_1controller_1_1_biblioteca_controller" prot="public">com::mycompany::bibliotecainds::controller::BibliotecaController</innerclass>
    <innerclass refid="classcom_1_1mycompany_1_1bibliotecainds_1_1controller_1_1_login_controller" prot="public">com::mycompany::bibliotecainds::controller::LoginController</innerclass>
    <innerclass refid="classcom_1_1mycompany_1_1bibliotecainds_1_1controller_1_1_secondary_controller" prot="public">com::mycompany::bibliotecainds::controller::SecondaryController</innerclass>
    <briefdescription>
    </briefdescription>
    <detaileddescription>
    </detaileddescription>
    <location file="C:/Users/elena/Documents/NetBeansProjects/BibliotecaInDS/src/main/java/com/mycompany/bibliotecainds/controller/BibliotecaController.java" line="19" column="15"/>
  </compounddef>
</doxygen>
