<?xml version='1.0' encoding='UTF-8' standalone='no'?>
<doxygen xmlns:xsi="http://www.w3.org/2001/XMLSchema-instance" xsi:noNamespaceSchemaLocation="compound.xsd" version="1.15.0" xml:lang="en-US">
  <compounddef id="namespacecom_1_1mycompany_1_1bibliotecainds" kind="namespace" language="Java">
    <compoundname>com::mycompany::bibliotecainds</compoundname>
    <innerclass refid="classcom_1_1mycompany_1_1bibliotecainds_1_1_app" prot="public">com::mycompany::bibliotecainds::App</innerclass>
    <innernamespace refid="namespacecom_1_1mycompany_1_1bibliotecainds_1_1controller">com::mycompany::bibliotecainds::controller</innernamespace>
    <innernamespace refid="namespacecom_1_1mycompany_1_1bibliotecainds_1_1data">com::mycompany::bibliotecainds::data</innernamespace>
    <innernamespace refid="namespacecom_1_1mycompany_1_1bibliotecainds_1_1model">com::mycompany::bibliotecainds::model</innernamespace>
    <innernamespace refid="namespacecom_1_1mycompany_1_1bibliotecainds_1_1service">com::mycompany::bibliotecainds::service</innernamespace>
    <briefdescription>
    </briefdescription>
    <detaileddescription>
    </detaileddescription>
    <location file="C:/Users/elena/Documents/NetBeansProjects/BibliotecaInDS/src/main/java/com/mycompany/bibliotecainds/App.java" line="8" column="15"/>
  </compounddef>
</doxygen>
