<?xml version='1.0' encoding='UTF-8' standalone='no'?>
<doxygen xmlns:xsi="http://www.w3.org/2001/XMLSchema-instance" xsi:noNamespaceSchemaLocation="compound.xsd" version="1.15.0" xml:lang="en-US">
  <compounddef id="namespacecom_1_1mycompany_1_1bibliotecainds_1_1model" kind="namespace" language="Java">
    <compoundname>com::mycompany::bibliotecainds::model</compoundname>
    <innerclass refid="classcom_1_1mycompany_1_1bibliotecainds_1_1model_1_1_libro" prot="public">com::mycompany::bibliotecainds::model::Libro</innerclass>
    <innerclass refid="classcom_1_1mycompany_1_1bibliotecainds_1_1model_1_1_personale" prot="public">com::mycompany::bibliotecainds::model::Personale</innerclass>
    <innerclass refid="classcom_1_1mycompany_1_1bibliotecainds_1_1model_1_1_prestito" prot="public">com::mycompany::bibliotecainds::model::Prestito</innerclass>
    <innerclass refid="classcom_1_1mycompany_1_1bibliotecainds_1_1model_1_1_utente" prot="public">com::mycompany::bibliotecainds::model::Utente</innerclass>
    <briefdescription>
    </briefdescription>
    <detaileddescription>
    </detaileddescription>
    <location file="C:/Users/elena/Documents/NetBeansProjects/BibliotecaInDS/src/main/java/com/mycompany/bibliotecainds/model/Libro.java" line="11" column="15"/>
  </compounddef>
</doxygen>
