<?xml version='1.0' encoding='UTF-8' standalone='no'?>
<doxygen xmlns:xsi="http://www.w3.org/2001/XMLSchema-instance" xsi:noNamespaceSchemaLocation="compound.xsd" version="1.15.0" xml:lang="en-US">
  <compounddef id="namespacecom_1_1mycompany_1_1bibliotecainds_1_1service" kind="namespace" language="Java">
    <compoundname>com::mycompany::bibliotecainds::service</compoundname>
    <innerclass refid="interfacecom_1_1mycompany_1_1bibliotecainds_1_1service_1_1_catalogo_service" prot="public">com::mycompany::bibliotecainds::service::CatalogoService</innerclass>
    <innerclass refid="classcom_1_1mycompany_1_1bibliotecainds_1_1service_1_1_catalogo_service_impl" prot="public">com::mycompany::bibliotecainds::service::CatalogoServiceImpl</innerclass>
    <innerclass refid="interfacecom_1_1mycompany_1_1bibliotecainds_1_1service_1_1_prestito_service" prot="public">com::mycompany::bibliotecainds::service::PrestitoService</innerclass>
    <innerclass refid="classcom_1_1mycompany_1_1bibliotecainds_1_1service_1_1_prestito_service_impl" prot="public">com::mycompany::bibliotecainds::service::PrestitoServiceImpl</innerclass>
    <innerclass refid="interfacecom_1_1mycompany_1_1bibliotecainds_1_1service_1_1_utente_service" prot="public">com::mycompany::bibliotecainds::service::UtenteService</innerclass>
    <innerclass refid="classcom_1_1mycompany_1_1bibliotecainds_1_1service_1_1_utente_service_impl" prot="public">com::mycompany::bibliotecainds::service::UtenteServiceImpl</innerclass>
    <briefdescription>
    </briefdescription>
    <detaileddescription>
    </detaileddescription>
    <location file="C:/Users/elena/Documents/NetBeansProjects/BibliotecaInDS/src/main/java/com/mycompany/bibliotecainds/service/CatalogoService.java" line="14" column="15"/>
  </compounddef>
</doxygen>
